DEBUG - 2025-04-02 01:01:11 --> Session: Class initialized using 'CodeIgniter\Session\Handlers\FileHandler' driver.
DEBUG - 2025-04-02 01:02:15 --> Session: Class initialized using 'CodeIgniter\Session\Handlers\FileHandler' driver.
DEBUG - 2025-04-02 01:02:19 --> Session: Class initialized using 'CodeIgniter\Session\Handlers\FileHandler' driver.
DEBUG - 2025-04-02 01:02:44 --> Session: Class initialized using 'CodeIgniter\Session\Handlers\FileHandler' driver.
CRITICAL - 2025-04-02 01:02:44 --> ErrorException: Undefined property: App\Controllers\SurveyController::$surveyModel
[Method: POST, Route: survey/save]
in APPPATH\Controllers\SurveyController.php on line 39.
 1 APPPATH\Controllers\SurveyController.php(39): CodeIgniter\Debug\Exceptions->errorHandler(2, 'Undefined property: App\\Controllers\\SurveyController::$surveyModel', 'C:\\xampp\\htdocs\\dostx_cssv3\\app\\Controllers\\SurveyController.php', 39)
 2 SYSTEMPATH\CodeIgniter.php(933): App\Controllers\SurveyController->save()
 3 SYSTEMPATH\CodeIgniter.php(507): CodeIgniter\CodeIgniter->runController(Object(App\Controllers\SurveyController))
 4 SYSTEMPATH\CodeIgniter.php(354): CodeIgniter\CodeIgniter->handleRequest(null, Object(Config\Cache), false)
 5 SYSTEMPATH\Boot.php(334): CodeIgniter\CodeIgniter->run()
 6 SYSTEMPATH\Boot.php(67): CodeIgniter\Boot::runCodeIgniter(Object(CodeIgniter\CodeIgniter))
 7 FCPATH\index.php(56): CodeIgniter\Boot::bootWeb(Object(Config\Paths))
DEBUG - 2025-04-02 01:03:39 --> Session: Class initialized using 'CodeIgniter\Session\Handlers\FileHandler' driver.
CRITICAL - 2025-04-02 01:03:39 --> ErrorException: Undefined property: App\Controllers\SurveyController::$input
[Method: POST, Route: survey/save]
in APPPATH\Controllers\SurveyController.php on line 41.
 1 APPPATH\Controllers\SurveyController.php(41): CodeIgniter\Debug\Exceptions->errorHandler(2, 'Undefined property: App\\Controllers\\SurveyController::$input', 'C:\\xampp\\htdocs\\dostx_cssv3\\app\\Controllers\\SurveyController.php', 41)
 2 SYSTEMPATH\CodeIgniter.php(933): App\Controllers\SurveyController->save()
 3 SYSTEMPATH\CodeIgniter.php(507): CodeIgniter\CodeIgniter->runController(Object(App\Controllers\SurveyController))
 4 SYSTEMPATH\CodeIgniter.php(354): CodeIgniter\CodeIgniter->handleRequest(null, Object(Config\Cache), false)
 5 SYSTEMPATH\Boot.php(334): CodeIgniter\CodeIgniter->run()
 6 SYSTEMPATH\Boot.php(67): CodeIgniter\Boot::runCodeIgniter(Object(CodeIgniter\CodeIgniter))
 7 FCPATH\index.php(56): CodeIgniter\Boot::bootWeb(Object(Config\Paths))
DEBUG - 2025-04-02 01:03:58 --> Session: Class initialized using 'CodeIgniter\Session\Handlers\FileHandler' driver.
CRITICAL - 2025-04-02 01:03:58 --> ErrorException: Undefined property: App\Controllers\SurveyController::$input
[Method: POST, Route: survey/save]
in APPPATH\Controllers\SurveyController.php on line 41.
 1 APPPATH\Controllers\SurveyController.php(41): CodeIgniter\Debug\Exceptions->errorHandler(2, 'Undefined property: App\\Controllers\\SurveyController::$input', 'C:\\xampp\\htdocs\\dostx_cssv3\\app\\Controllers\\SurveyController.php', 41)
 2 SYSTEMPATH\CodeIgniter.php(933): App\Controllers\SurveyController->save()
 3 SYSTEMPATH\CodeIgniter.php(507): CodeIgniter\CodeIgniter->runController(Object(App\Controllers\SurveyController))
 4 SYSTEMPATH\CodeIgniter.php(354): CodeIgniter\CodeIgniter->handleRequest(null, Object(Config\Cache), false)
 5 SYSTEMPATH\Boot.php(334): CodeIgniter\CodeIgniter->run()
 6 SYSTEMPATH\Boot.php(67): CodeIgniter\Boot::runCodeIgniter(Object(CodeIgniter\CodeIgniter))
 7 FCPATH\index.php(56): CodeIgniter\Boot::bootWeb(Object(Config\Paths))
DEBUG - 2025-04-02 01:04:16 --> Session: Class initialized using 'CodeIgniter\Session\Handlers\FileHandler' driver.
DEBUG - 2025-04-02 01:04:30 --> Session: Class initialized using 'CodeIgniter\Session\Handlers\FileHandler' driver.
DEBUG - 2025-04-02 01:05:43 --> Session: Class initialized using 'CodeIgniter\Session\Handlers\FileHandler' driver.
CRITICAL - 2025-04-02 01:05:43 --> ErrorException: Undefined array key "date"
[Method: POST, Route: survey/save]
in APPPATH\Controllers\SurveyController.php on line 45.
 1 APPPATH\Controllers\SurveyController.php(45): CodeIgniter\Debug\Exceptions->errorHandler(2, 'Undefined array key "date"', 'C:\\xampp\\htdocs\\dostx_cssv3\\app\\Controllers\\SurveyController.php', 45)
 2 SYSTEMPATH\CodeIgniter.php(933): App\Controllers\SurveyController->save()
 3 SYSTEMPATH\CodeIgniter.php(507): CodeIgniter\CodeIgniter->runController(Object(App\Controllers\SurveyController))
 4 SYSTEMPATH\CodeIgniter.php(354): CodeIgniter\CodeIgniter->handleRequest(null, Object(Config\Cache), false)
 5 SYSTEMPATH\Boot.php(334): CodeIgniter\CodeIgniter->run()
 6 SYSTEMPATH\Boot.php(67): CodeIgniter\Boot::runCodeIgniter(Object(CodeIgniter\CodeIgniter))
 7 FCPATH\index.php(56): CodeIgniter\Boot::bootWeb(Object(Config\Paths))
DEBUG - 2025-04-02 01:06:15 --> Session: Class initialized using 'CodeIgniter\Session\Handlers\FileHandler' driver.
DEBUG - 2025-04-02 01:06:33 --> Session: Class initialized using 'CodeIgniter\Session\Handlers\FileHandler' driver.
CRITICAL - 2025-04-02 01:06:33 --> ErrorException: Undefined array key "date"
[Method: POST, Route: survey/save]
in APPPATH\Controllers\SurveyController.php on line 45.
 1 APPPATH\Controllers\SurveyController.php(45): CodeIgniter\Debug\Exceptions->errorHandler(2, 'Undefined array key "date"', 'C:\\xampp\\htdocs\\dostx_cssv3\\app\\Controllers\\SurveyController.php', 45)
 2 SYSTEMPATH\CodeIgniter.php(933): App\Controllers\SurveyController->save()
 3 SYSTEMPATH\CodeIgniter.php(507): CodeIgniter\CodeIgniter->runController(Object(App\Controllers\SurveyController))
 4 SYSTEMPATH\CodeIgniter.php(354): CodeIgniter\CodeIgniter->handleRequest(null, Object(Config\Cache), false)
 5 SYSTEMPATH\Boot.php(334): CodeIgniter\CodeIgniter->run()
 6 SYSTEMPATH\Boot.php(67): CodeIgniter\Boot::runCodeIgniter(Object(CodeIgniter\CodeIgniter))
 7 FCPATH\index.php(56): CodeIgniter\Boot::bootWeb(Object(Config\Paths))
DEBUG - 2025-04-02 01:07:01 --> Session: Class initialized using 'CodeIgniter\Session\Handlers\FileHandler' driver.
DEBUG - 2025-04-02 01:07:51 --> Session: Class initialized using 'CodeIgniter\Session\Handlers\FileHandler' driver.
DEBUG - 2025-04-02 01:08:19 --> Session: Class initialized using 'CodeIgniter\Session\Handlers\FileHandler' driver.
DEBUG - 2025-04-02 01:08:32 --> Session: Class initialized using 'CodeIgniter\Session\Handlers\FileHandler' driver.
DEBUG - 2025-04-02 01:09:19 --> Session: Class initialized using 'CodeIgniter\Session\Handlers\FileHandler' driver.
DEBUG - 2025-04-02 01:10:17 --> Session: Class initialized using 'CodeIgniter\Session\Handlers\FileHandler' driver.
CRITICAL - 2025-04-02 01:10:17 --> CodeIgniter\View\Exceptions\ViewException: Invalid file: "survey/thank-you.php"
[Method: GET, Route: thank-you]
in SYSTEMPATH\Exceptions\FrameworkException.php on line 39.
 1 SYSTEMPATH\View\View.php(212): CodeIgniter\Exceptions\FrameworkException::forInvalidFile('survey/thank-you.php')
 2 SYSTEMPATH\Common.php(1173): CodeIgniter\View\View->render('survey/thank-you', [], true)
 3 APPPATH\Controllers\SurveyController.php(119): view('survey/thank-you')
 4 SYSTEMPATH\CodeIgniter.php(933): App\Controllers\SurveyController->thank_you()
 5 SYSTEMPATH\CodeIgniter.php(507): CodeIgniter\CodeIgniter->runController(Object(App\Controllers\SurveyController))
 6 SYSTEMPATH\CodeIgniter.php(354): CodeIgniter\CodeIgniter->handleRequest(null, Object(Config\Cache), false)
 7 SYSTEMPATH\Boot.php(334): CodeIgniter\CodeIgniter->run()
 8 SYSTEMPATH\Boot.php(67): CodeIgniter\Boot::runCodeIgniter(Object(CodeIgniter\CodeIgniter))
 9 FCPATH\index.php(56): CodeIgniter\Boot::bootWeb(Object(Config\Paths))
DEBUG - 2025-04-02 01:10:47 --> Session: Class initialized using 'CodeIgniter\Session\Handlers\FileHandler' driver.
DEBUG - 2025-04-02 01:10:51 --> Session: Class initialized using 'CodeIgniter\Session\Handlers\FileHandler' driver.
DEBUG - 2025-04-02 01:17:26 --> Session: Class initialized using 'CodeIgniter\Session\Handlers\FileHandler' driver.
DEBUG - 2025-04-02 01:17:26 --> Session: Class initialized using 'CodeIgniter\Session\Handlers\FileHandler' driver.
DEBUG - 2025-04-02 01:17:48 --> Session: Class initialized using 'CodeIgniter\Session\Handlers\FileHandler' driver.
CRITICAL - 2025-04-02 01:21:47 --> Error: Class "App\Controllers\HomeModel" not found
[Method: GET, Route: login]
in APPPATH\Controllers\HomeController.php on line 11.
 1 SYSTEMPATH\CodeIgniter.php(903): App\Controllers\HomeController->__construct()
 2 SYSTEMPATH\CodeIgniter.php(498): CodeIgniter\CodeIgniter->createController()
 3 SYSTEMPATH\CodeIgniter.php(354): CodeIgniter\CodeIgniter->handleRequest(null, Object(Config\Cache), false)
 4 SYSTEMPATH\Boot.php(334): CodeIgniter\CodeIgniter->run()
 5 SYSTEMPATH\Boot.php(67): CodeIgniter\Boot::runCodeIgniter(Object(CodeIgniter\CodeIgniter))
 6 FCPATH\index.php(56): CodeIgniter\Boot::bootWeb(Object(Config\Paths))
DEBUG - 2025-04-02 01:22:41 --> Session: Class initialized using 'CodeIgniter\Session\Handlers\FileHandler' driver.
CRITICAL - 2025-04-02 01:22:41 --> CodeIgniter\View\Exceptions\ViewException: Invalid file: "login.php"
[Method: GET, Route: login]
in SYSTEMPATH\Exceptions\FrameworkException.php on line 39.
 1 SYSTEMPATH\View\View.php(212): CodeIgniter\Exceptions\FrameworkException::forInvalidFile('login.php')
 2 SYSTEMPATH\Common.php(1173): CodeIgniter\View\View->render('login', [], true)
 3 APPPATH\Controllers\HomeController.php(56): view('login')
 4 SYSTEMPATH\CodeIgniter.php(933): App\Controllers\HomeController->login()
 5 SYSTEMPATH\CodeIgniter.php(507): CodeIgniter\CodeIgniter->runController(Object(App\Controllers\HomeController))
 6 SYSTEMPATH\CodeIgniter.php(354): CodeIgniter\CodeIgniter->handleRequest(null, Object(Config\Cache), false)
 7 SYSTEMPATH\Boot.php(334): CodeIgniter\CodeIgniter->run()
 8 SYSTEMPATH\Boot.php(67): CodeIgniter\Boot::runCodeIgniter(Object(CodeIgniter\CodeIgniter))
 9 FCPATH\index.php(56): CodeIgniter\Boot::bootWeb(Object(Config\Paths))
DEBUG - 2025-04-02 01:22:52 --> Session: Class initialized using 'CodeIgniter\Session\Handlers\FileHandler' driver.
CRITICAL - 2025-04-02 01:22:52 --> CodeIgniter\View\Exceptions\ViewException: Invalid file: "login.php"
[Method: GET, Route: login]
in SYSTEMPATH\Exceptions\FrameworkException.php on line 39.
 1 SYSTEMPATH\View\View.php(212): CodeIgniter\Exceptions\FrameworkException::forInvalidFile('login.php')
 2 SYSTEMPATH\Common.php(1173): CodeIgniter\View\View->render('login', [], true)
 3 APPPATH\Controllers\HomeController.php(56): view('login')
 4 SYSTEMPATH\CodeIgniter.php(933): App\Controllers\HomeController->login()
 5 SYSTEMPATH\CodeIgniter.php(507): CodeIgniter\CodeIgniter->runController(Object(App\Controllers\HomeController))
 6 SYSTEMPATH\CodeIgniter.php(354): CodeIgniter\CodeIgniter->handleRequest(null, Object(Config\Cache), false)
 7 SYSTEMPATH\Boot.php(334): CodeIgniter\CodeIgniter->run()
 8 SYSTEMPATH\Boot.php(67): CodeIgniter\Boot::runCodeIgniter(Object(CodeIgniter\CodeIgniter))
 9 FCPATH\index.php(56): CodeIgniter\Boot::bootWeb(Object(Config\Paths))
DEBUG - 2025-04-02 01:23:12 --> Session: Class initialized using 'CodeIgniter\Session\Handlers\FileHandler' driver.
CRITICAL - 2025-04-02 01:23:12 --> ErrorException: Undefined property: CodeIgniter\View\View::$session
[Method: GET, Route: login]
in APPPATH\Views\login.php on line 36.
 1 APPPATH\Views\login.php(36): CodeIgniter\Debug\Exceptions->errorHandler(2, 'Undefined property: CodeIgniter\\View\\View::$session', 'C:\\xampp\\htdocs\\dostx_cssv3\\app\\Views\\login.php', 36)
 2 SYSTEMPATH\View\View.php(224): include('C:\\xampp\\htdocs\\dostx_cssv3\\app\\Views\\login.php')
 3 SYSTEMPATH\View\View.php(227): CodeIgniter\View\View->CodeIgniter\View\{closure}()
 4 SYSTEMPATH\Common.php(1173): CodeIgniter\View\View->render('login', [], true)
 5 APPPATH\Controllers\HomeController.php(56): view('login')
 6 SYSTEMPATH\CodeIgniter.php(933): App\Controllers\HomeController->login()
 7 SYSTEMPATH\CodeIgniter.php(507): CodeIgniter\CodeIgniter->runController(Object(App\Controllers\HomeController))
 8 SYSTEMPATH\CodeIgniter.php(354): CodeIgniter\CodeIgniter->handleRequest(null, Object(Config\Cache), false)
 9 SYSTEMPATH\Boot.php(334): CodeIgniter\CodeIgniter->run()
10 SYSTEMPATH\Boot.php(67): CodeIgniter\Boot::runCodeIgniter(Object(CodeIgniter\CodeIgniter))
11 FCPATH\index.php(56): CodeIgniter\Boot::bootWeb(Object(Config\Paths))
DEBUG - 2025-04-02 01:23:49 --> Session: Class initialized using 'CodeIgniter\Session\Handlers\FileHandler' driver.
CRITICAL - 2025-04-02 01:23:49 --> ErrorException: Undefined property: CodeIgniter\View\View::$session
[Method: GET, Route: login]
in APPPATH\Views\login.php on line 36.
 1 APPPATH\Views\login.php(36): CodeIgniter\Debug\Exceptions->errorHandler(2, 'Undefined property: CodeIgniter\\View\\View::$session', 'C:\\xampp\\htdocs\\dostx_cssv3\\app\\Views\\login.php', 36)
 2 SYSTEMPATH\View\View.php(224): include('C:\\xampp\\htdocs\\dostx_cssv3\\app\\Views\\login.php')
 3 SYSTEMPATH\View\View.php(227): CodeIgniter\View\View->CodeIgniter\View\{closure}()
 4 SYSTEMPATH\Common.php(1173): CodeIgniter\View\View->render('login', [], true)
 5 APPPATH\Controllers\HomeController.php(56): view('login')
 6 SYSTEMPATH\CodeIgniter.php(933): App\Controllers\HomeController->login()
 7 SYSTEMPATH\CodeIgniter.php(507): CodeIgniter\CodeIgniter->runController(Object(App\Controllers\HomeController))
 8 SYSTEMPATH\CodeIgniter.php(354): CodeIgniter\CodeIgniter->handleRequest(null, Object(Config\Cache), false)
 9 SYSTEMPATH\Boot.php(334): CodeIgniter\CodeIgniter->run()
10 SYSTEMPATH\Boot.php(67): CodeIgniter\Boot::runCodeIgniter(Object(CodeIgniter\CodeIgniter))
11 FCPATH\index.php(56): CodeIgniter\Boot::bootWeb(Object(Config\Paths))
DEBUG - 2025-04-02 01:24:26 --> Session: Class initialized using 'CodeIgniter\Session\Handlers\FileHandler' driver.
CRITICAL - 2025-04-02 01:24:26 --> ErrorException: Undefined property: CodeIgniter\View\View::$session
[Method: GET, Route: login]
in APPPATH\Views\login.php on line 36.
 1 APPPATH\Views\login.php(36): CodeIgniter\Debug\Exceptions->errorHandler(2, 'Undefined property: CodeIgniter\\View\\View::$session', 'C:\\xampp\\htdocs\\dostx_cssv3\\app\\Views\\login.php', 36)
 2 SYSTEMPATH\View\View.php(224): include('C:\\xampp\\htdocs\\dostx_cssv3\\app\\Views\\login.php')
 3 SYSTEMPATH\View\View.php(227): CodeIgniter\View\View->CodeIgniter\View\{closure}()
 4 SYSTEMPATH\Common.php(1173): CodeIgniter\View\View->render('login', [], true)
 5 APPPATH\Controllers\HomeController.php(56): view('login')
 6 SYSTEMPATH\CodeIgniter.php(933): App\Controllers\HomeController->login()
 7 SYSTEMPATH\CodeIgniter.php(507): CodeIgniter\CodeIgniter->runController(Object(App\Controllers\HomeController))
 8 SYSTEMPATH\CodeIgniter.php(354): CodeIgniter\CodeIgniter->handleRequest(null, Object(Config\Cache), false)
 9 SYSTEMPATH\Boot.php(334): CodeIgniter\CodeIgniter->run()
10 SYSTEMPATH\Boot.php(67): CodeIgniter\Boot::runCodeIgniter(Object(CodeIgniter\CodeIgniter))
11 FCPATH\index.php(56): CodeIgniter\Boot::bootWeb(Object(Config\Paths))
DEBUG - 2025-04-02 01:24:36 --> Session: Class initialized using 'CodeIgniter\Session\Handlers\FileHandler' driver.
CRITICAL - 2025-04-02 01:24:36 --> ErrorException: Undefined property: CodeIgniter\View\View::$session
[Method: GET, Route: login]
in APPPATH\Views\login.php on line 36.
 1 APPPATH\Views\login.php(36): CodeIgniter\Debug\Exceptions->errorHandler(2, 'Undefined property: CodeIgniter\\View\\View::$session', 'C:\\xampp\\htdocs\\dostx_cssv3\\app\\Views\\login.php', 36)
 2 SYSTEMPATH\View\View.php(224): include('C:\\xampp\\htdocs\\dostx_cssv3\\app\\Views\\login.php')
 3 SYSTEMPATH\View\View.php(227): CodeIgniter\View\View->CodeIgniter\View\{closure}()
 4 SYSTEMPATH\Common.php(1173): CodeIgniter\View\View->render('login', [], true)
 5 APPPATH\Controllers\HomeController.php(56): view('login')
 6 SYSTEMPATH\CodeIgniter.php(933): App\Controllers\HomeController->login()
 7 SYSTEMPATH\CodeIgniter.php(507): CodeIgniter\CodeIgniter->runController(Object(App\Controllers\HomeController))
 8 SYSTEMPATH\CodeIgniter.php(354): CodeIgniter\CodeIgniter->handleRequest(null, Object(Config\Cache), false)
 9 SYSTEMPATH\Boot.php(334): CodeIgniter\CodeIgniter->run()
10 SYSTEMPATH\Boot.php(67): CodeIgniter\Boot::runCodeIgniter(Object(CodeIgniter\CodeIgniter))
11 FCPATH\index.php(56): CodeIgniter\Boot::bootWeb(Object(Config\Paths))
DEBUG - 2025-04-02 01:24:45 --> Session: Class initialized using 'CodeIgniter\Session\Handlers\FileHandler' driver.
CRITICAL - 2025-04-02 01:24:45 --> ErrorException: Undefined property: CodeIgniter\View\View::$session
[Method: GET, Route: login]
in APPPATH\Views\login.php on line 36.
 1 APPPATH\Views\login.php(36): CodeIgniter\Debug\Exceptions->errorHandler(2, 'Undefined property: CodeIgniter\\View\\View::$session', 'C:\\xampp\\htdocs\\dostx_cssv3\\app\\Views\\login.php', 36)
 2 SYSTEMPATH\View\View.php(224): include('C:\\xampp\\htdocs\\dostx_cssv3\\app\\Views\\login.php')
 3 SYSTEMPATH\View\View.php(227): CodeIgniter\View\View->CodeIgniter\View\{closure}()
 4 SYSTEMPATH\Common.php(1173): CodeIgniter\View\View->render('login', [], true)
 5 APPPATH\Controllers\HomeController.php(56): view('login')
 6 SYSTEMPATH\CodeIgniter.php(933): App\Controllers\HomeController->login()
 7 SYSTEMPATH\CodeIgniter.php(507): CodeIgniter\CodeIgniter->runController(Object(App\Controllers\HomeController))
 8 SYSTEMPATH\CodeIgniter.php(354): CodeIgniter\CodeIgniter->handleRequest(null, Object(Config\Cache), false)
 9 SYSTEMPATH\Boot.php(334): CodeIgniter\CodeIgniter->run()
10 SYSTEMPATH\Boot.php(67): CodeIgniter\Boot::runCodeIgniter(Object(CodeIgniter\CodeIgniter))
11 FCPATH\index.php(56): CodeIgniter\Boot::bootWeb(Object(Config\Paths))
DEBUG - 2025-04-02 01:25:02 --> Session: Class initialized using 'CodeIgniter\Session\Handlers\FileHandler' driver.
CRITICAL - 2025-04-02 01:25:02 --> ErrorException: Undefined property: CodeIgniter\View\View::$session
[Method: GET, Route: login]
in APPPATH\Views\login.php on line 36.
 1 APPPATH\Views\login.php(36): CodeIgniter\Debug\Exceptions->errorHandler(2, 'Undefined property: CodeIgniter\\View\\View::$session', 'C:\\xampp\\htdocs\\dostx_cssv3\\app\\Views\\login.php', 36)
 2 SYSTEMPATH\View\View.php(224): include('C:\\xampp\\htdocs\\dostx_cssv3\\app\\Views\\login.php')
 3 SYSTEMPATH\View\View.php(227): CodeIgniter\View\View->CodeIgniter\View\{closure}()
 4 SYSTEMPATH\Common.php(1173): CodeIgniter\View\View->render('login', [], true)
 5 APPPATH\Controllers\HomeController.php(56): view('login')
 6 SYSTEMPATH\CodeIgniter.php(933): App\Controllers\HomeController->login()
 7 SYSTEMPATH\CodeIgniter.php(507): CodeIgniter\CodeIgniter->runController(Object(App\Controllers\HomeController))
 8 SYSTEMPATH\CodeIgniter.php(354): CodeIgniter\CodeIgniter->handleRequest(null, Object(Config\Cache), false)
 9 SYSTEMPATH\Boot.php(334): CodeIgniter\CodeIgniter->run()
10 SYSTEMPATH\Boot.php(67): CodeIgniter\Boot::runCodeIgniter(Object(CodeIgniter\CodeIgniter))
11 FCPATH\index.php(56): CodeIgniter\Boot::bootWeb(Object(Config\Paths))
DEBUG - 2025-04-02 01:25:04 --> Session: Class initialized using 'CodeIgniter\Session\Handlers\FileHandler' driver.
CRITICAL - 2025-04-02 01:25:04 --> ErrorException: Undefined property: CodeIgniter\View\View::$session
[Method: GET, Route: login]
in APPPATH\Views\login.php on line 36.
 1 APPPATH\Views\login.php(36): CodeIgniter\Debug\Exceptions->errorHandler(2, 'Undefined property: CodeIgniter\\View\\View::$session', 'C:\\xampp\\htdocs\\dostx_cssv3\\app\\Views\\login.php', 36)
 2 SYSTEMPATH\View\View.php(224): include('C:\\xampp\\htdocs\\dostx_cssv3\\app\\Views\\login.php')
 3 SYSTEMPATH\View\View.php(227): CodeIgniter\View\View->CodeIgniter\View\{closure}()
 4 SYSTEMPATH\Common.php(1173): CodeIgniter\View\View->render('login', [], true)
 5 APPPATH\Controllers\HomeController.php(56): view('login')
 6 SYSTEMPATH\CodeIgniter.php(933): App\Controllers\HomeController->login()
 7 SYSTEMPATH\CodeIgniter.php(507): CodeIgniter\CodeIgniter->runController(Object(App\Controllers\HomeController))
 8 SYSTEMPATH\CodeIgniter.php(354): CodeIgniter\CodeIgniter->handleRequest(null, Object(Config\Cache), false)
 9 SYSTEMPATH\Boot.php(334): CodeIgniter\CodeIgniter->run()
10 SYSTEMPATH\Boot.php(67): CodeIgniter\Boot::runCodeIgniter(Object(CodeIgniter\CodeIgniter))
11 FCPATH\index.php(56): CodeIgniter\Boot::bootWeb(Object(Config\Paths))
DEBUG - 2025-04-02 01:25:31 --> Session: Class initialized using 'CodeIgniter\Session\Handlers\FileHandler' driver.
DEBUG - 2025-04-02 01:25:38 --> Session: Class initialized using 'CodeIgniter\Session\Handlers\FileHandler' driver.
DEBUG - 2025-04-02 01:25:48 --> Session: Class initialized using 'CodeIgniter\Session\Handlers\FileHandler' driver.
DEBUG - 2025-04-02 01:26:24 --> Session: Class initialized using 'CodeIgniter\Session\Handlers\FileHandler' driver.
DEBUG - 2025-04-02 01:26:26 --> Session: Class initialized using 'CodeIgniter\Session\Handlers\FileHandler' driver.
DEBUG - 2025-04-02 01:27:01 --> Session: Class initialized using 'CodeIgniter\Session\Handlers\FileHandler' driver.
DEBUG - 2025-04-02 01:27:03 --> Session: Class initialized using 'CodeIgniter\Session\Handlers\FileHandler' driver.
DEBUG - 2025-04-02 01:27:11 --> Session: Class initialized using 'CodeIgniter\Session\Handlers\FileHandler' driver.
DEBUG - 2025-04-02 01:27:37 --> Session: Class initialized using 'CodeIgniter\Session\Handlers\FileHandler' driver.
DEBUG - 2025-04-02 01:27:42 --> Session: Class initialized using 'CodeIgniter\Session\Handlers\FileHandler' driver.
DEBUG - 2025-04-02 01:27:46 --> Session: Class initialized using 'CodeIgniter\Session\Handlers\FileHandler' driver.
DEBUG - 2025-04-02 01:27:59 --> Session: Class initialized using 'CodeIgniter\Session\Handlers\FileHandler' driver.
DEBUG - 2025-04-02 01:27:59 --> Session: Class initialized using 'CodeIgniter\Session\Handlers\FileHandler' driver.
DEBUG - 2025-04-02 01:28:02 --> Session: Class initialized using 'CodeIgniter\Session\Handlers\FileHandler' driver.
DEBUG - 2025-04-02 01:28:10 --> Session: Class initialized using 'CodeIgniter\Session\Handlers\FileHandler' driver.
DEBUG - 2025-04-02 01:30:38 --> Session: Class initialized using 'CodeIgniter\Session\Handlers\FileHandler' driver.
DEBUG - 2025-04-02 01:30:45 --> Session: Class initialized using 'CodeIgniter\Session\Handlers\FileHandler' driver.
DEBUG - 2025-04-02 01:30:47 --> Session: Class initialized using 'CodeIgniter\Session\Handlers\FileHandler' driver.
DEBUG - 2025-04-02 01:30:49 --> Session: Class initialized using 'CodeIgniter\Session\Handlers\FileHandler' driver.
DEBUG - 2025-04-02 01:31:02 --> Session: Class initialized using 'CodeIgniter\Session\Handlers\FileHandler' driver.
DEBUG - 2025-04-02 01:31:29 --> Session: Class initialized using 'CodeIgniter\Session\Handlers\FileHandler' driver.
DEBUG - 2025-04-02 01:31:31 --> Session: Class initialized using 'CodeIgniter\Session\Handlers\FileHandler' driver.
DEBUG - 2025-04-02 01:31:35 --> Session: Class initialized using 'CodeIgniter\Session\Handlers\FileHandler' driver.
DEBUG - 2025-04-02 01:32:29 --> Session: Class initialized using 'CodeIgniter\Session\Handlers\FileHandler' driver.
DEBUG - 2025-04-02 01:33:32 --> Session: Class initialized using 'CodeIgniter\Session\Handlers\FileHandler' driver.
DEBUG - 2025-04-02 01:33:42 --> Session: Class initialized using 'CodeIgniter\Session\Handlers\FileHandler' driver.
DEBUG - 2025-04-02 01:34:11 --> Session: Class initialized using 'CodeIgniter\Session\Handlers\FileHandler' driver.
DEBUG - 2025-04-02 01:35:11 --> Session: Class initialized using 'CodeIgniter\Session\Handlers\FileHandler' driver.
DEBUG - 2025-04-02 01:35:56 --> Session: Class initialized using 'CodeIgniter\Session\Handlers\FileHandler' driver.
CRITICAL - 2025-04-02 01:35:56 --> ErrorException: Trying to access array offset on value of type int
[Method: POST, Route: login]
in APPPATH\Controllers\HomeController.php on line 63.
 1 APPPATH\Controllers\HomeController.php(63): CodeIgniter\Debug\Exceptions->errorHandler(2, 'Trying to access array offset on value of type int', 'C:\\xampp\\htdocs\\dostx_cssv3\\app\\Controllers\\HomeController.php', 63)
 2 SYSTEMPATH\CodeIgniter.php(933): App\Controllers\HomeController->login()
 3 SYSTEMPATH\CodeIgniter.php(507): CodeIgniter\CodeIgniter->runController(Object(App\Controllers\HomeController))
 4 SYSTEMPATH\CodeIgniter.php(354): CodeIgniter\CodeIgniter->handleRequest(null, Object(Config\Cache), false)
 5 SYSTEMPATH\Boot.php(334): CodeIgniter\CodeIgniter->run()
 6 SYSTEMPATH\Boot.php(67): CodeIgniter\Boot::runCodeIgniter(Object(CodeIgniter\CodeIgniter))
 7 FCPATH\index.php(56): CodeIgniter\Boot::bootWeb(Object(Config\Paths))
DEBUG - 2025-04-02 01:36:16 --> Session: Class initialized using 'CodeIgniter\Session\Handlers\FileHandler' driver.
DEBUG - 2025-04-02 01:38:20 --> Session: Class initialized using 'CodeIgniter\Session\Handlers\FileHandler' driver.
DEBUG - 2025-04-02 01:38:26 --> Session: Class initialized using 'CodeIgniter\Session\Handlers\FileHandler' driver.
CRITICAL - 2025-04-02 01:57:45 --> ErrorException: Namespace declaration statement has to be the very first statement or after any declare call in the script
[Method: GET, Route: reports/responses]
in APPPATH\Controllers\ReportsController.php on line 4.
 1 [internal function]: CodeIgniter\Debug\Exceptions->shutdownHandler()
CRITICAL - 2025-04-02 01:57:56 --> ErrorException: Namespace declaration statement has to be the very first statement or after any declare call in the script
[Method: GET, Route: reports/responses]
in APPPATH\Controllers\ReportsController.php on line 5.
 1 [internal function]: CodeIgniter\Debug\Exceptions->shutdownHandler()
CRITICAL - 2025-04-02 01:57:59 --> ErrorException: Namespace declaration statement has to be the very first statement or after any declare call in the script
[Method: GET, Route: reports/responses]
in APPPATH\Controllers\ReportsController.php on line 4.
 1 [internal function]: CodeIgniter\Debug\Exceptions->shutdownHandler()
CRITICAL - 2025-04-02 01:58:30 --> ErrorException: Namespace declaration statement has to be the very first statement or after any declare call in the script
[Method: GET, Route: reports/responses]
in APPPATH\Controllers\ReportsController.php on line 4.
 1 [internal function]: CodeIgniter\Debug\Exceptions->shutdownHandler()
CRITICAL - 2025-04-02 01:59:02 --> ErrorException: Namespace declaration statement has to be the very first statement or after any declare call in the script
[Method: GET, Route: reports/responses]
in APPPATH\Models\ReportsModel.php on line 4.
 1 [internal function]: CodeIgniter\Debug\Exceptions->shutdownHandler()
CRITICAL - 2025-04-02 01:59:11 --> ErrorException: Namespace declaration statement has to be the very first statement or after any declare call in the script
[Method: GET, Route: reports/responses]
in APPPATH\Models\ReportsModel.php on line 5.
 1 [internal function]: CodeIgniter\Debug\Exceptions->shutdownHandler()
DEBUG - 2025-04-02 01:59:26 --> Session: Class initialized using 'CodeIgniter\Session\Handlers\FileHandler' driver.
CRITICAL - 2025-04-02 01:59:26 --> CodeIgniter\Database\Exceptions\DatabaseException: You must set the database table to be used with your query.
[Method: GET, Route: reports/responses]
in SYSTEMPATH\Database\BaseConnection.php on line 941.
 1 SYSTEMPATH\Model.php(714): CodeIgniter\Database\BaseConnection->table(null)
 2 SYSTEMPATH\Model.php(920): CodeIgniter\Model->builder()
 3 APPPATH\Controllers\ReportsController.php(28): CodeIgniter\Model->__call('get_responses', [...])
 4 SYSTEMPATH\CodeIgniter.php(933): App\Controllers\ReportsController->responses()
 5 SYSTEMPATH\CodeIgniter.php(507): CodeIgniter\CodeIgniter->runController(Object(App\Controllers\ReportsController))
 6 SYSTEMPATH\CodeIgniter.php(354): CodeIgniter\CodeIgniter->handleRequest(null, Object(Config\Cache), false)
 7 SYSTEMPATH\Boot.php(334): CodeIgniter\CodeIgniter->run()
 8 SYSTEMPATH\Boot.php(67): CodeIgniter\Boot::runCodeIgniter(Object(CodeIgniter\CodeIgniter))
 9 FCPATH\index.php(56): CodeIgniter\Boot::bootWeb(Object(Config\Paths))
DEBUG - 2025-04-02 02:01:00 --> Session: Class initialized using 'CodeIgniter\Session\Handlers\FileHandler' driver.
DEBUG - 2025-04-02 02:01:15 --> Session: Class initialized using 'CodeIgniter\Session\Handlers\FileHandler' driver.
DEBUG - 2025-04-02 02:01:33 --> Session: Class initialized using 'CodeIgniter\Session\Handlers\FileHandler' driver.
DEBUG - 2025-04-02 02:01:39 --> Session: Class initialized using 'CodeIgniter\Session\Handlers\FileHandler' driver.
DEBUG - 2025-04-02 02:01:40 --> Session: Class initialized using 'CodeIgniter\Session\Handlers\FileHandler' driver.
DEBUG - 2025-04-02 02:01:47 --> Session: Class initialized using 'CodeIgniter\Session\Handlers\FileHandler' driver.
DEBUG - 2025-04-02 02:01:55 --> Session: Class initialized using 'CodeIgniter\Session\Handlers\FileHandler' driver.
CRITICAL - 2025-04-02 02:01:55 --> CodeIgniter\Database\Exceptions\DatabaseException: You must set the database table to be used with your query.
[Method: GET, Route: reports/responses]
in SYSTEMPATH\Database\BaseConnection.php on line 941.
 1 SYSTEMPATH\Model.php(714): CodeIgniter\Database\BaseConnection->table(null)
 2 SYSTEMPATH\Model.php(920): CodeIgniter\Model->builder()
 3 APPPATH\Controllers\ReportsController.php(32): CodeIgniter\Model->__call('get_responses', [...])
 4 SYSTEMPATH\CodeIgniter.php(933): App\Controllers\ReportsController->responses()
 5 SYSTEMPATH\CodeIgniter.php(507): CodeIgniter\CodeIgniter->runController(Object(App\Controllers\ReportsController))
 6 SYSTEMPATH\CodeIgniter.php(354): CodeIgniter\CodeIgniter->handleRequest(null, Object(Config\Cache), false)
 7 SYSTEMPATH\Boot.php(334): CodeIgniter\CodeIgniter->run()
 8 SYSTEMPATH\Boot.php(67): CodeIgniter\Boot::runCodeIgniter(Object(CodeIgniter\CodeIgniter))
 9 FCPATH\index.php(56): CodeIgniter\Boot::bootWeb(Object(Config\Paths))
DEBUG - 2025-04-02 02:02:42 --> Session: Class initialized using 'CodeIgniter\Session\Handlers\FileHandler' driver.
CRITICAL - 2025-04-02 02:02:42 --> Error: Call to undefined method CodeIgniter\Database\MySQLi\Connection::from()
[Method: GET, Route: reports/responses]
in APPPATH\Models\ReportsModel.php on line 63.
 1 APPPATH\Controllers\ReportsController.php(32): App\Models\ReportsModel->get_responses([...])
 2 SYSTEMPATH\CodeIgniter.php(933): App\Controllers\ReportsController->responses()
 3 SYSTEMPATH\CodeIgniter.php(507): CodeIgniter\CodeIgniter->runController(Object(App\Controllers\ReportsController))
 4 SYSTEMPATH\CodeIgniter.php(354): CodeIgniter\CodeIgniter->handleRequest(null, Object(Config\Cache), false)
 5 SYSTEMPATH\Boot.php(334): CodeIgniter\CodeIgniter->run()
 6 SYSTEMPATH\Boot.php(67): CodeIgniter\Boot::runCodeIgniter(Object(CodeIgniter\CodeIgniter))
 7 FCPATH\index.php(56): CodeIgniter\Boot::bootWeb(Object(Config\Paths))
DEBUG - 2025-04-02 02:03:04 --> Session: Class initialized using 'CodeIgniter\Session\Handlers\FileHandler' driver.
ERROR - 2025-04-02 02:03:04 --> mysqli_sql_exception: Not unique table/alias: 'css' in C:\xampp\htdocs\dostx_cssv3\system\Database\MySQLi\Connection.php:327
Stack trace:
#0 C:\xampp\htdocs\dostx_cssv3\system\Database\MySQLi\Connection.php(327): mysqli->query('SELECT `css`.`c...', 0)
#1 C:\xampp\htdocs\dostx_cssv3\system\Database\BaseConnection.php(738): CodeIgniter\Database\MySQLi\Connection->execute('SELECT `css`.`c...')
#2 C:\xampp\htdocs\dostx_cssv3\system\Database\BaseConnection.php(652): CodeIgniter\Database\BaseConnection->simpleQuery('SELECT `css`.`c...')
#3 C:\xampp\htdocs\dostx_cssv3\system\Database\BaseBuilder.php(1649): CodeIgniter\Database\BaseConnection->query('SELECT `css`.`c...', Array, false)
#4 C:\xampp\htdocs\dostx_cssv3\app\Models\ReportsModel.php(86): CodeIgniter\Database\BaseBuilder->get()
#5 C:\xampp\htdocs\dostx_cssv3\app\Controllers\ReportsController.php(32): App\Models\ReportsModel->get_responses(Array)
#6 C:\xampp\htdocs\dostx_cssv3\system\CodeIgniter.php(933): App\Controllers\ReportsController->responses()
#7 C:\xampp\htdocs\dostx_cssv3\system\CodeIgniter.php(507): CodeIgniter\CodeIgniter->runController(Object(App\Controllers\ReportsController))
#8 C:\xampp\htdocs\dostx_cssv3\system\CodeIgniter.php(354): CodeIgniter\CodeIgniter->handleRequest(NULL, Object(Config\Cache), false)
#9 C:\xampp\htdocs\dostx_cssv3\system\Boot.php(334): CodeIgniter\CodeIgniter->run()
#10 C:\xampp\htdocs\dostx_cssv3\system\Boot.php(67): CodeIgniter\Boot::runCodeIgniter(Object(CodeIgniter\CodeIgniter))
#11 C:\xampp\htdocs\dostx_cssv3\index.php(56): CodeIgniter\Boot::bootWeb(Object(Config\Paths))
#12 {main}
CRITICAL - 2025-04-02 02:03:04 --> CodeIgniter\Database\Exceptions\DatabaseException: Not unique table/alias: 'css'
[Method: GET, Route: reports/responses]
in SYSTEMPATH\Database\BaseConnection.php on line 692.
 1 SYSTEMPATH\Database\BaseBuilder.php(1649): CodeIgniter\Database\BaseConnection->query('SELECT `css`.`csssummaryid`, `css`.`officeid`, `css`.`quarterid`, `css`.`servicesid`, `css`.`dost_personnel`, `css`.`clienttypeid`, `css`.`name` AS `summary_name`, `css`.`date` AS `summary_date`, `css`.`sex` AS `summary_sex`, `css`.`age` AS `summary_age`, `css`.`vul_sector` AS `summary_vul_sector`, `css`.`address` AS `summary_address`, `css`.`dost_info` AS `summary_dost_info`, `css`.`year` AS `summary_year`, `css`.`date_created` AS `summary_date_created`, `cc`.`cssdetailsccid`, `cc`.`cc1`, `cc`.`cc2`, `cc`.`cc3`, `sqd`.`cssdetailssqd`, `sqd`.`sqd0`, `sqd`.`sqd1`, `sqd`.`sqd2`, `sqd`.`sqd3`, `sqd`.`sqd4`, `sqd`.`sqd5`, `sqd`.`sqd6`, `sqd`.`sqd7`, `sqd`.`sqd8`, `sqd`.`email` AS `sqd_email`, `sqd`.`suggestions`, `office`.`name` AS `office_name`, `quarters`.`quarter` AS `quarter_name`, `clienttype`.`name` AS `client_type_name`, `services`.`name` AS `service_name`, `services`.`unit` AS `service_unit`, `services`.`is_external` AS `service_is_external`, `services`.`is_active` AS `service_is_active`, `services`.`is_cc` AS `service_is_cc`
FROM (`tblcss_summary` `css`, `tblcss_summary` `css`)
LEFT JOIN `tblcss_details_cc` `cc` ON `css`.`csssummaryid` = `cc`.`csssummaryid`
LEFT JOIN `tblcss_details_sqd` `sqd` ON `css`.`csssummaryid` = `sqd`.`csssummaryid`
LEFT JOIN `tbloffice` `office` ON `css`.`officeid` = `office`.`officeid`
LEFT JOIN `tblquarters` `quarters` ON `css`.`quarterid` = `quarters`.`quarterid`
LEFT JOIN `tblclienttype` `clienttype` ON `css`.`clienttypeid` = `clienttype`.`clienttypeid`
LEFT JOIN `tblservices` `services` ON `css`.`servicesid` = `services`.`servicesid`
LEFT JOIN `tblservices` `services` ON `css`.`servicesid` = `services`.`servicesid`
WHERE `css`.`year` = :css.year:
AND `css`.`quarterid` = :css.quarterid:
ORDER BY `css`.`date_created` DESC', [...], false)
 2 APPPATH\Models\ReportsModel.php(86): CodeIgniter\Database\BaseBuilder->get()
 3 APPPATH\Controllers\ReportsController.php(32): App\Models\ReportsModel->get_responses([...])
 4 SYSTEMPATH\CodeIgniter.php(933): App\Controllers\ReportsController->responses()
 5 SYSTEMPATH\CodeIgniter.php(507): CodeIgniter\CodeIgniter->runController(Object(App\Controllers\ReportsController))
 6 SYSTEMPATH\CodeIgniter.php(354): CodeIgniter\CodeIgniter->handleRequest(null, Object(Config\Cache), false)
 7 SYSTEMPATH\Boot.php(334): CodeIgniter\CodeIgniter->run()
 8 SYSTEMPATH\Boot.php(67): CodeIgniter\Boot::runCodeIgniter(Object(CodeIgniter\CodeIgniter))
 9 FCPATH\index.php(56): CodeIgniter\Boot::bootWeb(Object(Config\Paths))
CRITICAL - 2025-04-02 02:03:04 --> [Caused by] CodeIgniter\Database\Exceptions\DatabaseException: Not unique table/alias: 'css'
in SYSTEMPATH\Database\MySQLi\Connection.php on line 332.
 1 SYSTEMPATH\Database\BaseConnection.php(738): CodeIgniter\Database\MySQLi\Connection->execute('SELECT `css`.`csssummaryid`, `css`.`officeid`, `css`.`quarterid`, `css`.`servicesid`, `css`.`dost_personnel`, `css`.`clienttypeid`, `css`.`name` AS `summary_name`, `css`.`date` AS `summary_date`, `css`.`sex` AS `summary_sex`, `css`.`age` AS `summary_age`, `css`.`vul_sector` AS `summary_vul_sector`, `css`.`address` AS `summary_address`, `css`.`dost_info` AS `summary_dost_info`, `css`.`year` AS `summary_year`, `css`.`date_created` AS `summary_date_created`, `cc`.`cssdetailsccid`, `cc`.`cc1`, `cc`.`cc2`, `cc`.`cc3`, `sqd`.`cssdetailssqd`, `sqd`.`sqd0`, `sqd`.`sqd1`, `sqd`.`sqd2`, `sqd`.`sqd3`, `sqd`.`sqd4`, `sqd`.`sqd5`, `sqd`.`sqd6`, `sqd`.`sqd7`, `sqd`.`sqd8`, `sqd`.`email` AS `sqd_email`, `sqd`.`suggestions`, `office`.`name` AS `office_name`, `quarters`.`quarter` AS `quarter_name`, `clienttype`.`name` AS `client_type_name`, `services`.`name` AS `service_name`, `services`.`unit` AS `service_unit`, `services`.`is_external` AS `service_is_external`, `services`.`is_active` AS `service_is_active`, `services`.`is_cc` AS `service_is_cc`
FROM (`tblcss_summary` `css`, `tblcss_summary` `css`)
LEFT JOIN `tblcss_details_cc` `cc` ON `css`.`csssummaryid` = `cc`.`csssummaryid`
LEFT JOIN `tblcss_details_sqd` `sqd` ON `css`.`csssummaryid` = `sqd`.`csssummaryid`
LEFT JOIN `tbloffice` `office` ON `css`.`officeid` = `office`.`officeid`
LEFT JOIN `tblquarters` `quarters` ON `css`.`quarterid` = `quarters`.`quarterid`
LEFT JOIN `tblclienttype` `clienttype` ON `css`.`clienttypeid` = `clienttype`.`clienttypeid`
LEFT JOIN `tblservices` `services` ON `css`.`servicesid` = `services`.`servicesid`
LEFT JOIN `tblservices` `services` ON `css`.`servicesid` = `services`.`servicesid`
WHERE `css`.`year` = \'2025\'
AND `css`.`quarterid` = \'2\'
ORDER BY `css`.`date_created` DESC')
 2 SYSTEMPATH\Database\BaseConnection.php(652): CodeIgniter\Database\BaseConnection->simpleQuery('SELECT `css`.`csssummaryid`, `css`.`officeid`, `css`.`quarterid`, `css`.`servicesid`, `css`.`dost_personnel`, `css`.`clienttypeid`, `css`.`name` AS `summary_name`, `css`.`date` AS `summary_date`, `css`.`sex` AS `summary_sex`, `css`.`age` AS `summary_age`, `css`.`vul_sector` AS `summary_vul_sector`, `css`.`address` AS `summary_address`, `css`.`dost_info` AS `summary_dost_info`, `css`.`year` AS `summary_year`, `css`.`date_created` AS `summary_date_created`, `cc`.`cssdetailsccid`, `cc`.`cc1`, `cc`.`cc2`, `cc`.`cc3`, `sqd`.`cssdetailssqd`, `sqd`.`sqd0`, `sqd`.`sqd1`, `sqd`.`sqd2`, `sqd`.`sqd3`, `sqd`.`sqd4`, `sqd`.`sqd5`, `sqd`.`sqd6`, `sqd`.`sqd7`, `sqd`.`sqd8`, `sqd`.`email` AS `sqd_email`, `sqd`.`suggestions`, `office`.`name` AS `office_name`, `quarters`.`quarter` AS `quarter_name`, `clienttype`.`name` AS `client_type_name`, `services`.`name` AS `service_name`, `services`.`unit` AS `service_unit`, `services`.`is_external` AS `service_is_external`, `services`.`is_active` AS `service_is_active`, `services`.`is_cc` AS `service_is_cc`
FROM (`tblcss_summary` `css`, `tblcss_summary` `css`)
LEFT JOIN `tblcss_details_cc` `cc` ON `css`.`csssummaryid` = `cc`.`csssummaryid`
LEFT JOIN `tblcss_details_sqd` `sqd` ON `css`.`csssummaryid` = `sqd`.`csssummaryid`
LEFT JOIN `tbloffice` `office` ON `css`.`officeid` = `office`.`officeid`
LEFT JOIN `tblquarters` `quarters` ON `css`.`quarterid` = `quarters`.`quarterid`
LEFT JOIN `tblclienttype` `clienttype` ON `css`.`clienttypeid` = `clienttype`.`clienttypeid`
LEFT JOIN `tblservices` `services` ON `css`.`servicesid` = `services`.`servicesid`
LEFT JOIN `tblservices` `services` ON `css`.`servicesid` = `services`.`servicesid`
WHERE `css`.`year` = \'2025\'
AND `css`.`quarterid` = \'2\'
ORDER BY `css`.`date_created` DESC')
 3 SYSTEMPATH\Database\BaseBuilder.php(1649): CodeIgniter\Database\BaseConnection->query('SELECT `css`.`csssummaryid`, `css`.`officeid`, `css`.`quarterid`, `css`.`servicesid`, `css`.`dost_personnel`, `css`.`clienttypeid`, `css`.`name` AS `summary_name`, `css`.`date` AS `summary_date`, `css`.`sex` AS `summary_sex`, `css`.`age` AS `summary_age`, `css`.`vul_sector` AS `summary_vul_sector`, `css`.`address` AS `summary_address`, `css`.`dost_info` AS `summary_dost_info`, `css`.`year` AS `summary_year`, `css`.`date_created` AS `summary_date_created`, `cc`.`cssdetailsccid`, `cc`.`cc1`, `cc`.`cc2`, `cc`.`cc3`, `sqd`.`cssdetailssqd`, `sqd`.`sqd0`, `sqd`.`sqd1`, `sqd`.`sqd2`, `sqd`.`sqd3`, `sqd`.`sqd4`, `sqd`.`sqd5`, `sqd`.`sqd6`, `sqd`.`sqd7`, `sqd`.`sqd8`, `sqd`.`email` AS `sqd_email`, `sqd`.`suggestions`, `office`.`name` AS `office_name`, `quarters`.`quarter` AS `quarter_name`, `clienttype`.`name` AS `client_type_name`, `services`.`name` AS `service_name`, `services`.`unit` AS `service_unit`, `services`.`is_external` AS `service_is_external`, `services`.`is_active` AS `service_is_active`, `services`.`is_cc` AS `service_is_cc`
FROM (`tblcss_summary` `css`, `tblcss_summary` `css`)
LEFT JOIN `tblcss_details_cc` `cc` ON `css`.`csssummaryid` = `cc`.`csssummaryid`
LEFT JOIN `tblcss_details_sqd` `sqd` ON `css`.`csssummaryid` = `sqd`.`csssummaryid`
LEFT JOIN `tbloffice` `office` ON `css`.`officeid` = `office`.`officeid`
LEFT JOIN `tblquarters` `quarters` ON `css`.`quarterid` = `quarters`.`quarterid`
LEFT JOIN `tblclienttype` `clienttype` ON `css`.`clienttypeid` = `clienttype`.`clienttypeid`
LEFT JOIN `tblservices` `services` ON `css`.`servicesid` = `services`.`servicesid`
LEFT JOIN `tblservices` `services` ON `css`.`servicesid` = `services`.`servicesid`
WHERE `css`.`year` = :css.year:
AND `css`.`quarterid` = :css.quarterid:
ORDER BY `css`.`date_created` DESC', [...], false)
 4 APPPATH\Models\ReportsModel.php(86): CodeIgniter\Database\BaseBuilder->get()
 5 APPPATH\Controllers\ReportsController.php(32): App\Models\ReportsModel->get_responses([...])
 6 SYSTEMPATH\CodeIgniter.php(933): App\Controllers\ReportsController->responses()
 7 SYSTEMPATH\CodeIgniter.php(507): CodeIgniter\CodeIgniter->runController(Object(App\Controllers\ReportsController))
 8 SYSTEMPATH\CodeIgniter.php(354): CodeIgniter\CodeIgniter->handleRequest(null, Object(Config\Cache), false)
 9 SYSTEMPATH\Boot.php(334): CodeIgniter\CodeIgniter->run()
10 SYSTEMPATH\Boot.php(67): CodeIgniter\Boot::runCodeIgniter(Object(CodeIgniter\CodeIgniter))
11 FCPATH\index.php(56): CodeIgniter\Boot::bootWeb(Object(Config\Paths))
CRITICAL - 2025-04-02 02:03:04 --> [Caused by] mysqli_sql_exception: Not unique table/alias: 'css'
in SYSTEMPATH\Database\MySQLi\Connection.php on line 327.
 1 SYSTEMPATH\Database\MySQLi\Connection.php(327): mysqli->query('SELECT `css`.`csssummaryid`, `css`.`officeid`, `css`.`quarterid`, `css`.`servicesid`, `css`.`dost_personnel`, `css`.`clienttypeid`, `css`.`name` AS `summary_name`, `css`.`date` AS `summary_date`, `css`.`sex` AS `summary_sex`, `css`.`age` AS `summary_age`, `css`.`vul_sector` AS `summary_vul_sector`, `css`.`address` AS `summary_address`, `css`.`dost_info` AS `summary_dost_info`, `css`.`year` AS `summary_year`, `css`.`date_created` AS `summary_date_created`, `cc`.`cssdetailsccid`, `cc`.`cc1`, `cc`.`cc2`, `cc`.`cc3`, `sqd`.`cssdetailssqd`, `sqd`.`sqd0`, `sqd`.`sqd1`, `sqd`.`sqd2`, `sqd`.`sqd3`, `sqd`.`sqd4`, `sqd`.`sqd5`, `sqd`.`sqd6`, `sqd`.`sqd7`, `sqd`.`sqd8`, `sqd`.`email` AS `sqd_email`, `sqd`.`suggestions`, `office`.`name` AS `office_name`, `quarters`.`quarter` AS `quarter_name`, `clienttype`.`name` AS `client_type_name`, `services`.`name` AS `service_name`, `services`.`unit` AS `service_unit`, `services`.`is_external` AS `service_is_external`, `services`.`is_active` AS `service_is_active`, `services`.`is_cc` AS `service_is_cc`
FROM (`tblcss_summary` `css`, `tblcss_summary` `css`)
LEFT JOIN `tblcss_details_cc` `cc` ON `css`.`csssummaryid` = `cc`.`csssummaryid`
LEFT JOIN `tblcss_details_sqd` `sqd` ON `css`.`csssummaryid` = `sqd`.`csssummaryid`
LEFT JOIN `tbloffice` `office` ON `css`.`officeid` = `office`.`officeid`
LEFT JOIN `tblquarters` `quarters` ON `css`.`quarterid` = `quarters`.`quarterid`
LEFT JOIN `tblclienttype` `clienttype` ON `css`.`clienttypeid` = `clienttype`.`clienttypeid`
LEFT JOIN `tblservices` `services` ON `css`.`servicesid` = `services`.`servicesid`
LEFT JOIN `tblservices` `services` ON `css`.`servicesid` = `services`.`servicesid`
WHERE `css`.`year` = \'2025\'
AND `css`.`quarterid` = \'2\'
ORDER BY `css`.`date_created` DESC', 0)
 2 SYSTEMPATH\Database\BaseConnection.php(738): CodeIgniter\Database\MySQLi\Connection->execute('SELECT `css`.`csssummaryid`, `css`.`officeid`, `css`.`quarterid`, `css`.`servicesid`, `css`.`dost_personnel`, `css`.`clienttypeid`, `css`.`name` AS `summary_name`, `css`.`date` AS `summary_date`, `css`.`sex` AS `summary_sex`, `css`.`age` AS `summary_age`, `css`.`vul_sector` AS `summary_vul_sector`, `css`.`address` AS `summary_address`, `css`.`dost_info` AS `summary_dost_info`, `css`.`year` AS `summary_year`, `css`.`date_created` AS `summary_date_created`, `cc`.`cssdetailsccid`, `cc`.`cc1`, `cc`.`cc2`, `cc`.`cc3`, `sqd`.`cssdetailssqd`, `sqd`.`sqd0`, `sqd`.`sqd1`, `sqd`.`sqd2`, `sqd`.`sqd3`, `sqd`.`sqd4`, `sqd`.`sqd5`, `sqd`.`sqd6`, `sqd`.`sqd7`, `sqd`.`sqd8`, `sqd`.`email` AS `sqd_email`, `sqd`.`suggestions`, `office`.`name` AS `office_name`, `quarters`.`quarter` AS `quarter_name`, `clienttype`.`name` AS `client_type_name`, `services`.`name` AS `service_name`, `services`.`unit` AS `service_unit`, `services`.`is_external` AS `service_is_external`, `services`.`is_active` AS `service_is_active`, `services`.`is_cc` AS `service_is_cc`
FROM (`tblcss_summary` `css`, `tblcss_summary` `css`)
LEFT JOIN `tblcss_details_cc` `cc` ON `css`.`csssummaryid` = `cc`.`csssummaryid`
LEFT JOIN `tblcss_details_sqd` `sqd` ON `css`.`csssummaryid` = `sqd`.`csssummaryid`
LEFT JOIN `tbloffice` `office` ON `css`.`officeid` = `office`.`officeid`
LEFT JOIN `tblquarters` `quarters` ON `css`.`quarterid` = `quarters`.`quarterid`
LEFT JOIN `tblclienttype` `clienttype` ON `css`.`clienttypeid` = `clienttype`.`clienttypeid`
LEFT JOIN `tblservices` `services` ON `css`.`servicesid` = `services`.`servicesid`
LEFT JOIN `tblservices` `services` ON `css`.`servicesid` = `services`.`servicesid`
WHERE `css`.`year` = \'2025\'
AND `css`.`quarterid` = \'2\'
ORDER BY `css`.`date_created` DESC')
 3 SYSTEMPATH\Database\BaseConnection.php(652): CodeIgniter\Database\BaseConnection->simpleQuery('SELECT `css`.`csssummaryid`, `css`.`officeid`, `css`.`quarterid`, `css`.`servicesid`, `css`.`dost_personnel`, `css`.`clienttypeid`, `css`.`name` AS `summary_name`, `css`.`date` AS `summary_date`, `css`.`sex` AS `summary_sex`, `css`.`age` AS `summary_age`, `css`.`vul_sector` AS `summary_vul_sector`, `css`.`address` AS `summary_address`, `css`.`dost_info` AS `summary_dost_info`, `css`.`year` AS `summary_year`, `css`.`date_created` AS `summary_date_created`, `cc`.`cssdetailsccid`, `cc`.`cc1`, `cc`.`cc2`, `cc`.`cc3`, `sqd`.`cssdetailssqd`, `sqd`.`sqd0`, `sqd`.`sqd1`, `sqd`.`sqd2`, `sqd`.`sqd3`, `sqd`.`sqd4`, `sqd`.`sqd5`, `sqd`.`sqd6`, `sqd`.`sqd7`, `sqd`.`sqd8`, `sqd`.`email` AS `sqd_email`, `sqd`.`suggestions`, `office`.`name` AS `office_name`, `quarters`.`quarter` AS `quarter_name`, `clienttype`.`name` AS `client_type_name`, `services`.`name` AS `service_name`, `services`.`unit` AS `service_unit`, `services`.`is_external` AS `service_is_external`, `services`.`is_active` AS `service_is_active`, `services`.`is_cc` AS `service_is_cc`
FROM (`tblcss_summary` `css`, `tblcss_summary` `css`)
LEFT JOIN `tblcss_details_cc` `cc` ON `css`.`csssummaryid` = `cc`.`csssummaryid`
LEFT JOIN `tblcss_details_sqd` `sqd` ON `css`.`csssummaryid` = `sqd`.`csssummaryid`
LEFT JOIN `tbloffice` `office` ON `css`.`officeid` = `office`.`officeid`
LEFT JOIN `tblquarters` `quarters` ON `css`.`quarterid` = `quarters`.`quarterid`
LEFT JOIN `tblclienttype` `clienttype` ON `css`.`clienttypeid` = `clienttype`.`clienttypeid`
LEFT JOIN `tblservices` `services` ON `css`.`servicesid` = `services`.`servicesid`
LEFT JOIN `tblservices` `services` ON `css`.`servicesid` = `services`.`servicesid`
WHERE `css`.`year` = \'2025\'
AND `css`.`quarterid` = \'2\'
ORDER BY `css`.`date_created` DESC')
 4 SYSTEMPATH\Database\BaseBuilder.php(1649): CodeIgniter\Database\BaseConnection->query('SELECT `css`.`csssummaryid`, `css`.`officeid`, `css`.`quarterid`, `css`.`servicesid`, `css`.`dost_personnel`, `css`.`clienttypeid`, `css`.`name` AS `summary_name`, `css`.`date` AS `summary_date`, `css`.`sex` AS `summary_sex`, `css`.`age` AS `summary_age`, `css`.`vul_sector` AS `summary_vul_sector`, `css`.`address` AS `summary_address`, `css`.`dost_info` AS `summary_dost_info`, `css`.`year` AS `summary_year`, `css`.`date_created` AS `summary_date_created`, `cc`.`cssdetailsccid`, `cc`.`cc1`, `cc`.`cc2`, `cc`.`cc3`, `sqd`.`cssdetailssqd`, `sqd`.`sqd0`, `sqd`.`sqd1`, `sqd`.`sqd2`, `sqd`.`sqd3`, `sqd`.`sqd4`, `sqd`.`sqd5`, `sqd`.`sqd6`, `sqd`.`sqd7`, `sqd`.`sqd8`, `sqd`.`email` AS `sqd_email`, `sqd`.`suggestions`, `office`.`name` AS `office_name`, `quarters`.`quarter` AS `quarter_name`, `clienttype`.`name` AS `client_type_name`, `services`.`name` AS `service_name`, `services`.`unit` AS `service_unit`, `services`.`is_external` AS `service_is_external`, `services`.`is_active` AS `service_is_active`, `services`.`is_cc` AS `service_is_cc`
FROM (`tblcss_summary` `css`, `tblcss_summary` `css`)
LEFT JOIN `tblcss_details_cc` `cc` ON `css`.`csssummaryid` = `cc`.`csssummaryid`
LEFT JOIN `tblcss_details_sqd` `sqd` ON `css`.`csssummaryid` = `sqd`.`csssummaryid`
LEFT JOIN `tbloffice` `office` ON `css`.`officeid` = `office`.`officeid`
LEFT JOIN `tblquarters` `quarters` ON `css`.`quarterid` = `quarters`.`quarterid`
LEFT JOIN `tblclienttype` `clienttype` ON `css`.`clienttypeid` = `clienttype`.`clienttypeid`
LEFT JOIN `tblservices` `services` ON `css`.`servicesid` = `services`.`servicesid`
LEFT JOIN `tblservices` `services` ON `css`.`servicesid` = `services`.`servicesid`
WHERE `css`.`year` = :css.year:
AND `css`.`quarterid` = :css.quarterid:
ORDER BY `css`.`date_created` DESC', [...], false)
 5 APPPATH\Models\ReportsModel.php(86): CodeIgniter\Database\BaseBuilder->get()
 6 APPPATH\Controllers\ReportsController.php(32): App\Models\ReportsModel->get_responses([...])
 7 SYSTEMPATH\CodeIgniter.php(933): App\Controllers\ReportsController->responses()
 8 SYSTEMPATH\CodeIgniter.php(507): CodeIgniter\CodeIgniter->runController(Object(App\Controllers\ReportsController))
 9 SYSTEMPATH\CodeIgniter.php(354): CodeIgniter\CodeIgniter->handleRequest(null, Object(Config\Cache), false)
10 SYSTEMPATH\Boot.php(334): CodeIgniter\CodeIgniter->run()
11 SYSTEMPATH\Boot.php(67): CodeIgniter\Boot::runCodeIgniter(Object(CodeIgniter\CodeIgniter))
12 FCPATH\index.php(56): CodeIgniter\Boot::bootWeb(Object(Config\Paths))
DEBUG - 2025-04-02 02:03:20 --> Session: Class initialized using 'CodeIgniter\Session\Handlers\FileHandler' driver.
ERROR - 2025-04-02 02:03:20 --> mysqli_sql_exception: Not unique table/alias: 'css' in C:\xampp\htdocs\dostx_cssv3\system\Database\MySQLi\Connection.php:327
Stack trace:
#0 C:\xampp\htdocs\dostx_cssv3\system\Database\MySQLi\Connection.php(327): mysqli->query('SELECT `css`.`c...', 0)
#1 C:\xampp\htdocs\dostx_cssv3\system\Database\BaseConnection.php(738): CodeIgniter\Database\MySQLi\Connection->execute('SELECT `css`.`c...')
#2 C:\xampp\htdocs\dostx_cssv3\system\Database\BaseConnection.php(652): CodeIgniter\Database\BaseConnection->simpleQuery('SELECT `css`.`c...')
#3 C:\xampp\htdocs\dostx_cssv3\system\Database\BaseBuilder.php(1649): CodeIgniter\Database\BaseConnection->query('SELECT `css`.`c...', Array, false)
#4 C:\xampp\htdocs\dostx_cssv3\app\Models\ReportsModel.php(86): CodeIgniter\Database\BaseBuilder->get()
#5 C:\xampp\htdocs\dostx_cssv3\app\Controllers\ReportsController.php(32): App\Models\ReportsModel->get_responses(Array)
#6 C:\xampp\htdocs\dostx_cssv3\system\CodeIgniter.php(933): App\Controllers\ReportsController->responses()
#7 C:\xampp\htdocs\dostx_cssv3\system\CodeIgniter.php(507): CodeIgniter\CodeIgniter->runController(Object(App\Controllers\ReportsController))
#8 C:\xampp\htdocs\dostx_cssv3\system\CodeIgniter.php(354): CodeIgniter\CodeIgniter->handleRequest(NULL, Object(Config\Cache), false)
#9 C:\xampp\htdocs\dostx_cssv3\system\Boot.php(334): CodeIgniter\CodeIgniter->run()
#10 C:\xampp\htdocs\dostx_cssv3\system\Boot.php(67): CodeIgniter\Boot::runCodeIgniter(Object(CodeIgniter\CodeIgniter))
#11 C:\xampp\htdocs\dostx_cssv3\index.php(56): CodeIgniter\Boot::bootWeb(Object(Config\Paths))
#12 {main}
CRITICAL - 2025-04-02 02:03:20 --> CodeIgniter\Database\Exceptions\DatabaseException: Not unique table/alias: 'css'
[Method: GET, Route: reports/responses]
in SYSTEMPATH\Database\BaseConnection.php on line 692.
 1 SYSTEMPATH\Database\BaseBuilder.php(1649): CodeIgniter\Database\BaseConnection->query('SELECT `css`.`csssummaryid`, `css`.`officeid`, `css`.`quarterid`, `css`.`servicesid`, `css`.`dost_personnel`, `css`.`clienttypeid`, `css`.`name` AS `summary_name`, `css`.`date` AS `summary_date`, `css`.`sex` AS `summary_sex`, `css`.`age` AS `summary_age`, `css`.`vul_sector` AS `summary_vul_sector`, `css`.`address` AS `summary_address`, `css`.`dost_info` AS `summary_dost_info`, `css`.`year` AS `summary_year`, `css`.`date_created` AS `summary_date_created`, `cc`.`cssdetailsccid`, `cc`.`cc1`, `cc`.`cc2`, `cc`.`cc3`, `sqd`.`cssdetailssqd`, `sqd`.`sqd0`, `sqd`.`sqd1`, `sqd`.`sqd2`, `sqd`.`sqd3`, `sqd`.`sqd4`, `sqd`.`sqd5`, `sqd`.`sqd6`, `sqd`.`sqd7`, `sqd`.`sqd8`, `sqd`.`email` AS `sqd_email`, `sqd`.`suggestions`, `office`.`name` AS `office_name`, `quarters`.`quarter` AS `quarter_name`, `clienttype`.`name` AS `client_type_name`, `services`.`name` AS `service_name`, `services`.`unit` AS `service_unit`, `services`.`is_external` AS `service_is_external`, `services`.`is_active` AS `service_is_active`, `services`.`is_cc` AS `service_is_cc`
FROM (`tblcss_summary` as `css`, `tblcss_summary` `css`)
LEFT JOIN `tblcss_details_cc` `cc` ON `css`.`csssummaryid` = `cc`.`csssummaryid`
LEFT JOIN `tblcss_details_sqd` `sqd` ON `css`.`csssummaryid` = `sqd`.`csssummaryid`
LEFT JOIN `tbloffice` `office` ON `css`.`officeid` = `office`.`officeid`
LEFT JOIN `tblquarters` `quarters` ON `css`.`quarterid` = `quarters`.`quarterid`
LEFT JOIN `tblclienttype` `clienttype` ON `css`.`clienttypeid` = `clienttype`.`clienttypeid`
LEFT JOIN `tblservices` `services` ON `css`.`servicesid` = `services`.`servicesid`
LEFT JOIN `tblservices` `services` ON `css`.`servicesid` = `services`.`servicesid`
WHERE `css`.`year` = :css.year:
AND `css`.`quarterid` = :css.quarterid:
ORDER BY `css`.`date_created` DESC', [...], false)
 2 APPPATH\Models\ReportsModel.php(86): CodeIgniter\Database\BaseBuilder->get()
 3 APPPATH\Controllers\ReportsController.php(32): App\Models\ReportsModel->get_responses([...])
 4 SYSTEMPATH\CodeIgniter.php(933): App\Controllers\ReportsController->responses()
 5 SYSTEMPATH\CodeIgniter.php(507): CodeIgniter\CodeIgniter->runController(Object(App\Controllers\ReportsController))
 6 SYSTEMPATH\CodeIgniter.php(354): CodeIgniter\CodeIgniter->handleRequest(null, Object(Config\Cache), false)
 7 SYSTEMPATH\Boot.php(334): CodeIgniter\CodeIgniter->run()
 8 SYSTEMPATH\Boot.php(67): CodeIgniter\Boot::runCodeIgniter(Object(CodeIgniter\CodeIgniter))
 9 FCPATH\index.php(56): CodeIgniter\Boot::bootWeb(Object(Config\Paths))
CRITICAL - 2025-04-02 02:03:20 --> [Caused by] CodeIgniter\Database\Exceptions\DatabaseException: Not unique table/alias: 'css'
in SYSTEMPATH\Database\MySQLi\Connection.php on line 332.
 1 SYSTEMPATH\Database\BaseConnection.php(738): CodeIgniter\Database\MySQLi\Connection->execute('SELECT `css`.`csssummaryid`, `css`.`officeid`, `css`.`quarterid`, `css`.`servicesid`, `css`.`dost_personnel`, `css`.`clienttypeid`, `css`.`name` AS `summary_name`, `css`.`date` AS `summary_date`, `css`.`sex` AS `summary_sex`, `css`.`age` AS `summary_age`, `css`.`vul_sector` AS `summary_vul_sector`, `css`.`address` AS `summary_address`, `css`.`dost_info` AS `summary_dost_info`, `css`.`year` AS `summary_year`, `css`.`date_created` AS `summary_date_created`, `cc`.`cssdetailsccid`, `cc`.`cc1`, `cc`.`cc2`, `cc`.`cc3`, `sqd`.`cssdetailssqd`, `sqd`.`sqd0`, `sqd`.`sqd1`, `sqd`.`sqd2`, `sqd`.`sqd3`, `sqd`.`sqd4`, `sqd`.`sqd5`, `sqd`.`sqd6`, `sqd`.`sqd7`, `sqd`.`sqd8`, `sqd`.`email` AS `sqd_email`, `sqd`.`suggestions`, `office`.`name` AS `office_name`, `quarters`.`quarter` AS `quarter_name`, `clienttype`.`name` AS `client_type_name`, `services`.`name` AS `service_name`, `services`.`unit` AS `service_unit`, `services`.`is_external` AS `service_is_external`, `services`.`is_active` AS `service_is_active`, `services`.`is_cc` AS `service_is_cc`
FROM (`tblcss_summary` as `css`, `tblcss_summary` `css`)
LEFT JOIN `tblcss_details_cc` `cc` ON `css`.`csssummaryid` = `cc`.`csssummaryid`
LEFT JOIN `tblcss_details_sqd` `sqd` ON `css`.`csssummaryid` = `sqd`.`csssummaryid`
LEFT JOIN `tbloffice` `office` ON `css`.`officeid` = `office`.`officeid`
LEFT JOIN `tblquarters` `quarters` ON `css`.`quarterid` = `quarters`.`quarterid`
LEFT JOIN `tblclienttype` `clienttype` ON `css`.`clienttypeid` = `clienttype`.`clienttypeid`
LEFT JOIN `tblservices` `services` ON `css`.`servicesid` = `services`.`servicesid`
LEFT JOIN `tblservices` `services` ON `css`.`servicesid` = `services`.`servicesid`
WHERE `css`.`year` = \'2025\'
AND `css`.`quarterid` = \'2\'
ORDER BY `css`.`date_created` DESC')
 2 SYSTEMPATH\Database\BaseConnection.php(652): CodeIgniter\Database\BaseConnection->simpleQuery('SELECT `css`.`csssummaryid`, `css`.`officeid`, `css`.`quarterid`, `css`.`servicesid`, `css`.`dost_personnel`, `css`.`clienttypeid`, `css`.`name` AS `summary_name`, `css`.`date` AS `summary_date`, `css`.`sex` AS `summary_sex`, `css`.`age` AS `summary_age`, `css`.`vul_sector` AS `summary_vul_sector`, `css`.`address` AS `summary_address`, `css`.`dost_info` AS `summary_dost_info`, `css`.`year` AS `summary_year`, `css`.`date_created` AS `summary_date_created`, `cc`.`cssdetailsccid`, `cc`.`cc1`, `cc`.`cc2`, `cc`.`cc3`, `sqd`.`cssdetailssqd`, `sqd`.`sqd0`, `sqd`.`sqd1`, `sqd`.`sqd2`, `sqd`.`sqd3`, `sqd`.`sqd4`, `sqd`.`sqd5`, `sqd`.`sqd6`, `sqd`.`sqd7`, `sqd`.`sqd8`, `sqd`.`email` AS `sqd_email`, `sqd`.`suggestions`, `office`.`name` AS `office_name`, `quarters`.`quarter` AS `quarter_name`, `clienttype`.`name` AS `client_type_name`, `services`.`name` AS `service_name`, `services`.`unit` AS `service_unit`, `services`.`is_external` AS `service_is_external`, `services`.`is_active` AS `service_is_active`, `services`.`is_cc` AS `service_is_cc`
FROM (`tblcss_summary` as `css`, `tblcss_summary` `css`)
LEFT JOIN `tblcss_details_cc` `cc` ON `css`.`csssummaryid` = `cc`.`csssummaryid`
LEFT JOIN `tblcss_details_sqd` `sqd` ON `css`.`csssummaryid` = `sqd`.`csssummaryid`
LEFT JOIN `tbloffice` `office` ON `css`.`officeid` = `office`.`officeid`
LEFT JOIN `tblquarters` `quarters` ON `css`.`quarterid` = `quarters`.`quarterid`
LEFT JOIN `tblclienttype` `clienttype` ON `css`.`clienttypeid` = `clienttype`.`clienttypeid`
LEFT JOIN `tblservices` `services` ON `css`.`servicesid` = `services`.`servicesid`
LEFT JOIN `tblservices` `services` ON `css`.`servicesid` = `services`.`servicesid`
WHERE `css`.`year` = \'2025\'
AND `css`.`quarterid` = \'2\'
ORDER BY `css`.`date_created` DESC')
 3 SYSTEMPATH\Database\BaseBuilder.php(1649): CodeIgniter\Database\BaseConnection->query('SELECT `css`.`csssummaryid`, `css`.`officeid`, `css`.`quarterid`, `css`.`servicesid`, `css`.`dost_personnel`, `css`.`clienttypeid`, `css`.`name` AS `summary_name`, `css`.`date` AS `summary_date`, `css`.`sex` AS `summary_sex`, `css`.`age` AS `summary_age`, `css`.`vul_sector` AS `summary_vul_sector`, `css`.`address` AS `summary_address`, `css`.`dost_info` AS `summary_dost_info`, `css`.`year` AS `summary_year`, `css`.`date_created` AS `summary_date_created`, `cc`.`cssdetailsccid`, `cc`.`cc1`, `cc`.`cc2`, `cc`.`cc3`, `sqd`.`cssdetailssqd`, `sqd`.`sqd0`, `sqd`.`sqd1`, `sqd`.`sqd2`, `sqd`.`sqd3`, `sqd`.`sqd4`, `sqd`.`sqd5`, `sqd`.`sqd6`, `sqd`.`sqd7`, `sqd`.`sqd8`, `sqd`.`email` AS `sqd_email`, `sqd`.`suggestions`, `office`.`name` AS `office_name`, `quarters`.`quarter` AS `quarter_name`, `clienttype`.`name` AS `client_type_name`, `services`.`name` AS `service_name`, `services`.`unit` AS `service_unit`, `services`.`is_external` AS `service_is_external`, `services`.`is_active` AS `service_is_active`, `services`.`is_cc` AS `service_is_cc`
FROM (`tblcss_summary` as `css`, `tblcss_summary` `css`)
LEFT JOIN `tblcss_details_cc` `cc` ON `css`.`csssummaryid` = `cc`.`csssummaryid`
LEFT JOIN `tblcss_details_sqd` `sqd` ON `css`.`csssummaryid` = `sqd`.`csssummaryid`
LEFT JOIN `tbloffice` `office` ON `css`.`officeid` = `office`.`officeid`
LEFT JOIN `tblquarters` `quarters` ON `css`.`quarterid` = `quarters`.`quarterid`
LEFT JOIN `tblclienttype` `clienttype` ON `css`.`clienttypeid` = `clienttype`.`clienttypeid`
LEFT JOIN `tblservices` `services` ON `css`.`servicesid` = `services`.`servicesid`
LEFT JOIN `tblservices` `services` ON `css`.`servicesid` = `services`.`servicesid`
WHERE `css`.`year` = :css.year:
AND `css`.`quarterid` = :css.quarterid:
ORDER BY `css`.`date_created` DESC', [...], false)
 4 APPPATH\Models\ReportsModel.php(86): CodeIgniter\Database\BaseBuilder->get()
 5 APPPATH\Controllers\ReportsController.php(32): App\Models\ReportsModel->get_responses([...])
 6 SYSTEMPATH\CodeIgniter.php(933): App\Controllers\ReportsController->responses()
 7 SYSTEMPATH\CodeIgniter.php(507): CodeIgniter\CodeIgniter->runController(Object(App\Controllers\ReportsController))
 8 SYSTEMPATH\CodeIgniter.php(354): CodeIgniter\CodeIgniter->handleRequest(null, Object(Config\Cache), false)
 9 SYSTEMPATH\Boot.php(334): CodeIgniter\CodeIgniter->run()
10 SYSTEMPATH\Boot.php(67): CodeIgniter\Boot::runCodeIgniter(Object(CodeIgniter\CodeIgniter))
11 FCPATH\index.php(56): CodeIgniter\Boot::bootWeb(Object(Config\Paths))
CRITICAL - 2025-04-02 02:03:20 --> [Caused by] mysqli_sql_exception: Not unique table/alias: 'css'
in SYSTEMPATH\Database\MySQLi\Connection.php on line 327.
 1 SYSTEMPATH\Database\MySQLi\Connection.php(327): mysqli->query('SELECT `css`.`csssummaryid`, `css`.`officeid`, `css`.`quarterid`, `css`.`servicesid`, `css`.`dost_personnel`, `css`.`clienttypeid`, `css`.`name` AS `summary_name`, `css`.`date` AS `summary_date`, `css`.`sex` AS `summary_sex`, `css`.`age` AS `summary_age`, `css`.`vul_sector` AS `summary_vul_sector`, `css`.`address` AS `summary_address`, `css`.`dost_info` AS `summary_dost_info`, `css`.`year` AS `summary_year`, `css`.`date_created` AS `summary_date_created`, `cc`.`cssdetailsccid`, `cc`.`cc1`, `cc`.`cc2`, `cc`.`cc3`, `sqd`.`cssdetailssqd`, `sqd`.`sqd0`, `sqd`.`sqd1`, `sqd`.`sqd2`, `sqd`.`sqd3`, `sqd`.`sqd4`, `sqd`.`sqd5`, `sqd`.`sqd6`, `sqd`.`sqd7`, `sqd`.`sqd8`, `sqd`.`email` AS `sqd_email`, `sqd`.`suggestions`, `office`.`name` AS `office_name`, `quarters`.`quarter` AS `quarter_name`, `clienttype`.`name` AS `client_type_name`, `services`.`name` AS `service_name`, `services`.`unit` AS `service_unit`, `services`.`is_external` AS `service_is_external`, `services`.`is_active` AS `service_is_active`, `services`.`is_cc` AS `service_is_cc`
FROM (`tblcss_summary` as `css`, `tblcss_summary` `css`)
LEFT JOIN `tblcss_details_cc` `cc` ON `css`.`csssummaryid` = `cc`.`csssummaryid`
LEFT JOIN `tblcss_details_sqd` `sqd` ON `css`.`csssummaryid` = `sqd`.`csssummaryid`
LEFT JOIN `tbloffice` `office` ON `css`.`officeid` = `office`.`officeid`
LEFT JOIN `tblquarters` `quarters` ON `css`.`quarterid` = `quarters`.`quarterid`
LEFT JOIN `tblclienttype` `clienttype` ON `css`.`clienttypeid` = `clienttype`.`clienttypeid`
LEFT JOIN `tblservices` `services` ON `css`.`servicesid` = `services`.`servicesid`
LEFT JOIN `tblservices` `services` ON `css`.`servicesid` = `services`.`servicesid`
WHERE `css`.`year` = \'2025\'
AND `css`.`quarterid` = \'2\'
ORDER BY `css`.`date_created` DESC', 0)
 2 SYSTEMPATH\Database\BaseConnection.php(738): CodeIgniter\Database\MySQLi\Connection->execute('SELECT `css`.`csssummaryid`, `css`.`officeid`, `css`.`quarterid`, `css`.`servicesid`, `css`.`dost_personnel`, `css`.`clienttypeid`, `css`.`name` AS `summary_name`, `css`.`date` AS `summary_date`, `css`.`sex` AS `summary_sex`, `css`.`age` AS `summary_age`, `css`.`vul_sector` AS `summary_vul_sector`, `css`.`address` AS `summary_address`, `css`.`dost_info` AS `summary_dost_info`, `css`.`year` AS `summary_year`, `css`.`date_created` AS `summary_date_created`, `cc`.`cssdetailsccid`, `cc`.`cc1`, `cc`.`cc2`, `cc`.`cc3`, `sqd`.`cssdetailssqd`, `sqd`.`sqd0`, `sqd`.`sqd1`, `sqd`.`sqd2`, `sqd`.`sqd3`, `sqd`.`sqd4`, `sqd`.`sqd5`, `sqd`.`sqd6`, `sqd`.`sqd7`, `sqd`.`sqd8`, `sqd`.`email` AS `sqd_email`, `sqd`.`suggestions`, `office`.`name` AS `office_name`, `quarters`.`quarter` AS `quarter_name`, `clienttype`.`name` AS `client_type_name`, `services`.`name` AS `service_name`, `services`.`unit` AS `service_unit`, `services`.`is_external` AS `service_is_external`, `services`.`is_active` AS `service_is_active`, `services`.`is_cc` AS `service_is_cc`
FROM (`tblcss_summary` as `css`, `tblcss_summary` `css`)
LEFT JOIN `tblcss_details_cc` `cc` ON `css`.`csssummaryid` = `cc`.`csssummaryid`
LEFT JOIN `tblcss_details_sqd` `sqd` ON `css`.`csssummaryid` = `sqd`.`csssummaryid`
LEFT JOIN `tbloffice` `office` ON `css`.`officeid` = `office`.`officeid`
LEFT JOIN `tblquarters` `quarters` ON `css`.`quarterid` = `quarters`.`quarterid`
LEFT JOIN `tblclienttype` `clienttype` ON `css`.`clienttypeid` = `clienttype`.`clienttypeid`
LEFT JOIN `tblservices` `services` ON `css`.`servicesid` = `services`.`servicesid`
LEFT JOIN `tblservices` `services` ON `css`.`servicesid` = `services`.`servicesid`
WHERE `css`.`year` = \'2025\'
AND `css`.`quarterid` = \'2\'
ORDER BY `css`.`date_created` DESC')
 3 SYSTEMPATH\Database\BaseConnection.php(652): CodeIgniter\Database\BaseConnection->simpleQuery('SELECT `css`.`csssummaryid`, `css`.`officeid`, `css`.`quarterid`, `css`.`servicesid`, `css`.`dost_personnel`, `css`.`clienttypeid`, `css`.`name` AS `summary_name`, `css`.`date` AS `summary_date`, `css`.`sex` AS `summary_sex`, `css`.`age` AS `summary_age`, `css`.`vul_sector` AS `summary_vul_sector`, `css`.`address` AS `summary_address`, `css`.`dost_info` AS `summary_dost_info`, `css`.`year` AS `summary_year`, `css`.`date_created` AS `summary_date_created`, `cc`.`cssdetailsccid`, `cc`.`cc1`, `cc`.`cc2`, `cc`.`cc3`, `sqd`.`cssdetailssqd`, `sqd`.`sqd0`, `sqd`.`sqd1`, `sqd`.`sqd2`, `sqd`.`sqd3`, `sqd`.`sqd4`, `sqd`.`sqd5`, `sqd`.`sqd6`, `sqd`.`sqd7`, `sqd`.`sqd8`, `sqd`.`email` AS `sqd_email`, `sqd`.`suggestions`, `office`.`name` AS `office_name`, `quarters`.`quarter` AS `quarter_name`, `clienttype`.`name` AS `client_type_name`, `services`.`name` AS `service_name`, `services`.`unit` AS `service_unit`, `services`.`is_external` AS `service_is_external`, `services`.`is_active` AS `service_is_active`, `services`.`is_cc` AS `service_is_cc`
FROM (`tblcss_summary` as `css`, `tblcss_summary` `css`)
LEFT JOIN `tblcss_details_cc` `cc` ON `css`.`csssummaryid` = `cc`.`csssummaryid`
LEFT JOIN `tblcss_details_sqd` `sqd` ON `css`.`csssummaryid` = `sqd`.`csssummaryid`
LEFT JOIN `tbloffice` `office` ON `css`.`officeid` = `office`.`officeid`
LEFT JOIN `tblquarters` `quarters` ON `css`.`quarterid` = `quarters`.`quarterid`
LEFT JOIN `tblclienttype` `clienttype` ON `css`.`clienttypeid` = `clienttype`.`clienttypeid`
LEFT JOIN `tblservices` `services` ON `css`.`servicesid` = `services`.`servicesid`
LEFT JOIN `tblservices` `services` ON `css`.`servicesid` = `services`.`servicesid`
WHERE `css`.`year` = \'2025\'
AND `css`.`quarterid` = \'2\'
ORDER BY `css`.`date_created` DESC')
 4 SYSTEMPATH\Database\BaseBuilder.php(1649): CodeIgniter\Database\BaseConnection->query('SELECT `css`.`csssummaryid`, `css`.`officeid`, `css`.`quarterid`, `css`.`servicesid`, `css`.`dost_personnel`, `css`.`clienttypeid`, `css`.`name` AS `summary_name`, `css`.`date` AS `summary_date`, `css`.`sex` AS `summary_sex`, `css`.`age` AS `summary_age`, `css`.`vul_sector` AS `summary_vul_sector`, `css`.`address` AS `summary_address`, `css`.`dost_info` AS `summary_dost_info`, `css`.`year` AS `summary_year`, `css`.`date_created` AS `summary_date_created`, `cc`.`cssdetailsccid`, `cc`.`cc1`, `cc`.`cc2`, `cc`.`cc3`, `sqd`.`cssdetailssqd`, `sqd`.`sqd0`, `sqd`.`sqd1`, `sqd`.`sqd2`, `sqd`.`sqd3`, `sqd`.`sqd4`, `sqd`.`sqd5`, `sqd`.`sqd6`, `sqd`.`sqd7`, `sqd`.`sqd8`, `sqd`.`email` AS `sqd_email`, `sqd`.`suggestions`, `office`.`name` AS `office_name`, `quarters`.`quarter` AS `quarter_name`, `clienttype`.`name` AS `client_type_name`, `services`.`name` AS `service_name`, `services`.`unit` AS `service_unit`, `services`.`is_external` AS `service_is_external`, `services`.`is_active` AS `service_is_active`, `services`.`is_cc` AS `service_is_cc`
FROM (`tblcss_summary` as `css`, `tblcss_summary` `css`)
LEFT JOIN `tblcss_details_cc` `cc` ON `css`.`csssummaryid` = `cc`.`csssummaryid`
LEFT JOIN `tblcss_details_sqd` `sqd` ON `css`.`csssummaryid` = `sqd`.`csssummaryid`
LEFT JOIN `tbloffice` `office` ON `css`.`officeid` = `office`.`officeid`
LEFT JOIN `tblquarters` `quarters` ON `css`.`quarterid` = `quarters`.`quarterid`
LEFT JOIN `tblclienttype` `clienttype` ON `css`.`clienttypeid` = `clienttype`.`clienttypeid`
LEFT JOIN `tblservices` `services` ON `css`.`servicesid` = `services`.`servicesid`
LEFT JOIN `tblservices` `services` ON `css`.`servicesid` = `services`.`servicesid`
WHERE `css`.`year` = :css.year:
AND `css`.`quarterid` = :css.quarterid:
ORDER BY `css`.`date_created` DESC', [...], false)
 5 APPPATH\Models\ReportsModel.php(86): CodeIgniter\Database\BaseBuilder->get()
 6 APPPATH\Controllers\ReportsController.php(32): App\Models\ReportsModel->get_responses([...])
 7 SYSTEMPATH\CodeIgniter.php(933): App\Controllers\ReportsController->responses()
 8 SYSTEMPATH\CodeIgniter.php(507): CodeIgniter\CodeIgniter->runController(Object(App\Controllers\ReportsController))
 9 SYSTEMPATH\CodeIgniter.php(354): CodeIgniter\CodeIgniter->handleRequest(null, Object(Config\Cache), false)
10 SYSTEMPATH\Boot.php(334): CodeIgniter\CodeIgniter->run()
11 SYSTEMPATH\Boot.php(67): CodeIgniter\Boot::runCodeIgniter(Object(CodeIgniter\CodeIgniter))
12 FCPATH\index.php(56): CodeIgniter\Boot::bootWeb(Object(Config\Paths))
DEBUG - 2025-04-02 02:05:06 --> Session: Class initialized using 'CodeIgniter\Session\Handlers\FileHandler' driver.
ERROR - 2025-04-02 02:05:06 --> mysqli_sql_exception: Not unique table/alias: 'services' in C:\xampp\htdocs\dostx_cssv3\system\Database\MySQLi\Connection.php:327
Stack trace:
#0 C:\xampp\htdocs\dostx_cssv3\system\Database\MySQLi\Connection.php(327): mysqli->query('SELECT `css`.`c...', 0)
#1 C:\xampp\htdocs\dostx_cssv3\system\Database\BaseConnection.php(738): CodeIgniter\Database\MySQLi\Connection->execute('SELECT `css`.`c...')
#2 C:\xampp\htdocs\dostx_cssv3\system\Database\BaseConnection.php(652): CodeIgniter\Database\BaseConnection->simpleQuery('SELECT `css`.`c...')
#3 C:\xampp\htdocs\dostx_cssv3\system\Database\BaseBuilder.php(1649): CodeIgniter\Database\BaseConnection->query('SELECT `css`.`c...', Array, false)
#4 C:\xampp\htdocs\dostx_cssv3\app\Models\ReportsModel.php(83): CodeIgniter\Database\BaseBuilder->get()
#5 C:\xampp\htdocs\dostx_cssv3\app\Controllers\ReportsController.php(32): App\Models\ReportsModel->get_responses(Array)
#6 C:\xampp\htdocs\dostx_cssv3\system\CodeIgniter.php(933): App\Controllers\ReportsController->responses()
#7 C:\xampp\htdocs\dostx_cssv3\system\CodeIgniter.php(507): CodeIgniter\CodeIgniter->runController(Object(App\Controllers\ReportsController))
#8 C:\xampp\htdocs\dostx_cssv3\system\CodeIgniter.php(354): CodeIgniter\CodeIgniter->handleRequest(NULL, Object(Config\Cache), false)
#9 C:\xampp\htdocs\dostx_cssv3\system\Boot.php(334): CodeIgniter\CodeIgniter->run()
#10 C:\xampp\htdocs\dostx_cssv3\system\Boot.php(67): CodeIgniter\Boot::runCodeIgniter(Object(CodeIgniter\CodeIgniter))
#11 C:\xampp\htdocs\dostx_cssv3\index.php(56): CodeIgniter\Boot::bootWeb(Object(Config\Paths))
#12 {main}
CRITICAL - 2025-04-02 02:05:06 --> CodeIgniter\Database\Exceptions\DatabaseException: Not unique table/alias: 'services'
[Method: GET, Route: reports/responses]
in SYSTEMPATH\Database\BaseConnection.php on line 692.
 1 SYSTEMPATH\Database\BaseBuilder.php(1649): CodeIgniter\Database\BaseConnection->query('SELECT `css`.`csssummaryid`, `css`.`officeid`, `css`.`quarterid`, `css`.`servicesid`, `css`.`dost_personnel`, `css`.`clienttypeid`, `css`.`name` AS `summary_name`, `css`.`date` AS `summary_date`, `css`.`sex` AS `summary_sex`, `css`.`age` AS `summary_age`, `css`.`vul_sector` AS `summary_vul_sector`, `css`.`address` AS `summary_address`, `css`.`dost_info` AS `summary_dost_info`, `css`.`year` AS `summary_year`, `css`.`date_created` AS `summary_date_created`, `cc`.`cssdetailsccid`, `cc`.`cc1`, `cc`.`cc2`, `cc`.`cc3`, `sqd`.`cssdetailssqd`, `sqd`.`sqd0`, `sqd`.`sqd1`, `sqd`.`sqd2`, `sqd`.`sqd3`, `sqd`.`sqd4`, `sqd`.`sqd5`, `sqd`.`sqd6`, `sqd`.`sqd7`, `sqd`.`sqd8`, `sqd`.`email` AS `sqd_email`, `sqd`.`suggestions`, `office`.`name` AS `office_name`, `quarters`.`quarter` AS `quarter_name`, `clienttype`.`name` AS `client_type_name`, `services`.`name` AS `service_name`, `services`.`unit` AS `service_unit`, `services`.`is_external` AS `service_is_external`, `services`.`is_active` AS `service_is_active`, `services`.`is_cc` AS `service_is_cc`
FROM `tblcss_summary` `css`
LEFT JOIN `tblcss_details_cc` `cc` ON `css`.`csssummaryid` = `cc`.`csssummaryid`
LEFT JOIN `tblcss_details_sqd` `sqd` ON `css`.`csssummaryid` = `sqd`.`csssummaryid`
LEFT JOIN `tbloffice` `office` ON `css`.`officeid` = `office`.`officeid`
LEFT JOIN `tblquarters` `quarters` ON `css`.`quarterid` = `quarters`.`quarterid`
LEFT JOIN `tblclienttype` `clienttype` ON `css`.`clienttypeid` = `clienttype`.`clienttypeid`
LEFT JOIN `tblservices` `services` ON `css`.`servicesid` = `services`.`servicesid`
LEFT JOIN `tblservices` `services` ON `css`.`servicesid` = `services`.`servicesid`
WHERE `css`.`year` = :css.year:
AND `css`.`quarterid` = :css.quarterid:
ORDER BY `css`.`date_created` DESC', [...], false)
 2 APPPATH\Models\ReportsModel.php(83): CodeIgniter\Database\BaseBuilder->get()
 3 APPPATH\Controllers\ReportsController.php(32): App\Models\ReportsModel->get_responses([...])
 4 SYSTEMPATH\CodeIgniter.php(933): App\Controllers\ReportsController->responses()
 5 SYSTEMPATH\CodeIgniter.php(507): CodeIgniter\CodeIgniter->runController(Object(App\Controllers\ReportsController))
 6 SYSTEMPATH\CodeIgniter.php(354): CodeIgniter\CodeIgniter->handleRequest(null, Object(Config\Cache), false)
 7 SYSTEMPATH\Boot.php(334): CodeIgniter\CodeIgniter->run()
 8 SYSTEMPATH\Boot.php(67): CodeIgniter\Boot::runCodeIgniter(Object(CodeIgniter\CodeIgniter))
 9 FCPATH\index.php(56): CodeIgniter\Boot::bootWeb(Object(Config\Paths))
CRITICAL - 2025-04-02 02:05:06 --> [Caused by] CodeIgniter\Database\Exceptions\DatabaseException: Not unique table/alias: 'services'
in SYSTEMPATH\Database\MySQLi\Connection.php on line 332.
 1 SYSTEMPATH\Database\BaseConnection.php(738): CodeIgniter\Database\MySQLi\Connection->execute('SELECT `css`.`csssummaryid`, `css`.`officeid`, `css`.`quarterid`, `css`.`servicesid`, `css`.`dost_personnel`, `css`.`clienttypeid`, `css`.`name` AS `summary_name`, `css`.`date` AS `summary_date`, `css`.`sex` AS `summary_sex`, `css`.`age` AS `summary_age`, `css`.`vul_sector` AS `summary_vul_sector`, `css`.`address` AS `summary_address`, `css`.`dost_info` AS `summary_dost_info`, `css`.`year` AS `summary_year`, `css`.`date_created` AS `summary_date_created`, `cc`.`cssdetailsccid`, `cc`.`cc1`, `cc`.`cc2`, `cc`.`cc3`, `sqd`.`cssdetailssqd`, `sqd`.`sqd0`, `sqd`.`sqd1`, `sqd`.`sqd2`, `sqd`.`sqd3`, `sqd`.`sqd4`, `sqd`.`sqd5`, `sqd`.`sqd6`, `sqd`.`sqd7`, `sqd`.`sqd8`, `sqd`.`email` AS `sqd_email`, `sqd`.`suggestions`, `office`.`name` AS `office_name`, `quarters`.`quarter` AS `quarter_name`, `clienttype`.`name` AS `client_type_name`, `services`.`name` AS `service_name`, `services`.`unit` AS `service_unit`, `services`.`is_external` AS `service_is_external`, `services`.`is_active` AS `service_is_active`, `services`.`is_cc` AS `service_is_cc`
FROM `tblcss_summary` `css`
LEFT JOIN `tblcss_details_cc` `cc` ON `css`.`csssummaryid` = `cc`.`csssummaryid`
LEFT JOIN `tblcss_details_sqd` `sqd` ON `css`.`csssummaryid` = `sqd`.`csssummaryid`
LEFT JOIN `tbloffice` `office` ON `css`.`officeid` = `office`.`officeid`
LEFT JOIN `tblquarters` `quarters` ON `css`.`quarterid` = `quarters`.`quarterid`
LEFT JOIN `tblclienttype` `clienttype` ON `css`.`clienttypeid` = `clienttype`.`clienttypeid`
LEFT JOIN `tblservices` `services` ON `css`.`servicesid` = `services`.`servicesid`
LEFT JOIN `tblservices` `services` ON `css`.`servicesid` = `services`.`servicesid`
WHERE `css`.`year` = \'2025\'
AND `css`.`quarterid` = \'2\'
ORDER BY `css`.`date_created` DESC')
 2 SYSTEMPATH\Database\BaseConnection.php(652): CodeIgniter\Database\BaseConnection->simpleQuery('SELECT `css`.`csssummaryid`, `css`.`officeid`, `css`.`quarterid`, `css`.`servicesid`, `css`.`dost_personnel`, `css`.`clienttypeid`, `css`.`name` AS `summary_name`, `css`.`date` AS `summary_date`, `css`.`sex` AS `summary_sex`, `css`.`age` AS `summary_age`, `css`.`vul_sector` AS `summary_vul_sector`, `css`.`address` AS `summary_address`, `css`.`dost_info` AS `summary_dost_info`, `css`.`year` AS `summary_year`, `css`.`date_created` AS `summary_date_created`, `cc`.`cssdetailsccid`, `cc`.`cc1`, `cc`.`cc2`, `cc`.`cc3`, `sqd`.`cssdetailssqd`, `sqd`.`sqd0`, `sqd`.`sqd1`, `sqd`.`sqd2`, `sqd`.`sqd3`, `sqd`.`sqd4`, `sqd`.`sqd5`, `sqd`.`sqd6`, `sqd`.`sqd7`, `sqd`.`sqd8`, `sqd`.`email` AS `sqd_email`, `sqd`.`suggestions`, `office`.`name` AS `office_name`, `quarters`.`quarter` AS `quarter_name`, `clienttype`.`name` AS `client_type_name`, `services`.`name` AS `service_name`, `services`.`unit` AS `service_unit`, `services`.`is_external` AS `service_is_external`, `services`.`is_active` AS `service_is_active`, `services`.`is_cc` AS `service_is_cc`
FROM `tblcss_summary` `css`
LEFT JOIN `tblcss_details_cc` `cc` ON `css`.`csssummaryid` = `cc`.`csssummaryid`
LEFT JOIN `tblcss_details_sqd` `sqd` ON `css`.`csssummaryid` = `sqd`.`csssummaryid`
LEFT JOIN `tbloffice` `office` ON `css`.`officeid` = `office`.`officeid`
LEFT JOIN `tblquarters` `quarters` ON `css`.`quarterid` = `quarters`.`quarterid`
LEFT JOIN `tblclienttype` `clienttype` ON `css`.`clienttypeid` = `clienttype`.`clienttypeid`
LEFT JOIN `tblservices` `services` ON `css`.`servicesid` = `services`.`servicesid`
LEFT JOIN `tblservices` `services` ON `css`.`servicesid` = `services`.`servicesid`
WHERE `css`.`year` = \'2025\'
AND `css`.`quarterid` = \'2\'
ORDER BY `css`.`date_created` DESC')
 3 SYSTEMPATH\Database\BaseBuilder.php(1649): CodeIgniter\Database\BaseConnection->query('SELECT `css`.`csssummaryid`, `css`.`officeid`, `css`.`quarterid`, `css`.`servicesid`, `css`.`dost_personnel`, `css`.`clienttypeid`, `css`.`name` AS `summary_name`, `css`.`date` AS `summary_date`, `css`.`sex` AS `summary_sex`, `css`.`age` AS `summary_age`, `css`.`vul_sector` AS `summary_vul_sector`, `css`.`address` AS `summary_address`, `css`.`dost_info` AS `summary_dost_info`, `css`.`year` AS `summary_year`, `css`.`date_created` AS `summary_date_created`, `cc`.`cssdetailsccid`, `cc`.`cc1`, `cc`.`cc2`, `cc`.`cc3`, `sqd`.`cssdetailssqd`, `sqd`.`sqd0`, `sqd`.`sqd1`, `sqd`.`sqd2`, `sqd`.`sqd3`, `sqd`.`sqd4`, `sqd`.`sqd5`, `sqd`.`sqd6`, `sqd`.`sqd7`, `sqd`.`sqd8`, `sqd`.`email` AS `sqd_email`, `sqd`.`suggestions`, `office`.`name` AS `office_name`, `quarters`.`quarter` AS `quarter_name`, `clienttype`.`name` AS `client_type_name`, `services`.`name` AS `service_name`, `services`.`unit` AS `service_unit`, `services`.`is_external` AS `service_is_external`, `services`.`is_active` AS `service_is_active`, `services`.`is_cc` AS `service_is_cc`
FROM `tblcss_summary` `css`
LEFT JOIN `tblcss_details_cc` `cc` ON `css`.`csssummaryid` = `cc`.`csssummaryid`
LEFT JOIN `tblcss_details_sqd` `sqd` ON `css`.`csssummaryid` = `sqd`.`csssummaryid`
LEFT JOIN `tbloffice` `office` ON `css`.`officeid` = `office`.`officeid`
LEFT JOIN `tblquarters` `quarters` ON `css`.`quarterid` = `quarters`.`quarterid`
LEFT JOIN `tblclienttype` `clienttype` ON `css`.`clienttypeid` = `clienttype`.`clienttypeid`
LEFT JOIN `tblservices` `services` ON `css`.`servicesid` = `services`.`servicesid`
LEFT JOIN `tblservices` `services` ON `css`.`servicesid` = `services`.`servicesid`
WHERE `css`.`year` = :css.year:
AND `css`.`quarterid` = :css.quarterid:
ORDER BY `css`.`date_created` DESC', [...], false)
 4 APPPATH\Models\ReportsModel.php(83): CodeIgniter\Database\BaseBuilder->get()
 5 APPPATH\Controllers\ReportsController.php(32): App\Models\ReportsModel->get_responses([...])
 6 SYSTEMPATH\CodeIgniter.php(933): App\Controllers\ReportsController->responses()
 7 SYSTEMPATH\CodeIgniter.php(507): CodeIgniter\CodeIgniter->runController(Object(App\Controllers\ReportsController))
 8 SYSTEMPATH\CodeIgniter.php(354): CodeIgniter\CodeIgniter->handleRequest(null, Object(Config\Cache), false)
 9 SYSTEMPATH\Boot.php(334): CodeIgniter\CodeIgniter->run()
10 SYSTEMPATH\Boot.php(67): CodeIgniter\Boot::runCodeIgniter(Object(CodeIgniter\CodeIgniter))
11 FCPATH\index.php(56): CodeIgniter\Boot::bootWeb(Object(Config\Paths))
CRITICAL - 2025-04-02 02:05:06 --> [Caused by] mysqli_sql_exception: Not unique table/alias: 'services'
in SYSTEMPATH\Database\MySQLi\Connection.php on line 327.
 1 SYSTEMPATH\Database\MySQLi\Connection.php(327): mysqli->query('SELECT `css`.`csssummaryid`, `css`.`officeid`, `css`.`quarterid`, `css`.`servicesid`, `css`.`dost_personnel`, `css`.`clienttypeid`, `css`.`name` AS `summary_name`, `css`.`date` AS `summary_date`, `css`.`sex` AS `summary_sex`, `css`.`age` AS `summary_age`, `css`.`vul_sector` AS `summary_vul_sector`, `css`.`address` AS `summary_address`, `css`.`dost_info` AS `summary_dost_info`, `css`.`year` AS `summary_year`, `css`.`date_created` AS `summary_date_created`, `cc`.`cssdetailsccid`, `cc`.`cc1`, `cc`.`cc2`, `cc`.`cc3`, `sqd`.`cssdetailssqd`, `sqd`.`sqd0`, `sqd`.`sqd1`, `sqd`.`sqd2`, `sqd`.`sqd3`, `sqd`.`sqd4`, `sqd`.`sqd5`, `sqd`.`sqd6`, `sqd`.`sqd7`, `sqd`.`sqd8`, `sqd`.`email` AS `sqd_email`, `sqd`.`suggestions`, `office`.`name` AS `office_name`, `quarters`.`quarter` AS `quarter_name`, `clienttype`.`name` AS `client_type_name`, `services`.`name` AS `service_name`, `services`.`unit` AS `service_unit`, `services`.`is_external` AS `service_is_external`, `services`.`is_active` AS `service_is_active`, `services`.`is_cc` AS `service_is_cc`
FROM `tblcss_summary` `css`
LEFT JOIN `tblcss_details_cc` `cc` ON `css`.`csssummaryid` = `cc`.`csssummaryid`
LEFT JOIN `tblcss_details_sqd` `sqd` ON `css`.`csssummaryid` = `sqd`.`csssummaryid`
LEFT JOIN `tbloffice` `office` ON `css`.`officeid` = `office`.`officeid`
LEFT JOIN `tblquarters` `quarters` ON `css`.`quarterid` = `quarters`.`quarterid`
LEFT JOIN `tblclienttype` `clienttype` ON `css`.`clienttypeid` = `clienttype`.`clienttypeid`
LEFT JOIN `tblservices` `services` ON `css`.`servicesid` = `services`.`servicesid`
LEFT JOIN `tblservices` `services` ON `css`.`servicesid` = `services`.`servicesid`
WHERE `css`.`year` = \'2025\'
AND `css`.`quarterid` = \'2\'
ORDER BY `css`.`date_created` DESC', 0)
 2 SYSTEMPATH\Database\BaseConnection.php(738): CodeIgniter\Database\MySQLi\Connection->execute('SELECT `css`.`csssummaryid`, `css`.`officeid`, `css`.`quarterid`, `css`.`servicesid`, `css`.`dost_personnel`, `css`.`clienttypeid`, `css`.`name` AS `summary_name`, `css`.`date` AS `summary_date`, `css`.`sex` AS `summary_sex`, `css`.`age` AS `summary_age`, `css`.`vul_sector` AS `summary_vul_sector`, `css`.`address` AS `summary_address`, `css`.`dost_info` AS `summary_dost_info`, `css`.`year` AS `summary_year`, `css`.`date_created` AS `summary_date_created`, `cc`.`cssdetailsccid`, `cc`.`cc1`, `cc`.`cc2`, `cc`.`cc3`, `sqd`.`cssdetailssqd`, `sqd`.`sqd0`, `sqd`.`sqd1`, `sqd`.`sqd2`, `sqd`.`sqd3`, `sqd`.`sqd4`, `sqd`.`sqd5`, `sqd`.`sqd6`, `sqd`.`sqd7`, `sqd`.`sqd8`, `sqd`.`email` AS `sqd_email`, `sqd`.`suggestions`, `office`.`name` AS `office_name`, `quarters`.`quarter` AS `quarter_name`, `clienttype`.`name` AS `client_type_name`, `services`.`name` AS `service_name`, `services`.`unit` AS `service_unit`, `services`.`is_external` AS `service_is_external`, `services`.`is_active` AS `service_is_active`, `services`.`is_cc` AS `service_is_cc`
FROM `tblcss_summary` `css`
LEFT JOIN `tblcss_details_cc` `cc` ON `css`.`csssummaryid` = `cc`.`csssummaryid`
LEFT JOIN `tblcss_details_sqd` `sqd` ON `css`.`csssummaryid` = `sqd`.`csssummaryid`
LEFT JOIN `tbloffice` `office` ON `css`.`officeid` = `office`.`officeid`
LEFT JOIN `tblquarters` `quarters` ON `css`.`quarterid` = `quarters`.`quarterid`
LEFT JOIN `tblclienttype` `clienttype` ON `css`.`clienttypeid` = `clienttype`.`clienttypeid`
LEFT JOIN `tblservices` `services` ON `css`.`servicesid` = `services`.`servicesid`
LEFT JOIN `tblservices` `services` ON `css`.`servicesid` = `services`.`servicesid`
WHERE `css`.`year` = \'2025\'
AND `css`.`quarterid` = \'2\'
ORDER BY `css`.`date_created` DESC')
 3 SYSTEMPATH\Database\BaseConnection.php(652): CodeIgniter\Database\BaseConnection->simpleQuery('SELECT `css`.`csssummaryid`, `css`.`officeid`, `css`.`quarterid`, `css`.`servicesid`, `css`.`dost_personnel`, `css`.`clienttypeid`, `css`.`name` AS `summary_name`, `css`.`date` AS `summary_date`, `css`.`sex` AS `summary_sex`, `css`.`age` AS `summary_age`, `css`.`vul_sector` AS `summary_vul_sector`, `css`.`address` AS `summary_address`, `css`.`dost_info` AS `summary_dost_info`, `css`.`year` AS `summary_year`, `css`.`date_created` AS `summary_date_created`, `cc`.`cssdetailsccid`, `cc`.`cc1`, `cc`.`cc2`, `cc`.`cc3`, `sqd`.`cssdetailssqd`, `sqd`.`sqd0`, `sqd`.`sqd1`, `sqd`.`sqd2`, `sqd`.`sqd3`, `sqd`.`sqd4`, `sqd`.`sqd5`, `sqd`.`sqd6`, `sqd`.`sqd7`, `sqd`.`sqd8`, `sqd`.`email` AS `sqd_email`, `sqd`.`suggestions`, `office`.`name` AS `office_name`, `quarters`.`quarter` AS `quarter_name`, `clienttype`.`name` AS `client_type_name`, `services`.`name` AS `service_name`, `services`.`unit` AS `service_unit`, `services`.`is_external` AS `service_is_external`, `services`.`is_active` AS `service_is_active`, `services`.`is_cc` AS `service_is_cc`
FROM `tblcss_summary` `css`
LEFT JOIN `tblcss_details_cc` `cc` ON `css`.`csssummaryid` = `cc`.`csssummaryid`
LEFT JOIN `tblcss_details_sqd` `sqd` ON `css`.`csssummaryid` = `sqd`.`csssummaryid`
LEFT JOIN `tbloffice` `office` ON `css`.`officeid` = `office`.`officeid`
LEFT JOIN `tblquarters` `quarters` ON `css`.`quarterid` = `quarters`.`quarterid`
LEFT JOIN `tblclienttype` `clienttype` ON `css`.`clienttypeid` = `clienttype`.`clienttypeid`
LEFT JOIN `tblservices` `services` ON `css`.`servicesid` = `services`.`servicesid`
LEFT JOIN `tblservices` `services` ON `css`.`servicesid` = `services`.`servicesid`
WHERE `css`.`year` = \'2025\'
AND `css`.`quarterid` = \'2\'
ORDER BY `css`.`date_created` DESC')
 4 SYSTEMPATH\Database\BaseBuilder.php(1649): CodeIgniter\Database\BaseConnection->query('SELECT `css`.`csssummaryid`, `css`.`officeid`, `css`.`quarterid`, `css`.`servicesid`, `css`.`dost_personnel`, `css`.`clienttypeid`, `css`.`name` AS `summary_name`, `css`.`date` AS `summary_date`, `css`.`sex` AS `summary_sex`, `css`.`age` AS `summary_age`, `css`.`vul_sector` AS `summary_vul_sector`, `css`.`address` AS `summary_address`, `css`.`dost_info` AS `summary_dost_info`, `css`.`year` AS `summary_year`, `css`.`date_created` AS `summary_date_created`, `cc`.`cssdetailsccid`, `cc`.`cc1`, `cc`.`cc2`, `cc`.`cc3`, `sqd`.`cssdetailssqd`, `sqd`.`sqd0`, `sqd`.`sqd1`, `sqd`.`sqd2`, `sqd`.`sqd3`, `sqd`.`sqd4`, `sqd`.`sqd5`, `sqd`.`sqd6`, `sqd`.`sqd7`, `sqd`.`sqd8`, `sqd`.`email` AS `sqd_email`, `sqd`.`suggestions`, `office`.`name` AS `office_name`, `quarters`.`quarter` AS `quarter_name`, `clienttype`.`name` AS `client_type_name`, `services`.`name` AS `service_name`, `services`.`unit` AS `service_unit`, `services`.`is_external` AS `service_is_external`, `services`.`is_active` AS `service_is_active`, `services`.`is_cc` AS `service_is_cc`
FROM `tblcss_summary` `css`
LEFT JOIN `tblcss_details_cc` `cc` ON `css`.`csssummaryid` = `cc`.`csssummaryid`
LEFT JOIN `tblcss_details_sqd` `sqd` ON `css`.`csssummaryid` = `sqd`.`csssummaryid`
LEFT JOIN `tbloffice` `office` ON `css`.`officeid` = `office`.`officeid`
LEFT JOIN `tblquarters` `quarters` ON `css`.`quarterid` = `quarters`.`quarterid`
LEFT JOIN `tblclienttype` `clienttype` ON `css`.`clienttypeid` = `clienttype`.`clienttypeid`
LEFT JOIN `tblservices` `services` ON `css`.`servicesid` = `services`.`servicesid`
LEFT JOIN `tblservices` `services` ON `css`.`servicesid` = `services`.`servicesid`
WHERE `css`.`year` = :css.year:
AND `css`.`quarterid` = :css.quarterid:
ORDER BY `css`.`date_created` DESC', [...], false)
 5 APPPATH\Models\ReportsModel.php(83): CodeIgniter\Database\BaseBuilder->get()
 6 APPPATH\Controllers\ReportsController.php(32): App\Models\ReportsModel->get_responses([...])
 7 SYSTEMPATH\CodeIgniter.php(933): App\Controllers\ReportsController->responses()
 8 SYSTEMPATH\CodeIgniter.php(507): CodeIgniter\CodeIgniter->runController(Object(App\Controllers\ReportsController))
 9 SYSTEMPATH\CodeIgniter.php(354): CodeIgniter\CodeIgniter->handleRequest(null, Object(Config\Cache), false)
10 SYSTEMPATH\Boot.php(334): CodeIgniter\CodeIgniter->run()
11 SYSTEMPATH\Boot.php(67): CodeIgniter\Boot::runCodeIgniter(Object(CodeIgniter\CodeIgniter))
12 FCPATH\index.php(56): CodeIgniter\Boot::bootWeb(Object(Config\Paths))
DEBUG - 2025-04-02 02:06:39 --> Session: Class initialized using 'CodeIgniter\Session\Handlers\FileHandler' driver.
CRITICAL - 2025-04-02 02:06:39 --> CodeIgniter\Database\Exceptions\DatabaseException: You must set the database table to be used with your query.
[Method: GET, Route: reports/responses]
in SYSTEMPATH\Database\BaseConnection.php on line 941.
 1 SYSTEMPATH\Model.php(714): CodeIgniter\Database\BaseConnection->table(null)
 2 SYSTEMPATH\Model.php(920): CodeIgniter\Model->builder()
 3 APPPATH\Controllers\ReportsController.php(32): CodeIgniter\Model->__call('get_responses', [...])
 4 SYSTEMPATH\CodeIgniter.php(933): App\Controllers\ReportsController->responses()
 5 SYSTEMPATH\CodeIgniter.php(507): CodeIgniter\CodeIgniter->runController(Object(App\Controllers\ReportsController))
 6 SYSTEMPATH\CodeIgniter.php(354): CodeIgniter\CodeIgniter->handleRequest(null, Object(Config\Cache), false)
 7 SYSTEMPATH\Boot.php(334): CodeIgniter\CodeIgniter->run()
 8 SYSTEMPATH\Boot.php(67): CodeIgniter\Boot::runCodeIgniter(Object(CodeIgniter\CodeIgniter))
 9 FCPATH\index.php(56): CodeIgniter\Boot::bootWeb(Object(Config\Paths))
DEBUG - 2025-04-02 02:06:55 --> Session: Class initialized using 'CodeIgniter\Session\Handlers\FileHandler' driver.
DEBUG - 2025-04-02 02:07:10 --> Session: Class initialized using 'CodeIgniter\Session\Handlers\FileHandler' driver.
CRITICAL - 2025-04-02 02:07:10 --> CodeIgniter\Database\Exceptions\DatabaseException: You must set the database table to be used with your query.
[Method: GET, Route: reports/responses]
in SYSTEMPATH\Database\BaseConnection.php on line 941.
 1 SYSTEMPATH\Model.php(714): CodeIgniter\Database\BaseConnection->table(null)
 2 SYSTEMPATH\Model.php(920): CodeIgniter\Model->builder()
 3 APPPATH\Controllers\ReportsController.php(35): CodeIgniter\Model->__call('get_all_data', [...])
 4 SYSTEMPATH\CodeIgniter.php(933): App\Controllers\ReportsController->responses()
 5 SYSTEMPATH\CodeIgniter.php(507): CodeIgniter\CodeIgniter->runController(Object(App\Controllers\ReportsController))
 6 SYSTEMPATH\CodeIgniter.php(354): CodeIgniter\CodeIgniter->handleRequest(null, Object(Config\Cache), false)
 7 SYSTEMPATH\Boot.php(334): CodeIgniter\CodeIgniter->run()
 8 SYSTEMPATH\Boot.php(67): CodeIgniter\Boot::runCodeIgniter(Object(CodeIgniter\CodeIgniter))
 9 FCPATH\index.php(56): CodeIgniter\Boot::bootWeb(Object(Config\Paths))
DEBUG - 2025-04-02 02:07:26 --> Session: Class initialized using 'CodeIgniter\Session\Handlers\FileHandler' driver.
DEBUG - 2025-04-02 02:07:36 --> Session: Class initialized using 'CodeIgniter\Session\Handlers\FileHandler' driver.
CRITICAL - 2025-04-02 02:07:36 --> CodeIgniter\Database\Exceptions\DatabaseException: You must set the database table to be used with your query.
[Method: GET, Route: reports/responses]
in SYSTEMPATH\Database\BaseConnection.php on line 941.
 1 SYSTEMPATH\Model.php(714): CodeIgniter\Database\BaseConnection->table(null)
 2 SYSTEMPATH\Model.php(920): CodeIgniter\Model->builder()
 3 APPPATH\Controllers\ReportsController.php(36): CodeIgniter\Model->__call('get_all_data', [...])
 4 SYSTEMPATH\CodeIgniter.php(933): App\Controllers\ReportsController->responses()
 5 SYSTEMPATH\CodeIgniter.php(507): CodeIgniter\CodeIgniter->runController(Object(App\Controllers\ReportsController))
 6 SYSTEMPATH\CodeIgniter.php(354): CodeIgniter\CodeIgniter->handleRequest(null, Object(Config\Cache), false)
 7 SYSTEMPATH\Boot.php(334): CodeIgniter\CodeIgniter->run()
 8 SYSTEMPATH\Boot.php(67): CodeIgniter\Boot::runCodeIgniter(Object(CodeIgniter\CodeIgniter))
 9 FCPATH\index.php(56): CodeIgniter\Boot::bootWeb(Object(Config\Paths))
DEBUG - 2025-04-02 02:08:12 --> Session: Class initialized using 'CodeIgniter\Session\Handlers\FileHandler' driver.
DEBUG - 2025-04-02 02:08:20 --> Session: Class initialized using 'CodeIgniter\Session\Handlers\FileHandler' driver.
CRITICAL - 2025-04-02 02:08:20 --> CodeIgniter\View\Exceptions\ViewException: Invalid file: "admin/main.php"
[Method: GET, Route: reports/responses]
in SYSTEMPATH\Exceptions\FrameworkException.php on line 39.
 1 SYSTEMPATH\View\View.php(212): CodeIgniter\Exceptions\FrameworkException::forInvalidFile('admin/main.php')
 2 SYSTEMPATH\Common.php(1173): CodeIgniter\View\View->render('admin/main', [], true)
 3 APPPATH\Controllers\ReportsController.php(42): view('admin/main', [...])
 4 SYSTEMPATH\CodeIgniter.php(933): App\Controllers\ReportsController->responses()
 5 SYSTEMPATH\CodeIgniter.php(507): CodeIgniter\CodeIgniter->runController(Object(App\Controllers\ReportsController))
 6 SYSTEMPATH\CodeIgniter.php(354): CodeIgniter\CodeIgniter->handleRequest(null, Object(Config\Cache), false)
 7 SYSTEMPATH\Boot.php(334): CodeIgniter\CodeIgniter->run()
 8 SYSTEMPATH\Boot.php(67): CodeIgniter\Boot::runCodeIgniter(Object(CodeIgniter\CodeIgniter))
 9 FCPATH\index.php(56): CodeIgniter\Boot::bootWeb(Object(Config\Paths))
DEBUG - 2025-04-02 02:13:00 --> Session: Class initialized using 'CodeIgniter\Session\Handlers\FileHandler' driver.
CRITICAL - 2025-04-02 02:13:00 --> CodeIgniter\View\Exceptions\ViewException: Invalid file: "admin/main.php"
[Method: GET, Route: reports/responses]
in SYSTEMPATH\Exceptions\FrameworkException.php on line 39.
 1 SYSTEMPATH\View\View.php(212): CodeIgniter\Exceptions\FrameworkException::forInvalidFile('admin/main.php')
 2 SYSTEMPATH\Common.php(1173): CodeIgniter\View\View->render('admin/main', [], true)
 3 APPPATH\Controllers\ReportsController.php(42): view('admin/main', [...])
 4 SYSTEMPATH\CodeIgniter.php(933): App\Controllers\ReportsController->responses()
 5 SYSTEMPATH\CodeIgniter.php(507): CodeIgniter\CodeIgniter->runController(Object(App\Controllers\ReportsController))
 6 SYSTEMPATH\CodeIgniter.php(354): CodeIgniter\CodeIgniter->handleRequest(null, Object(Config\Cache), false)
 7 SYSTEMPATH\Boot.php(334): CodeIgniter\CodeIgniter->run()
 8 SYSTEMPATH\Boot.php(67): CodeIgniter\Boot::runCodeIgniter(Object(CodeIgniter\CodeIgniter))
 9 FCPATH\index.php(56): CodeIgniter\Boot::bootWeb(Object(Config\Paths))
DEBUG - 2025-04-02 02:13:17 --> Session: Class initialized using 'CodeIgniter\Session\Handlers\FileHandler' driver.
CRITICAL - 2025-04-02 02:13:17 --> ErrorException: Undefined property: CodeIgniter\View\View::$session
[Method: GET, Route: reports/responses]
in APPPATH\Views\admin\main.php on line 88.
 1 APPPATH\Views\admin\main.php(88): CodeIgniter\Debug\Exceptions->errorHandler(2, 'Undefined property: CodeIgniter\\View\\View::$session', 'C:\\xampp\\htdocs\\dostx_cssv3\\app\\Views\\admin\\main.php', 88)
 2 SYSTEMPATH\View\View.php(224): include('C:\\xampp\\htdocs\\dostx_cssv3\\app\\Views\\admin\\main.php')
 3 SYSTEMPATH\View\View.php(227): CodeIgniter\View\View->CodeIgniter\View\{closure}()
 4 SYSTEMPATH\Common.php(1173): CodeIgniter\View\View->render('admin/main', [], true)
 5 APPPATH\Controllers\ReportsController.php(42): view('admin/main', [...])
 6 SYSTEMPATH\CodeIgniter.php(933): App\Controllers\ReportsController->responses()
 7 SYSTEMPATH\CodeIgniter.php(507): CodeIgniter\CodeIgniter->runController(Object(App\Controllers\ReportsController))
 8 SYSTEMPATH\CodeIgniter.php(354): CodeIgniter\CodeIgniter->handleRequest(null, Object(Config\Cache), false)
 9 SYSTEMPATH\Boot.php(334): CodeIgniter\CodeIgniter->run()
10 SYSTEMPATH\Boot.php(67): CodeIgniter\Boot::runCodeIgniter(Object(CodeIgniter\CodeIgniter))
11 FCPATH\index.php(56): CodeIgniter\Boot::bootWeb(Object(Config\Paths))
DEBUG - 2025-04-02 02:14:48 --> Session: Class initialized using 'CodeIgniter\Session\Handlers\FileHandler' driver.
CRITICAL - 2025-04-02 02:14:48 --> ErrorException: Undefined property: CodeIgniter\View\View::$session
[Method: GET, Route: reports/responses]
in APPPATH\Views\admin\main.php on line 88.
 1 APPPATH\Views\admin\main.php(88): CodeIgniter\Debug\Exceptions->errorHandler(2, 'Undefined property: CodeIgniter\\View\\View::$session', 'C:\\xampp\\htdocs\\dostx_cssv3\\app\\Views\\admin\\main.php', 88)
 2 SYSTEMPATH\View\View.php(224): include('C:\\xampp\\htdocs\\dostx_cssv3\\app\\Views\\admin\\main.php')
 3 SYSTEMPATH\View\View.php(227): CodeIgniter\View\View->CodeIgniter\View\{closure}()
 4 SYSTEMPATH\Common.php(1173): CodeIgniter\View\View->render('admin/main', [], true)
 5 APPPATH\Controllers\ReportsController.php(42): view('admin/main', [...])
 6 SYSTEMPATH\CodeIgniter.php(933): App\Controllers\ReportsController->responses()
 7 SYSTEMPATH\CodeIgniter.php(507): CodeIgniter\CodeIgniter->runController(Object(App\Controllers\ReportsController))
 8 SYSTEMPATH\CodeIgniter.php(354): CodeIgniter\CodeIgniter->handleRequest(null, Object(Config\Cache), false)
 9 SYSTEMPATH\Boot.php(334): CodeIgniter\CodeIgniter->run()
10 SYSTEMPATH\Boot.php(67): CodeIgniter\Boot::runCodeIgniter(Object(CodeIgniter\CodeIgniter))
11 FCPATH\index.php(56): CodeIgniter\Boot::bootWeb(Object(Config\Paths))
DEBUG - 2025-04-02 02:15:59 --> Session: Class initialized using 'CodeIgniter\Session\Handlers\FileHandler' driver.
CRITICAL - 2025-04-02 02:16:00 --> ErrorException: Undefined property: CodeIgniter\View\View::$session
[Method: GET, Route: reports/responses]
in APPPATH\Views\admin\main.php on line 169.
 1 APPPATH\Views\admin\main.php(169): CodeIgniter\Debug\Exceptions->errorHandler(2, 'Undefined property: CodeIgniter\\View\\View::$session', 'C:\\xampp\\htdocs\\dostx_cssv3\\app\\Views\\admin\\main.php', 169)
 2 SYSTEMPATH\View\View.php(224): include('C:\\xampp\\htdocs\\dostx_cssv3\\app\\Views\\admin\\main.php')
 3 SYSTEMPATH\View\View.php(227): CodeIgniter\View\View->CodeIgniter\View\{closure}()
 4 SYSTEMPATH\Common.php(1173): CodeIgniter\View\View->render('admin/main', [], true)
 5 APPPATH\Controllers\ReportsController.php(42): view('admin/main', [...])
 6 SYSTEMPATH\CodeIgniter.php(933): App\Controllers\ReportsController->responses()
 7 SYSTEMPATH\CodeIgniter.php(507): CodeIgniter\CodeIgniter->runController(Object(App\Controllers\ReportsController))
 8 SYSTEMPATH\CodeIgniter.php(354): CodeIgniter\CodeIgniter->handleRequest(null, Object(Config\Cache), false)
 9 SYSTEMPATH\Boot.php(334): CodeIgniter\CodeIgniter->run()
10 SYSTEMPATH\Boot.php(67): CodeIgniter\Boot::runCodeIgniter(Object(CodeIgniter\CodeIgniter))
11 FCPATH\index.php(56): CodeIgniter\Boot::bootWeb(Object(Config\Paths))
DEBUG - 2025-04-02 02:16:34 --> Session: Class initialized using 'CodeIgniter\Session\Handlers\FileHandler' driver.
CRITICAL - 2025-04-02 02:16:34 --> ErrorException: Undefined property: CodeIgniter\View\View::$load
[Method: GET, Route: reports/responses]
in APPPATH\Views\admin\main.php on line 175.
 1 APPPATH\Views\admin\main.php(175): CodeIgniter\Debug\Exceptions->errorHandler(2, 'Undefined property: CodeIgniter\\View\\View::$load', 'C:\\xampp\\htdocs\\dostx_cssv3\\app\\Views\\admin\\main.php', 175)
 2 SYSTEMPATH\View\View.php(224): include('C:\\xampp\\htdocs\\dostx_cssv3\\app\\Views\\admin\\main.php')
 3 SYSTEMPATH\View\View.php(227): CodeIgniter\View\View->CodeIgniter\View\{closure}()
 4 SYSTEMPATH\Common.php(1173): CodeIgniter\View\View->render('admin/main', [], true)
 5 APPPATH\Controllers\ReportsController.php(42): view('admin/main', [...])
 6 SYSTEMPATH\CodeIgniter.php(933): App\Controllers\ReportsController->responses()
 7 SYSTEMPATH\CodeIgniter.php(507): CodeIgniter\CodeIgniter->runController(Object(App\Controllers\ReportsController))
 8 SYSTEMPATH\CodeIgniter.php(354): CodeIgniter\CodeIgniter->handleRequest(null, Object(Config\Cache), false)
 9 SYSTEMPATH\Boot.php(334): CodeIgniter\CodeIgniter->run()
10 SYSTEMPATH\Boot.php(67): CodeIgniter\Boot::runCodeIgniter(Object(CodeIgniter\CodeIgniter))
11 FCPATH\index.php(56): CodeIgniter\Boot::bootWeb(Object(Config\Paths))
DEBUG - 2025-04-02 02:18:04 --> Session: Class initialized using 'CodeIgniter\Session\Handlers\FileHandler' driver.
CRITICAL - 2025-04-02 02:18:04 --> ErrorException: Undefined property: CodeIgniter\View\View::$load
[Method: GET, Route: reports/responses]
in APPPATH\Views\admin\main.php on line 206.
 1 APPPATH\Views\admin\main.php(206): CodeIgniter\Debug\Exceptions->errorHandler(2, 'Undefined property: CodeIgniter\\View\\View::$load', 'C:\\xampp\\htdocs\\dostx_cssv3\\app\\Views\\admin\\main.php', 206)
 2 SYSTEMPATH\View\View.php(224): include('C:\\xampp\\htdocs\\dostx_cssv3\\app\\Views\\admin\\main.php')
 3 SYSTEMPATH\View\View.php(227): CodeIgniter\View\View->CodeIgniter\View\{closure}()
 4 SYSTEMPATH\Common.php(1173): CodeIgniter\View\View->render('admin/main', [], true)
 5 APPPATH\Controllers\ReportsController.php(42): view('admin/main', [...])
 6 SYSTEMPATH\CodeIgniter.php(933): App\Controllers\ReportsController->responses()
 7 SYSTEMPATH\CodeIgniter.php(507): CodeIgniter\CodeIgniter->runController(Object(App\Controllers\ReportsController))
 8 SYSTEMPATH\CodeIgniter.php(354): CodeIgniter\CodeIgniter->handleRequest(null, Object(Config\Cache), false)
 9 SYSTEMPATH\Boot.php(334): CodeIgniter\CodeIgniter->run()
10 SYSTEMPATH\Boot.php(67): CodeIgniter\Boot::runCodeIgniter(Object(CodeIgniter\CodeIgniter))
11 FCPATH\index.php(56): CodeIgniter\Boot::bootWeb(Object(Config\Paths))
DEBUG - 2025-04-02 02:18:26 --> Session: Class initialized using 'CodeIgniter\Session\Handlers\FileHandler' driver.
CRITICAL - 2025-04-02 02:18:26 --> CodeIgniter\View\Exceptions\ViewException: Invalid file: "reports/responses-view.php"
[Method: GET, Route: reports/responses]
in SYSTEMPATH\Exceptions\FrameworkException.php on line 39.
 1 SYSTEMPATH\View\View.php(212): CodeIgniter\Exceptions\FrameworkException::forInvalidFile('reports/responses-view.php')
 2 SYSTEMPATH\Common.php(1173): CodeIgniter\View\View->render('reports/responses-view', [], true)
 3 APPPATH\Views\admin\main.php(206): view('reports/responses-view')
 4 SYSTEMPATH\View\View.php(224): include('C:\\xampp\\htdocs\\dostx_cssv3\\app\\Views\\admin\\main.php')
 5 SYSTEMPATH\View\View.php(227): CodeIgniter\View\View->CodeIgniter\View\{closure}()
 6 SYSTEMPATH\Common.php(1173): CodeIgniter\View\View->render('admin/main', [], true)
 7 APPPATH\Controllers\ReportsController.php(42): view('admin/main', [...])
 8 SYSTEMPATH\CodeIgniter.php(933): App\Controllers\ReportsController->responses()
 9 SYSTEMPATH\CodeIgniter.php(507): CodeIgniter\CodeIgniter->runController(Object(App\Controllers\ReportsController))
10 SYSTEMPATH\CodeIgniter.php(354): CodeIgniter\CodeIgniter->handleRequest(null, Object(Config\Cache), false)
11 SYSTEMPATH\Boot.php(334): CodeIgniter\CodeIgniter->run()
12 SYSTEMPATH\Boot.php(67): CodeIgniter\Boot::runCodeIgniter(Object(CodeIgniter\CodeIgniter))
13 FCPATH\index.php(56): CodeIgniter\Boot::bootWeb(Object(Config\Paths))
DEBUG - 2025-04-02 02:18:37 --> Session: Class initialized using 'CodeIgniter\Session\Handlers\FileHandler' driver.
CRITICAL - 2025-04-02 02:18:37 --> ErrorException: Undefined variable $reponses
[Method: GET, Route: reports/responses]
in APPPATH\Views\reports\responses-view.php on line 117.
 1 APPPATH\Views\reports\responses-view.php(117): CodeIgniter\Debug\Exceptions->errorHandler(2, 'Undefined variable $reponses', 'C:\\xampp\\htdocs\\dostx_cssv3\\app\\Views\\reports\\responses-view.php', 117)
 2 SYSTEMPATH\View\View.php(224): include('C:\\xampp\\htdocs\\dostx_cssv3\\app\\Views\\reports\\responses-view.php')
 3 SYSTEMPATH\View\View.php(227): CodeIgniter\View\View->CodeIgniter\View\{closure}()
 4 SYSTEMPATH\Common.php(1173): CodeIgniter\View\View->render('reports/responses-view', [], true)
 5 APPPATH\Views\admin\main.php(206): view('reports/responses-view')
 6 SYSTEMPATH\View\View.php(224): include('C:\\xampp\\htdocs\\dostx_cssv3\\app\\Views\\admin\\main.php')
 7 SYSTEMPATH\View\View.php(227): CodeIgniter\View\View->CodeIgniter\View\{closure}()
 8 SYSTEMPATH\Common.php(1173): CodeIgniter\View\View->render('admin/main', [], true)
 9 APPPATH\Controllers\ReportsController.php(42): view('admin/main', [...])
10 SYSTEMPATH\CodeIgniter.php(933): App\Controllers\ReportsController->responses()
11 SYSTEMPATH\CodeIgniter.php(507): CodeIgniter\CodeIgniter->runController(Object(App\Controllers\ReportsController))
12 SYSTEMPATH\CodeIgniter.php(354): CodeIgniter\CodeIgniter->handleRequest(null, Object(Config\Cache), false)
13 SYSTEMPATH\Boot.php(334): CodeIgniter\CodeIgniter->run()
14 SYSTEMPATH\Boot.php(67): CodeIgniter\Boot::runCodeIgniter(Object(CodeIgniter\CodeIgniter))
15 FCPATH\index.php(56): CodeIgniter\Boot::bootWeb(Object(Config\Paths))
DEBUG - 2025-04-02 02:21:47 --> Session: Class initialized using 'CodeIgniter\Session\Handlers\FileHandler' driver.
CRITICAL - 2025-04-02 02:21:47 --> ErrorException: Undefined variable $reponses
[Method: GET, Route: reports/responses]
in APPPATH\Views\reports\responses-view.php on line 117.
 1 APPPATH\Views\reports\responses-view.php(117): CodeIgniter\Debug\Exceptions->errorHandler(2, 'Undefined variable $reponses', 'C:\\xampp\\htdocs\\dostx_cssv3\\app\\Views\\reports\\responses-view.php', 117)
 2 SYSTEMPATH\View\View.php(224): include('C:\\xampp\\htdocs\\dostx_cssv3\\app\\Views\\reports\\responses-view.php')
 3 SYSTEMPATH\View\View.php(227): CodeIgniter\View\View->CodeIgniter\View\{closure}()
 4 SYSTEMPATH\Common.php(1173): CodeIgniter\View\View->render('reports/responses-view', [], true)
 5 APPPATH\Views\admin\main.php(206): view('reports/responses-view')
 6 SYSTEMPATH\View\View.php(224): include('C:\\xampp\\htdocs\\dostx_cssv3\\app\\Views\\admin\\main.php')
 7 SYSTEMPATH\View\View.php(227): CodeIgniter\View\View->CodeIgniter\View\{closure}()
 8 SYSTEMPATH\Common.php(1173): CodeIgniter\View\View->render('admin/main', [], true)
 9 APPPATH\Controllers\ReportsController.php(42): view('admin/main', [...])
10 SYSTEMPATH\CodeIgniter.php(933): App\Controllers\ReportsController->responses()
11 SYSTEMPATH\CodeIgniter.php(507): CodeIgniter\CodeIgniter->runController(Object(App\Controllers\ReportsController))
12 SYSTEMPATH\CodeIgniter.php(354): CodeIgniter\CodeIgniter->handleRequest(null, Object(Config\Cache), false)
13 SYSTEMPATH\Boot.php(334): CodeIgniter\CodeIgniter->run()
14 SYSTEMPATH\Boot.php(67): CodeIgniter\Boot::runCodeIgniter(Object(CodeIgniter\CodeIgniter))
15 FCPATH\index.php(56): CodeIgniter\Boot::bootWeb(Object(Config\Paths))
DEBUG - 2025-04-02 02:22:36 --> Session: Class initialized using 'CodeIgniter\Session\Handlers\FileHandler' driver.
DEBUG - 2025-04-02 02:22:42 --> Session: Class initialized using 'CodeIgniter\Session\Handlers\FileHandler' driver.
DEBUG - 2025-04-02 02:22:46 --> Session: Class initialized using 'CodeIgniter\Session\Handlers\FileHandler' driver.
CRITICAL - 2025-04-02 02:22:46 --> ErrorException: Undefined variable $reponses
[Method: GET, Route: reports/responses]
in APPPATH\Views\reports\responses-view.php on line 117.
 1 APPPATH\Views\reports\responses-view.php(117): CodeIgniter\Debug\Exceptions->errorHandler(2, 'Undefined variable $reponses', 'C:\\xampp\\htdocs\\dostx_cssv3\\app\\Views\\reports\\responses-view.php', 117)
 2 SYSTEMPATH\View\View.php(224): include('C:\\xampp\\htdocs\\dostx_cssv3\\app\\Views\\reports\\responses-view.php')
 3 SYSTEMPATH\View\View.php(227): CodeIgniter\View\View->CodeIgniter\View\{closure}()
 4 SYSTEMPATH\Common.php(1173): CodeIgniter\View\View->render('reports/responses-view', [], true)
 5 APPPATH\Views\admin\main.php(206): view('reports/responses-view')
 6 SYSTEMPATH\View\View.php(224): include('C:\\xampp\\htdocs\\dostx_cssv3\\app\\Views\\admin\\main.php')
 7 SYSTEMPATH\View\View.php(227): CodeIgniter\View\View->CodeIgniter\View\{closure}()
 8 SYSTEMPATH\Common.php(1173): CodeIgniter\View\View->render('admin/main', [], true)
 9 APPPATH\Controllers\ReportsController.php(37): view('admin/main', [...])
10 SYSTEMPATH\CodeIgniter.php(933): App\Controllers\ReportsController->responses()
11 SYSTEMPATH\CodeIgniter.php(507): CodeIgniter\CodeIgniter->runController(Object(App\Controllers\ReportsController))
12 SYSTEMPATH\CodeIgniter.php(354): CodeIgniter\CodeIgniter->handleRequest(null, Object(Config\Cache), false)
13 SYSTEMPATH\Boot.php(334): CodeIgniter\CodeIgniter->run()
14 SYSTEMPATH\Boot.php(67): CodeIgniter\Boot::runCodeIgniter(Object(CodeIgniter\CodeIgniter))
15 FCPATH\index.php(56): CodeIgniter\Boot::bootWeb(Object(Config\Paths))
DEBUG - 2025-04-02 02:23:44 --> Session: Class initialized using 'CodeIgniter\Session\Handlers\FileHandler' driver.
CRITICAL - 2025-04-02 02:23:44 --> ErrorException: Undefined variable $reponses
[Method: GET, Route: reports/responses]
in APPPATH\Views\reports\responses-view.php on line 117.
 1 APPPATH\Views\reports\responses-view.php(117): CodeIgniter\Debug\Exceptions->errorHandler(2, 'Undefined variable $reponses', 'C:\\xampp\\htdocs\\dostx_cssv3\\app\\Views\\reports\\responses-view.php', 117)
 2 SYSTEMPATH\View\View.php(224): include('C:\\xampp\\htdocs\\dostx_cssv3\\app\\Views\\reports\\responses-view.php')
 3 SYSTEMPATH\View\View.php(227): CodeIgniter\View\View->CodeIgniter\View\{closure}()
 4 SYSTEMPATH\Common.php(1173): CodeIgniter\View\View->render('reports/responses-view', [], true)
 5 APPPATH\Views\admin\main.php(198): view('reports/responses-view')
 6 SYSTEMPATH\View\View.php(224): include('C:\\xampp\\htdocs\\dostx_cssv3\\app\\Views\\admin\\main.php')
 7 SYSTEMPATH\View\View.php(227): CodeIgniter\View\View->CodeIgniter\View\{closure}()
 8 SYSTEMPATH\Common.php(1173): CodeIgniter\View\View->render('admin/main', [], true)
 9 APPPATH\Controllers\ReportsController.php(37): view('admin/main', [...])
10 SYSTEMPATH\CodeIgniter.php(933): App\Controllers\ReportsController->responses()
11 SYSTEMPATH\CodeIgniter.php(507): CodeIgniter\CodeIgniter->runController(Object(App\Controllers\ReportsController))
12 SYSTEMPATH\CodeIgniter.php(354): CodeIgniter\CodeIgniter->handleRequest(null, Object(Config\Cache), false)
13 SYSTEMPATH\Boot.php(334): CodeIgniter\CodeIgniter->run()
14 SYSTEMPATH\Boot.php(67): CodeIgniter\Boot::runCodeIgniter(Object(CodeIgniter\CodeIgniter))
15 FCPATH\index.php(56): CodeIgniter\Boot::bootWeb(Object(Config\Paths))
DEBUG - 2025-04-02 02:24:20 --> Session: Class initialized using 'CodeIgniter\Session\Handlers\FileHandler' driver.
CRITICAL - 2025-04-02 02:24:20 --> ErrorException: Undefined variable $reponses
[Method: GET, Route: reports/responses]
in APPPATH\Views\reports\responses-view.php on line 117.
 1 APPPATH\Views\reports\responses-view.php(117): CodeIgniter\Debug\Exceptions->errorHandler(2, 'Undefined variable $reponses', 'C:\\xampp\\htdocs\\dostx_cssv3\\app\\Views\\reports\\responses-view.php', 117)
 2 SYSTEMPATH\View\View.php(224): include('C:\\xampp\\htdocs\\dostx_cssv3\\app\\Views\\reports\\responses-view.php')
 3 SYSTEMPATH\View\View.php(227): CodeIgniter\View\View->CodeIgniter\View\{closure}()
 4 SYSTEMPATH\Common.php(1173): CodeIgniter\View\View->render('reports/responses-view', [], true)
 5 APPPATH\Views\admin\main.php(201): view('reports/responses-view')
 6 SYSTEMPATH\View\View.php(224): include('C:\\xampp\\htdocs\\dostx_cssv3\\app\\Views\\admin\\main.php')
 7 SYSTEMPATH\View\View.php(227): CodeIgniter\View\View->CodeIgniter\View\{closure}()
 8 SYSTEMPATH\Common.php(1173): CodeIgniter\View\View->render('admin/main', [], true)
 9 APPPATH\Controllers\ReportsController.php(37): view('admin/main', [...])
10 SYSTEMPATH\CodeIgniter.php(933): App\Controllers\ReportsController->responses()
11 SYSTEMPATH\CodeIgniter.php(507): CodeIgniter\CodeIgniter->runController(Object(App\Controllers\ReportsController))
12 SYSTEMPATH\CodeIgniter.php(354): CodeIgniter\CodeIgniter->handleRequest(null, Object(Config\Cache), false)
13 SYSTEMPATH\Boot.php(334): CodeIgniter\CodeIgniter->run()
14 SYSTEMPATH\Boot.php(67): CodeIgniter\Boot::runCodeIgniter(Object(CodeIgniter\CodeIgniter))
15 FCPATH\index.php(56): CodeIgniter\Boot::bootWeb(Object(Config\Paths))
DEBUG - 2025-04-02 02:24:28 --> Session: Class initialized using 'CodeIgniter\Session\Handlers\FileHandler' driver.
DEBUG - 2025-04-02 02:24:53 --> Session: Class initialized using 'CodeIgniter\Session\Handlers\FileHandler' driver.
CRITICAL - 2025-04-02 02:24:53 --> ErrorException: Undefined variable $reponses
[Method: GET, Route: reports/responses]
in APPPATH\Views\reports\responses-view.php on line 117.
 1 APPPATH\Views\reports\responses-view.php(117): CodeIgniter\Debug\Exceptions->errorHandler(2, 'Undefined variable $reponses', 'C:\\xampp\\htdocs\\dostx_cssv3\\app\\Views\\reports\\responses-view.php', 117)
 2 SYSTEMPATH\View\View.php(224): include('C:\\xampp\\htdocs\\dostx_cssv3\\app\\Views\\reports\\responses-view.php')
 3 SYSTEMPATH\View\View.php(227): CodeIgniter\View\View->CodeIgniter\View\{closure}()
 4 SYSTEMPATH\Common.php(1173): CodeIgniter\View\View->render('reports/responses-view', [], true)
 5 APPPATH\Views\admin\main.php(201): view('reports/responses-view')
 6 SYSTEMPATH\View\View.php(224): include('C:\\xampp\\htdocs\\dostx_cssv3\\app\\Views\\admin\\main.php')
 7 SYSTEMPATH\View\View.php(227): CodeIgniter\View\View->CodeIgniter\View\{closure}()
 8 SYSTEMPATH\Common.php(1173): CodeIgniter\View\View->render('admin/main', [], true)
 9 APPPATH\Controllers\ReportsController.php(39): view('admin/main', [...])
10 SYSTEMPATH\CodeIgniter.php(933): App\Controllers\ReportsController->responses()
11 SYSTEMPATH\CodeIgniter.php(507): CodeIgniter\CodeIgniter->runController(Object(App\Controllers\ReportsController))
12 SYSTEMPATH\CodeIgniter.php(354): CodeIgniter\CodeIgniter->handleRequest(null, Object(Config\Cache), false)
13 SYSTEMPATH\Boot.php(334): CodeIgniter\CodeIgniter->run()
14 SYSTEMPATH\Boot.php(67): CodeIgniter\Boot::runCodeIgniter(Object(CodeIgniter\CodeIgniter))
15 FCPATH\index.php(56): CodeIgniter\Boot::bootWeb(Object(Config\Paths))
DEBUG - 2025-04-02 02:25:43 --> Session: Class initialized using 'CodeIgniter\Session\Handlers\FileHandler' driver.
CRITICAL - 2025-04-02 02:25:43 --> ErrorException: Undefined variable $reponses
[Method: GET, Route: reports/responses]
in APPPATH\Views\reports\responses-view.php on line 117.
 1 APPPATH\Views\reports\responses-view.php(117): CodeIgniter\Debug\Exceptions->errorHandler(2, 'Undefined variable $reponses', 'C:\\xampp\\htdocs\\dostx_cssv3\\app\\Views\\reports\\responses-view.php', 117)
 2 SYSTEMPATH\View\View.php(224): include('C:\\xampp\\htdocs\\dostx_cssv3\\app\\Views\\reports\\responses-view.php')
 3 SYSTEMPATH\View\View.php(227): CodeIgniter\View\View->CodeIgniter\View\{closure}()
 4 SYSTEMPATH\Common.php(1173): CodeIgniter\View\View->render('reports/responses-view', [], true)
 5 APPPATH\Views\admin\main.php(201): view('reports/responses-view')
 6 SYSTEMPATH\View\View.php(224): include('C:\\xampp\\htdocs\\dostx_cssv3\\app\\Views\\admin\\main.php')
 7 SYSTEMPATH\View\View.php(227): CodeIgniter\View\View->CodeIgniter\View\{closure}()
 8 SYSTEMPATH\Common.php(1173): CodeIgniter\View\View->render('admin/main', [], true)
 9 APPPATH\Controllers\ReportsController.php(39): view('admin/main', [...])
10 SYSTEMPATH\CodeIgniter.php(933): App\Controllers\ReportsController->responses()
11 SYSTEMPATH\CodeIgniter.php(507): CodeIgniter\CodeIgniter->runController(Object(App\Controllers\ReportsController))
12 SYSTEMPATH\CodeIgniter.php(354): CodeIgniter\CodeIgniter->handleRequest(null, Object(Config\Cache), false)
13 SYSTEMPATH\Boot.php(334): CodeIgniter\CodeIgniter->run()
14 SYSTEMPATH\Boot.php(67): CodeIgniter\Boot::runCodeIgniter(Object(CodeIgniter\CodeIgniter))
15 FCPATH\index.php(56): CodeIgniter\Boot::bootWeb(Object(Config\Paths))
DEBUG - 2025-04-02 02:25:46 --> Session: Class initialized using 'CodeIgniter\Session\Handlers\FileHandler' driver.
CRITICAL - 2025-04-02 02:25:46 --> ErrorException: Undefined variable $reponses
[Method: GET, Route: reports/responses]
in APPPATH\Views\reports\responses-view.php on line 117.
 1 APPPATH\Views\reports\responses-view.php(117): CodeIgniter\Debug\Exceptions->errorHandler(2, 'Undefined variable $reponses', 'C:\\xampp\\htdocs\\dostx_cssv3\\app\\Views\\reports\\responses-view.php', 117)
 2 SYSTEMPATH\View\View.php(224): include('C:\\xampp\\htdocs\\dostx_cssv3\\app\\Views\\reports\\responses-view.php')
 3 SYSTEMPATH\View\View.php(227): CodeIgniter\View\View->CodeIgniter\View\{closure}()
 4 SYSTEMPATH\Common.php(1173): CodeIgniter\View\View->render('reports/responses-view', [], true)
 5 APPPATH\Views\admin\main.php(201): view('reports/responses-view')
 6 SYSTEMPATH\View\View.php(224): include('C:\\xampp\\htdocs\\dostx_cssv3\\app\\Views\\admin\\main.php')
 7 SYSTEMPATH\View\View.php(227): CodeIgniter\View\View->CodeIgniter\View\{closure}()
 8 SYSTEMPATH\Common.php(1173): CodeIgniter\View\View->render('admin/main', [], true)
 9 APPPATH\Controllers\ReportsController.php(38): view('admin/main', [...])
10 SYSTEMPATH\CodeIgniter.php(933): App\Controllers\ReportsController->responses()
11 SYSTEMPATH\CodeIgniter.php(507): CodeIgniter\CodeIgniter->runController(Object(App\Controllers\ReportsController))
12 SYSTEMPATH\CodeIgniter.php(354): CodeIgniter\CodeIgniter->handleRequest(null, Object(Config\Cache), false)
13 SYSTEMPATH\Boot.php(334): CodeIgniter\CodeIgniter->run()
14 SYSTEMPATH\Boot.php(67): CodeIgniter\Boot::runCodeIgniter(Object(CodeIgniter\CodeIgniter))
15 FCPATH\index.php(56): CodeIgniter\Boot::bootWeb(Object(Config\Paths))
DEBUG - 2025-04-02 02:26:52 --> Session: Class initialized using 'CodeIgniter\Session\Handlers\FileHandler' driver.
DEBUG - 2025-04-02 02:27:02 --> Session: Class initialized using 'CodeIgniter\Session\Handlers\FileHandler' driver.
DEBUG - 2025-04-02 02:27:42 --> Session: Class initialized using 'CodeIgniter\Session\Handlers\FileHandler' driver.
DEBUG - 2025-04-02 02:27:48 --> Session: Class initialized using 'CodeIgniter\Session\Handlers\FileHandler' driver.
DEBUG - 2025-04-02 02:27:51 --> Session: Class initialized using 'CodeIgniter\Session\Handlers\FileHandler' driver.
DEBUG - 2025-04-02 02:28:23 --> Session: Class initialized using 'CodeIgniter\Session\Handlers\FileHandler' driver.
DEBUG - 2025-04-02 03:23:38 --> Session: Class initialized using 'CodeIgniter\Session\Handlers\FileHandler' driver.
DEBUG - 2025-04-02 03:24:43 --> Session: Class initialized using 'CodeIgniter\Session\Handlers\FileHandler' driver.
DEBUG - 2025-04-02 03:25:28 --> Session: Class initialized using 'CodeIgniter\Session\Handlers\FileHandler' driver.
CRITICAL - 2025-04-02 03:25:28 --> ErrorException: Undefined variable $reponses
[Method: GET, Route: reports/responses]
in APPPATH\Views\reports\responses-view.php on line 117.
 1 APPPATH\Views\reports\responses-view.php(117): CodeIgniter\Debug\Exceptions->errorHandler(2, 'Undefined variable $reponses', 'C:\\xampp\\htdocs\\dostx_cssv3\\app\\Views\\reports\\responses-view.php', 117)
 2 SYSTEMPATH\View\View.php(224): include('C:\\xampp\\htdocs\\dostx_cssv3\\app\\Views\\reports\\responses-view.php')
 3 SYSTEMPATH\View\View.php(227): CodeIgniter\View\View->CodeIgniter\View\{closure}()
 4 SYSTEMPATH\Common.php(1173): CodeIgniter\View\View->render('reports/responses-view', [], true)
 5 APPPATH\Controllers\ReportsController.php(35): view('reports/responses-view', [...])
 6 SYSTEMPATH\CodeIgniter.php(933): App\Controllers\ReportsController->responses()
 7 SYSTEMPATH\CodeIgniter.php(507): CodeIgniter\CodeIgniter->runController(Object(App\Controllers\ReportsController))
 8 SYSTEMPATH\CodeIgniter.php(354): CodeIgniter\CodeIgniter->handleRequest(null, Object(Config\Cache), false)
 9 SYSTEMPATH\Boot.php(334): CodeIgniter\CodeIgniter->run()
10 SYSTEMPATH\Boot.php(67): CodeIgniter\Boot::runCodeIgniter(Object(CodeIgniter\CodeIgniter))
11 FCPATH\index.php(56): CodeIgniter\Boot::bootWeb(Object(Config\Paths))
DEBUG - 2025-04-02 03:26:23 --> Session: Class initialized using 'CodeIgniter\Session\Handlers\FileHandler' driver.
CRITICAL - 2025-04-02 03:26:23 --> ErrorException: Undefined variable $reponses
[Method: GET, Route: reports/responses]
in APPPATH\Views\reports\responses-view.php on line 123.
 1 APPPATH\Views\reports\responses-view.php(123): CodeIgniter\Debug\Exceptions->errorHandler(2, 'Undefined variable $reponses', 'C:\\xampp\\htdocs\\dostx_cssv3\\app\\Views\\reports\\responses-view.php', 123)
 2 SYSTEMPATH\View\View.php(224): include('C:\\xampp\\htdocs\\dostx_cssv3\\app\\Views\\reports\\responses-view.php')
 3 SYSTEMPATH\View\View.php(227): CodeIgniter\View\View->CodeIgniter\View\{closure}()
 4 SYSTEMPATH\Common.php(1173): CodeIgniter\View\View->render('reports/responses-view', [], true)
 5 APPPATH\Controllers\ReportsController.php(35): view('reports/responses-view', [...])
 6 SYSTEMPATH\CodeIgniter.php(933): App\Controllers\ReportsController->responses()
 7 SYSTEMPATH\CodeIgniter.php(507): CodeIgniter\CodeIgniter->runController(Object(App\Controllers\ReportsController))
 8 SYSTEMPATH\CodeIgniter.php(354): CodeIgniter\CodeIgniter->handleRequest(null, Object(Config\Cache), false)
 9 SYSTEMPATH\Boot.php(334): CodeIgniter\CodeIgniter->run()
10 SYSTEMPATH\Boot.php(67): CodeIgniter\Boot::runCodeIgniter(Object(CodeIgniter\CodeIgniter))
11 FCPATH\index.php(56): CodeIgniter\Boot::bootWeb(Object(Config\Paths))
DEBUG - 2025-04-02 03:26:24 --> Session: Class initialized using 'CodeIgniter\Session\Handlers\FileHandler' driver.
CRITICAL - 2025-04-02 03:26:24 --> ErrorException: Undefined variable $reponses
[Method: GET, Route: reports/responses]
in APPPATH\Views\reports\responses-view.php on line 123.
 1 APPPATH\Views\reports\responses-view.php(123): CodeIgniter\Debug\Exceptions->errorHandler(2, 'Undefined variable $reponses', 'C:\\xampp\\htdocs\\dostx_cssv3\\app\\Views\\reports\\responses-view.php', 123)
 2 SYSTEMPATH\View\View.php(224): include('C:\\xampp\\htdocs\\dostx_cssv3\\app\\Views\\reports\\responses-view.php')
 3 SYSTEMPATH\View\View.php(227): CodeIgniter\View\View->CodeIgniter\View\{closure}()
 4 SYSTEMPATH\Common.php(1173): CodeIgniter\View\View->render('reports/responses-view', [], true)
 5 APPPATH\Controllers\ReportsController.php(35): view('reports/responses-view', [...])
 6 SYSTEMPATH\CodeIgniter.php(933): App\Controllers\ReportsController->responses()
 7 SYSTEMPATH\CodeIgniter.php(507): CodeIgniter\CodeIgniter->runController(Object(App\Controllers\ReportsController))
 8 SYSTEMPATH\CodeIgniter.php(354): CodeIgniter\CodeIgniter->handleRequest(null, Object(Config\Cache), false)
 9 SYSTEMPATH\Boot.php(334): CodeIgniter\CodeIgniter->run()
10 SYSTEMPATH\Boot.php(67): CodeIgniter\Boot::runCodeIgniter(Object(CodeIgniter\CodeIgniter))
11 FCPATH\index.php(56): CodeIgniter\Boot::bootWeb(Object(Config\Paths))
DEBUG - 2025-04-02 03:26:41 --> Session: Class initialized using 'CodeIgniter\Session\Handlers\FileHandler' driver.
CRITICAL - 2025-04-02 03:26:41 --> ErrorException: Undefined variable $reponses
[Method: GET, Route: reports/responses]
in APPPATH\Views\reports\responses-view.php on line 123.
 1 APPPATH\Views\reports\responses-view.php(123): CodeIgniter\Debug\Exceptions->errorHandler(2, 'Undefined variable $reponses', 'C:\\xampp\\htdocs\\dostx_cssv3\\app\\Views\\reports\\responses-view.php', 123)
 2 SYSTEMPATH\View\View.php(224): include('C:\\xampp\\htdocs\\dostx_cssv3\\app\\Views\\reports\\responses-view.php')
 3 SYSTEMPATH\View\View.php(227): CodeIgniter\View\View->CodeIgniter\View\{closure}()
 4 SYSTEMPATH\Common.php(1173): CodeIgniter\View\View->render('reports/responses-view', [], true)
 5 APPPATH\Controllers\ReportsController.php(35): view('reports/responses-view', [...])
 6 SYSTEMPATH\CodeIgniter.php(933): App\Controllers\ReportsController->responses()
 7 SYSTEMPATH\CodeIgniter.php(507): CodeIgniter\CodeIgniter->runController(Object(App\Controllers\ReportsController))
 8 SYSTEMPATH\CodeIgniter.php(354): CodeIgniter\CodeIgniter->handleRequest(null, Object(Config\Cache), false)
 9 SYSTEMPATH\Boot.php(334): CodeIgniter\CodeIgniter->run()
10 SYSTEMPATH\Boot.php(67): CodeIgniter\Boot::runCodeIgniter(Object(CodeIgniter\CodeIgniter))
11 FCPATH\index.php(56): CodeIgniter\Boot::bootWeb(Object(Config\Paths))
DEBUG - 2025-04-02 03:27:15 --> Session: Class initialized using 'CodeIgniter\Session\Handlers\FileHandler' driver.
DEBUG - 2025-04-02 03:27:21 --> Session: Class initialized using 'CodeIgniter\Session\Handlers\FileHandler' driver.
CRITICAL - 2025-04-02 03:27:22 --> ErrorException: Array to string conversion
[Method: GET, Route: reports/responses]
in APPPATH\Views\reports\responses-view.php on line 8.
 1 APPPATH\Views\reports\responses-view.php(8): CodeIgniter\Debug\Exceptions->errorHandler(2, 'Array to string conversion', 'C:\\xampp\\htdocs\\dostx_cssv3\\app\\Views\\reports\\responses-view.php', 8)
 2 SYSTEMPATH\View\View.php(224): include('C:\\xampp\\htdocs\\dostx_cssv3\\app\\Views\\reports\\responses-view.php')
 3 SYSTEMPATH\View\View.php(227): CodeIgniter\View\View->CodeIgniter\View\{closure}()
 4 SYSTEMPATH\Common.php(1173): CodeIgniter\View\View->render('reports/responses-view', [], true)
 5 APPPATH\Controllers\ReportsController.php(35): view('reports/responses-view', [...])
 6 SYSTEMPATH\CodeIgniter.php(933): App\Controllers\ReportsController->responses()
 7 SYSTEMPATH\CodeIgniter.php(507): CodeIgniter\CodeIgniter->runController(Object(App\Controllers\ReportsController))
 8 SYSTEMPATH\CodeIgniter.php(354): CodeIgniter\CodeIgniter->handleRequest(null, Object(Config\Cache), false)
 9 SYSTEMPATH\Boot.php(334): CodeIgniter\CodeIgniter->run()
10 SYSTEMPATH\Boot.php(67): CodeIgniter\Boot::runCodeIgniter(Object(CodeIgniter\CodeIgniter))
11 FCPATH\index.php(56): CodeIgniter\Boot::bootWeb(Object(Config\Paths))
DEBUG - 2025-04-02 03:27:38 --> Session: Class initialized using 'CodeIgniter\Session\Handlers\FileHandler' driver.
DEBUG - 2025-04-02 03:27:43 --> Session: Class initialized using 'CodeIgniter\Session\Handlers\FileHandler' driver.
CRITICAL - 2025-04-02 03:27:43 --> ErrorException: Undefined variable $reponses
[Method: GET, Route: reports/responses]
in APPPATH\Views\reports\responses-view.php on line 123.
 1 APPPATH\Views\reports\responses-view.php(123): CodeIgniter\Debug\Exceptions->errorHandler(2, 'Undefined variable $reponses', 'C:\\xampp\\htdocs\\dostx_cssv3\\app\\Views\\reports\\responses-view.php', 123)
 2 SYSTEMPATH\View\View.php(224): include('C:\\xampp\\htdocs\\dostx_cssv3\\app\\Views\\reports\\responses-view.php')
 3 SYSTEMPATH\View\View.php(227): CodeIgniter\View\View->CodeIgniter\View\{closure}()
 4 SYSTEMPATH\Common.php(1173): CodeIgniter\View\View->render('reports/responses-view', [], true)
 5 APPPATH\Controllers\ReportsController.php(35): view('reports/responses-view', [...])
 6 SYSTEMPATH\CodeIgniter.php(933): App\Controllers\ReportsController->responses()
 7 SYSTEMPATH\CodeIgniter.php(507): CodeIgniter\CodeIgniter->runController(Object(App\Controllers\ReportsController))
 8 SYSTEMPATH\CodeIgniter.php(354): CodeIgniter\CodeIgniter->handleRequest(null, Object(Config\Cache), false)
 9 SYSTEMPATH\Boot.php(334): CodeIgniter\CodeIgniter->run()
10 SYSTEMPATH\Boot.php(67): CodeIgniter\Boot::runCodeIgniter(Object(CodeIgniter\CodeIgniter))
11 FCPATH\index.php(56): CodeIgniter\Boot::bootWeb(Object(Config\Paths))
DEBUG - 2025-04-02 03:27:54 --> Session: Class initialized using 'CodeIgniter\Session\Handlers\FileHandler' driver.
DEBUG - 2025-04-02 03:28:01 --> Session: Class initialized using 'CodeIgniter\Session\Handlers\FileHandler' driver.
DEBUG - 2025-04-02 03:28:03 --> Session: Class initialized using 'CodeIgniter\Session\Handlers\FileHandler' driver.
DEBUG - 2025-04-02 03:28:05 --> Session: Class initialized using 'CodeIgniter\Session\Handlers\FileHandler' driver.
DEBUG - 2025-04-02 03:28:06 --> Session: Class initialized using 'CodeIgniter\Session\Handlers\FileHandler' driver.
DEBUG - 2025-04-02 03:28:09 --> Session: Class initialized using 'CodeIgniter\Session\Handlers\FileHandler' driver.
DEBUG - 2025-04-02 03:28:11 --> Session: Class initialized using 'CodeIgniter\Session\Handlers\FileHandler' driver.
DEBUG - 2025-04-02 03:28:15 --> Session: Class initialized using 'CodeIgniter\Session\Handlers\FileHandler' driver.
DEBUG - 2025-04-02 03:28:17 --> Session: Class initialized using 'CodeIgniter\Session\Handlers\FileHandler' driver.
DEBUG - 2025-04-02 03:28:18 --> Session: Class initialized using 'CodeIgniter\Session\Handlers\FileHandler' driver.
DEBUG - 2025-04-02 03:28:19 --> Session: Class initialized using 'CodeIgniter\Session\Handlers\FileHandler' driver.
DEBUG - 2025-04-02 03:28:21 --> Session: Class initialized using 'CodeIgniter\Session\Handlers\FileHandler' driver.
DEBUG - 2025-04-02 03:48:44 --> Session: Class initialized using 'CodeIgniter\Session\Handlers\FileHandler' driver.
DEBUG - 2025-04-02 03:58:48 --> Session: Class initialized using 'CodeIgniter\Session\Handlers\FileHandler' driver.
DEBUG - 2025-04-02 03:58:51 --> Session: Class initialized using 'CodeIgniter\Session\Handlers\FileHandler' driver.
DEBUG - 2025-04-02 03:58:53 --> Session: Class initialized using 'CodeIgniter\Session\Handlers\FileHandler' driver.
DEBUG - 2025-04-02 03:58:55 --> Session: Class initialized using 'CodeIgniter\Session\Handlers\FileHandler' driver.
DEBUG - 2025-04-02 03:58:57 --> Session: Class initialized using 'CodeIgniter\Session\Handlers\FileHandler' driver.
DEBUG - 2025-04-02 03:58:59 --> Session: Class initialized using 'CodeIgniter\Session\Handlers\FileHandler' driver.
DEBUG - 2025-04-02 03:59:02 --> Session: Class initialized using 'CodeIgniter\Session\Handlers\FileHandler' driver.
DEBUG - 2025-04-02 03:59:04 --> Session: Class initialized using 'CodeIgniter\Session\Handlers\FileHandler' driver.
DEBUG - 2025-04-02 03:59:06 --> Session: Class initialized using 'CodeIgniter\Session\Handlers\FileHandler' driver.
DEBUG - 2025-04-02 03:59:54 --> Session: Class initialized using 'CodeIgniter\Session\Handlers\FileHandler' driver.
DEBUG - 2025-04-02 04:00:10 --> Session: Class initialized using 'CodeIgniter\Session\Handlers\FileHandler' driver.
DEBUG - 2025-04-02 04:00:30 --> Session: Class initialized using 'CodeIgniter\Session\Handlers\FileHandler' driver.
DEBUG - 2025-04-02 04:29:33 --> Session: Class initialized using 'CodeIgniter\Session\Handlers\FileHandler' driver.
DEBUG - 2025-04-02 05:07:46 --> Session: Class initialized using 'CodeIgniter\Session\Handlers\FileHandler' driver.
ERROR - 2025-04-02 05:07:46 --> mysqli_sql_exception: Unknown column 'services.is_cc AS service_is_cc agegroup.agegroup' in 'field list' in C:\xampp\htdocs\dostx_cssv3\system\Database\MySQLi\Connection.php:327
Stack trace:
#0 C:\xampp\htdocs\dostx_cssv3\system\Database\MySQLi\Connection.php(327): mysqli->query('SELECT `css`.`c...', 0)
#1 C:\xampp\htdocs\dostx_cssv3\system\Database\BaseConnection.php(738): CodeIgniter\Database\MySQLi\Connection->execute('SELECT `css`.`c...')
#2 C:\xampp\htdocs\dostx_cssv3\system\Database\BaseConnection.php(652): CodeIgniter\Database\BaseConnection->simpleQuery('SELECT `css`.`c...')
#3 C:\xampp\htdocs\dostx_cssv3\system\Database\BaseBuilder.php(1649): CodeIgniter\Database\BaseConnection->query('SELECT `css`.`c...', Array, false)
#4 C:\xampp\htdocs\dostx_cssv3\app\Models\ReportsModel.php(99): CodeIgniter\Database\BaseBuilder->get()
#5 C:\xampp\htdocs\dostx_cssv3\app\Controllers\ReportsController.php(29): App\Models\ReportsModel->get_responses(Array)
#6 C:\xampp\htdocs\dostx_cssv3\system\CodeIgniter.php(933): App\Controllers\ReportsController->responses()
#7 C:\xampp\htdocs\dostx_cssv3\system\CodeIgniter.php(507): CodeIgniter\CodeIgniter->runController(Object(App\Controllers\ReportsController))
#8 C:\xampp\htdocs\dostx_cssv3\system\CodeIgniter.php(354): CodeIgniter\CodeIgniter->handleRequest(NULL, Object(Config\Cache), false)
#9 C:\xampp\htdocs\dostx_cssv3\system\Boot.php(334): CodeIgniter\CodeIgniter->run()
#10 C:\xampp\htdocs\dostx_cssv3\system\Boot.php(67): CodeIgniter\Boot::runCodeIgniter(Object(CodeIgniter\CodeIgniter))
#11 C:\xampp\htdocs\dostx_cssv3\index.php(56): CodeIgniter\Boot::bootWeb(Object(Config\Paths))
#12 {main}
CRITICAL - 2025-04-02 05:07:46 --> CodeIgniter\Database\Exceptions\DatabaseException: Unknown column 'services.is_cc AS service_is_cc agegroup.agegroup' in 'field list'
[Method: GET, Route: reports/responses]
in SYSTEMPATH\Database\BaseConnection.php on line 692.
 1 SYSTEMPATH\Database\BaseBuilder.php(1649): CodeIgniter\Database\BaseConnection->query('SELECT `css`.`csssummaryid`, `css`.`officeid`, `css`.`quarterid`, `css`.`servicesid`, `css`.`dost_personnel`, `css`.`clienttypeid`, `css`.`name` AS `summary_name`, `css`.`date` AS `summary_date`, `css`.`sex` AS `summary_sex`, `css`.`age` AS `summary_age`, `css`.`vul_sector` AS `summary_vul_sector`, `css`.`address` AS `summary_address`, `css`.`dost_info` AS `summary_dost_info`, `css`.`year` AS `summary_year`, `css`.`date_created` AS `summary_date_created`, `cc`.`cssdetailsccid`, `cc`.`cc1`, `cc`.`cc2`, `cc`.`cc3`, `sqd`.`cssdetailssqd`, `sqd`.`sqd0`, `sqd`.`sqd1`, `sqd`.`sqd2`, `sqd`.`sqd3`, `sqd`.`sqd4`, `sqd`.`sqd5`, `sqd`.`sqd6`, `sqd`.`sqd7`, `sqd`.`sqd8`, `sqd`.`email` AS `sqd_email`, `sqd`.`suggestions`, `office`.`name` AS `office_name`, `quarters`.`quarter` AS `quarter_name`, `clienttype`.`name` AS `client_type_name`, `services`.`name` AS `service_name`, `services`.`unit` AS `service_unit`, `services`.`is_external` AS `service_is_external`, `services`.`is_active` AS `service_is_active`, `services`.`is_cc AS service_is_cc agegroup`.`agegroup` as `agegroup`
FROM `tblcss_summary` `css`
LEFT JOIN `tblcss_details_cc` `cc` ON `css`.`csssummaryid` = `cc`.`csssummaryid`
LEFT JOIN `tblcss_details_sqd` `sqd` ON `css`.`csssummaryid` = `sqd`.`csssummaryid`
LEFT JOIN `tbloffice` `office` ON `css`.`officeid` = `office`.`officeid`
LEFT JOIN `tblquarters` `quarters` ON `css`.`quarterid` = `quarters`.`quarterid`
LEFT JOIN `tblclienttype` `clienttype` ON `css`.`clienttypeid` = `clienttype`.`clienttypeid`
LEFT JOIN `tblservices` `services` ON `css`.`servicesid` = `services`.`servicesid`
LEFT JOIN `tblagegroup` `agegroup` ON `css`.`age` = `agegroup`.`agegroupid`
WHERE `css`.`year` = :css.year:
ORDER BY `css`.`date_created` DESC', [...], false)
 2 APPPATH\Models\ReportsModel.php(99): CodeIgniter\Database\BaseBuilder->get()
 3 APPPATH\Controllers\ReportsController.php(29): App\Models\ReportsModel->get_responses([...])
 4 SYSTEMPATH\CodeIgniter.php(933): App\Controllers\ReportsController->responses()
 5 SYSTEMPATH\CodeIgniter.php(507): CodeIgniter\CodeIgniter->runController(Object(App\Controllers\ReportsController))
 6 SYSTEMPATH\CodeIgniter.php(354): CodeIgniter\CodeIgniter->handleRequest(null, Object(Config\Cache), false)
 7 SYSTEMPATH\Boot.php(334): CodeIgniter\CodeIgniter->run()
 8 SYSTEMPATH\Boot.php(67): CodeIgniter\Boot::runCodeIgniter(Object(CodeIgniter\CodeIgniter))
 9 FCPATH\index.php(56): CodeIgniter\Boot::bootWeb(Object(Config\Paths))
CRITICAL - 2025-04-02 05:07:46 --> [Caused by] CodeIgniter\Database\Exceptions\DatabaseException: Unknown column 'services.is_cc AS service_is_cc agegroup.agegroup' in 'field list'
in SYSTEMPATH\Database\MySQLi\Connection.php on line 332.
 1 SYSTEMPATH\Database\BaseConnection.php(738): CodeIgniter\Database\MySQLi\Connection->execute('SELECT `css`.`csssummaryid`, `css`.`officeid`, `css`.`quarterid`, `css`.`servicesid`, `css`.`dost_personnel`, `css`.`clienttypeid`, `css`.`name` AS `summary_name`, `css`.`date` AS `summary_date`, `css`.`sex` AS `summary_sex`, `css`.`age` AS `summary_age`, `css`.`vul_sector` AS `summary_vul_sector`, `css`.`address` AS `summary_address`, `css`.`dost_info` AS `summary_dost_info`, `css`.`year` AS `summary_year`, `css`.`date_created` AS `summary_date_created`, `cc`.`cssdetailsccid`, `cc`.`cc1`, `cc`.`cc2`, `cc`.`cc3`, `sqd`.`cssdetailssqd`, `sqd`.`sqd0`, `sqd`.`sqd1`, `sqd`.`sqd2`, `sqd`.`sqd3`, `sqd`.`sqd4`, `sqd`.`sqd5`, `sqd`.`sqd6`, `sqd`.`sqd7`, `sqd`.`sqd8`, `sqd`.`email` AS `sqd_email`, `sqd`.`suggestions`, `office`.`name` AS `office_name`, `quarters`.`quarter` AS `quarter_name`, `clienttype`.`name` AS `client_type_name`, `services`.`name` AS `service_name`, `services`.`unit` AS `service_unit`, `services`.`is_external` AS `service_is_external`, `services`.`is_active` AS `service_is_active`, `services`.`is_cc AS service_is_cc agegroup`.`agegroup` as `agegroup`
FROM `tblcss_summary` `css`
LEFT JOIN `tblcss_details_cc` `cc` ON `css`.`csssummaryid` = `cc`.`csssummaryid`
LEFT JOIN `tblcss_details_sqd` `sqd` ON `css`.`csssummaryid` = `sqd`.`csssummaryid`
LEFT JOIN `tbloffice` `office` ON `css`.`officeid` = `office`.`officeid`
LEFT JOIN `tblquarters` `quarters` ON `css`.`quarterid` = `quarters`.`quarterid`
LEFT JOIN `tblclienttype` `clienttype` ON `css`.`clienttypeid` = `clienttype`.`clienttypeid`
LEFT JOIN `tblservices` `services` ON `css`.`servicesid` = `services`.`servicesid`
LEFT JOIN `tblagegroup` `agegroup` ON `css`.`age` = `agegroup`.`agegroupid`
WHERE `css`.`year` = \'2025\'
ORDER BY `css`.`date_created` DESC')
 2 SYSTEMPATH\Database\BaseConnection.php(652): CodeIgniter\Database\BaseConnection->simpleQuery('SELECT `css`.`csssummaryid`, `css`.`officeid`, `css`.`quarterid`, `css`.`servicesid`, `css`.`dost_personnel`, `css`.`clienttypeid`, `css`.`name` AS `summary_name`, `css`.`date` AS `summary_date`, `css`.`sex` AS `summary_sex`, `css`.`age` AS `summary_age`, `css`.`vul_sector` AS `summary_vul_sector`, `css`.`address` AS `summary_address`, `css`.`dost_info` AS `summary_dost_info`, `css`.`year` AS `summary_year`, `css`.`date_created` AS `summary_date_created`, `cc`.`cssdetailsccid`, `cc`.`cc1`, `cc`.`cc2`, `cc`.`cc3`, `sqd`.`cssdetailssqd`, `sqd`.`sqd0`, `sqd`.`sqd1`, `sqd`.`sqd2`, `sqd`.`sqd3`, `sqd`.`sqd4`, `sqd`.`sqd5`, `sqd`.`sqd6`, `sqd`.`sqd7`, `sqd`.`sqd8`, `sqd`.`email` AS `sqd_email`, `sqd`.`suggestions`, `office`.`name` AS `office_name`, `quarters`.`quarter` AS `quarter_name`, `clienttype`.`name` AS `client_type_name`, `services`.`name` AS `service_name`, `services`.`unit` AS `service_unit`, `services`.`is_external` AS `service_is_external`, `services`.`is_active` AS `service_is_active`, `services`.`is_cc AS service_is_cc agegroup`.`agegroup` as `agegroup`
FROM `tblcss_summary` `css`
LEFT JOIN `tblcss_details_cc` `cc` ON `css`.`csssummaryid` = `cc`.`csssummaryid`
LEFT JOIN `tblcss_details_sqd` `sqd` ON `css`.`csssummaryid` = `sqd`.`csssummaryid`
LEFT JOIN `tbloffice` `office` ON `css`.`officeid` = `office`.`officeid`
LEFT JOIN `tblquarters` `quarters` ON `css`.`quarterid` = `quarters`.`quarterid`
LEFT JOIN `tblclienttype` `clienttype` ON `css`.`clienttypeid` = `clienttype`.`clienttypeid`
LEFT JOIN `tblservices` `services` ON `css`.`servicesid` = `services`.`servicesid`
LEFT JOIN `tblagegroup` `agegroup` ON `css`.`age` = `agegroup`.`agegroupid`
WHERE `css`.`year` = \'2025\'
ORDER BY `css`.`date_created` DESC')
 3 SYSTEMPATH\Database\BaseBuilder.php(1649): CodeIgniter\Database\BaseConnection->query('SELECT `css`.`csssummaryid`, `css`.`officeid`, `css`.`quarterid`, `css`.`servicesid`, `css`.`dost_personnel`, `css`.`clienttypeid`, `css`.`name` AS `summary_name`, `css`.`date` AS `summary_date`, `css`.`sex` AS `summary_sex`, `css`.`age` AS `summary_age`, `css`.`vul_sector` AS `summary_vul_sector`, `css`.`address` AS `summary_address`, `css`.`dost_info` AS `summary_dost_info`, `css`.`year` AS `summary_year`, `css`.`date_created` AS `summary_date_created`, `cc`.`cssdetailsccid`, `cc`.`cc1`, `cc`.`cc2`, `cc`.`cc3`, `sqd`.`cssdetailssqd`, `sqd`.`sqd0`, `sqd`.`sqd1`, `sqd`.`sqd2`, `sqd`.`sqd3`, `sqd`.`sqd4`, `sqd`.`sqd5`, `sqd`.`sqd6`, `sqd`.`sqd7`, `sqd`.`sqd8`, `sqd`.`email` AS `sqd_email`, `sqd`.`suggestions`, `office`.`name` AS `office_name`, `quarters`.`quarter` AS `quarter_name`, `clienttype`.`name` AS `client_type_name`, `services`.`name` AS `service_name`, `services`.`unit` AS `service_unit`, `services`.`is_external` AS `service_is_external`, `services`.`is_active` AS `service_is_active`, `services`.`is_cc AS service_is_cc agegroup`.`agegroup` as `agegroup`
FROM `tblcss_summary` `css`
LEFT JOIN `tblcss_details_cc` `cc` ON `css`.`csssummaryid` = `cc`.`csssummaryid`
LEFT JOIN `tblcss_details_sqd` `sqd` ON `css`.`csssummaryid` = `sqd`.`csssummaryid`
LEFT JOIN `tbloffice` `office` ON `css`.`officeid` = `office`.`officeid`
LEFT JOIN `tblquarters` `quarters` ON `css`.`quarterid` = `quarters`.`quarterid`
LEFT JOIN `tblclienttype` `clienttype` ON `css`.`clienttypeid` = `clienttype`.`clienttypeid`
LEFT JOIN `tblservices` `services` ON `css`.`servicesid` = `services`.`servicesid`
LEFT JOIN `tblagegroup` `agegroup` ON `css`.`age` = `agegroup`.`agegroupid`
WHERE `css`.`year` = :css.year:
ORDER BY `css`.`date_created` DESC', [...], false)
 4 APPPATH\Models\ReportsModel.php(99): CodeIgniter\Database\BaseBuilder->get()
 5 APPPATH\Controllers\ReportsController.php(29): App\Models\ReportsModel->get_responses([...])
 6 SYSTEMPATH\CodeIgniter.php(933): App\Controllers\ReportsController->responses()
 7 SYSTEMPATH\CodeIgniter.php(507): CodeIgniter\CodeIgniter->runController(Object(App\Controllers\ReportsController))
 8 SYSTEMPATH\CodeIgniter.php(354): CodeIgniter\CodeIgniter->handleRequest(null, Object(Config\Cache), false)
 9 SYSTEMPATH\Boot.php(334): CodeIgniter\CodeIgniter->run()
10 SYSTEMPATH\Boot.php(67): CodeIgniter\Boot::runCodeIgniter(Object(CodeIgniter\CodeIgniter))
11 FCPATH\index.php(56): CodeIgniter\Boot::bootWeb(Object(Config\Paths))
CRITICAL - 2025-04-02 05:07:46 --> [Caused by] mysqli_sql_exception: Unknown column 'services.is_cc AS service_is_cc agegroup.agegroup' in 'field list'
in SYSTEMPATH\Database\MySQLi\Connection.php on line 327.
 1 SYSTEMPATH\Database\MySQLi\Connection.php(327): mysqli->query('SELECT `css`.`csssummaryid`, `css`.`officeid`, `css`.`quarterid`, `css`.`servicesid`, `css`.`dost_personnel`, `css`.`clienttypeid`, `css`.`name` AS `summary_name`, `css`.`date` AS `summary_date`, `css`.`sex` AS `summary_sex`, `css`.`age` AS `summary_age`, `css`.`vul_sector` AS `summary_vul_sector`, `css`.`address` AS `summary_address`, `css`.`dost_info` AS `summary_dost_info`, `css`.`year` AS `summary_year`, `css`.`date_created` AS `summary_date_created`, `cc`.`cssdetailsccid`, `cc`.`cc1`, `cc`.`cc2`, `cc`.`cc3`, `sqd`.`cssdetailssqd`, `sqd`.`sqd0`, `sqd`.`sqd1`, `sqd`.`sqd2`, `sqd`.`sqd3`, `sqd`.`sqd4`, `sqd`.`sqd5`, `sqd`.`sqd6`, `sqd`.`sqd7`, `sqd`.`sqd8`, `sqd`.`email` AS `sqd_email`, `sqd`.`suggestions`, `office`.`name` AS `office_name`, `quarters`.`quarter` AS `quarter_name`, `clienttype`.`name` AS `client_type_name`, `services`.`name` AS `service_name`, `services`.`unit` AS `service_unit`, `services`.`is_external` AS `service_is_external`, `services`.`is_active` AS `service_is_active`, `services`.`is_cc AS service_is_cc agegroup`.`agegroup` as `agegroup`
FROM `tblcss_summary` `css`
LEFT JOIN `tblcss_details_cc` `cc` ON `css`.`csssummaryid` = `cc`.`csssummaryid`
LEFT JOIN `tblcss_details_sqd` `sqd` ON `css`.`csssummaryid` = `sqd`.`csssummaryid`
LEFT JOIN `tbloffice` `office` ON `css`.`officeid` = `office`.`officeid`
LEFT JOIN `tblquarters` `quarters` ON `css`.`quarterid` = `quarters`.`quarterid`
LEFT JOIN `tblclienttype` `clienttype` ON `css`.`clienttypeid` = `clienttype`.`clienttypeid`
LEFT JOIN `tblservices` `services` ON `css`.`servicesid` = `services`.`servicesid`
LEFT JOIN `tblagegroup` `agegroup` ON `css`.`age` = `agegroup`.`agegroupid`
WHERE `css`.`year` = \'2025\'
ORDER BY `css`.`date_created` DESC', 0)
 2 SYSTEMPATH\Database\BaseConnection.php(738): CodeIgniter\Database\MySQLi\Connection->execute('SELECT `css`.`csssummaryid`, `css`.`officeid`, `css`.`quarterid`, `css`.`servicesid`, `css`.`dost_personnel`, `css`.`clienttypeid`, `css`.`name` AS `summary_name`, `css`.`date` AS `summary_date`, `css`.`sex` AS `summary_sex`, `css`.`age` AS `summary_age`, `css`.`vul_sector` AS `summary_vul_sector`, `css`.`address` AS `summary_address`, `css`.`dost_info` AS `summary_dost_info`, `css`.`year` AS `summary_year`, `css`.`date_created` AS `summary_date_created`, `cc`.`cssdetailsccid`, `cc`.`cc1`, `cc`.`cc2`, `cc`.`cc3`, `sqd`.`cssdetailssqd`, `sqd`.`sqd0`, `sqd`.`sqd1`, `sqd`.`sqd2`, `sqd`.`sqd3`, `sqd`.`sqd4`, `sqd`.`sqd5`, `sqd`.`sqd6`, `sqd`.`sqd7`, `sqd`.`sqd8`, `sqd`.`email` AS `sqd_email`, `sqd`.`suggestions`, `office`.`name` AS `office_name`, `quarters`.`quarter` AS `quarter_name`, `clienttype`.`name` AS `client_type_name`, `services`.`name` AS `service_name`, `services`.`unit` AS `service_unit`, `services`.`is_external` AS `service_is_external`, `services`.`is_active` AS `service_is_active`, `services`.`is_cc AS service_is_cc agegroup`.`agegroup` as `agegroup`
FROM `tblcss_summary` `css`
LEFT JOIN `tblcss_details_cc` `cc` ON `css`.`csssummaryid` = `cc`.`csssummaryid`
LEFT JOIN `tblcss_details_sqd` `sqd` ON `css`.`csssummaryid` = `sqd`.`csssummaryid`
LEFT JOIN `tbloffice` `office` ON `css`.`officeid` = `office`.`officeid`
LEFT JOIN `tblquarters` `quarters` ON `css`.`quarterid` = `quarters`.`quarterid`
LEFT JOIN `tblclienttype` `clienttype` ON `css`.`clienttypeid` = `clienttype`.`clienttypeid`
LEFT JOIN `tblservices` `services` ON `css`.`servicesid` = `services`.`servicesid`
LEFT JOIN `tblagegroup` `agegroup` ON `css`.`age` = `agegroup`.`agegroupid`
WHERE `css`.`year` = \'2025\'
ORDER BY `css`.`date_created` DESC')
 3 SYSTEMPATH\Database\BaseConnection.php(652): CodeIgniter\Database\BaseConnection->simpleQuery('SELECT `css`.`csssummaryid`, `css`.`officeid`, `css`.`quarterid`, `css`.`servicesid`, `css`.`dost_personnel`, `css`.`clienttypeid`, `css`.`name` AS `summary_name`, `css`.`date` AS `summary_date`, `css`.`sex` AS `summary_sex`, `css`.`age` AS `summary_age`, `css`.`vul_sector` AS `summary_vul_sector`, `css`.`address` AS `summary_address`, `css`.`dost_info` AS `summary_dost_info`, `css`.`year` AS `summary_year`, `css`.`date_created` AS `summary_date_created`, `cc`.`cssdetailsccid`, `cc`.`cc1`, `cc`.`cc2`, `cc`.`cc3`, `sqd`.`cssdetailssqd`, `sqd`.`sqd0`, `sqd`.`sqd1`, `sqd`.`sqd2`, `sqd`.`sqd3`, `sqd`.`sqd4`, `sqd`.`sqd5`, `sqd`.`sqd6`, `sqd`.`sqd7`, `sqd`.`sqd8`, `sqd`.`email` AS `sqd_email`, `sqd`.`suggestions`, `office`.`name` AS `office_name`, `quarters`.`quarter` AS `quarter_name`, `clienttype`.`name` AS `client_type_name`, `services`.`name` AS `service_name`, `services`.`unit` AS `service_unit`, `services`.`is_external` AS `service_is_external`, `services`.`is_active` AS `service_is_active`, `services`.`is_cc AS service_is_cc agegroup`.`agegroup` as `agegroup`
FROM `tblcss_summary` `css`
LEFT JOIN `tblcss_details_cc` `cc` ON `css`.`csssummaryid` = `cc`.`csssummaryid`
LEFT JOIN `tblcss_details_sqd` `sqd` ON `css`.`csssummaryid` = `sqd`.`csssummaryid`
LEFT JOIN `tbloffice` `office` ON `css`.`officeid` = `office`.`officeid`
LEFT JOIN `tblquarters` `quarters` ON `css`.`quarterid` = `quarters`.`quarterid`
LEFT JOIN `tblclienttype` `clienttype` ON `css`.`clienttypeid` = `clienttype`.`clienttypeid`
LEFT JOIN `tblservices` `services` ON `css`.`servicesid` = `services`.`servicesid`
LEFT JOIN `tblagegroup` `agegroup` ON `css`.`age` = `agegroup`.`agegroupid`
WHERE `css`.`year` = \'2025\'
ORDER BY `css`.`date_created` DESC')
 4 SYSTEMPATH\Database\BaseBuilder.php(1649): CodeIgniter\Database\BaseConnection->query('SELECT `css`.`csssummaryid`, `css`.`officeid`, `css`.`quarterid`, `css`.`servicesid`, `css`.`dost_personnel`, `css`.`clienttypeid`, `css`.`name` AS `summary_name`, `css`.`date` AS `summary_date`, `css`.`sex` AS `summary_sex`, `css`.`age` AS `summary_age`, `css`.`vul_sector` AS `summary_vul_sector`, `css`.`address` AS `summary_address`, `css`.`dost_info` AS `summary_dost_info`, `css`.`year` AS `summary_year`, `css`.`date_created` AS `summary_date_created`, `cc`.`cssdetailsccid`, `cc`.`cc1`, `cc`.`cc2`, `cc`.`cc3`, `sqd`.`cssdetailssqd`, `sqd`.`sqd0`, `sqd`.`sqd1`, `sqd`.`sqd2`, `sqd`.`sqd3`, `sqd`.`sqd4`, `sqd`.`sqd5`, `sqd`.`sqd6`, `sqd`.`sqd7`, `sqd`.`sqd8`, `sqd`.`email` AS `sqd_email`, `sqd`.`suggestions`, `office`.`name` AS `office_name`, `quarters`.`quarter` AS `quarter_name`, `clienttype`.`name` AS `client_type_name`, `services`.`name` AS `service_name`, `services`.`unit` AS `service_unit`, `services`.`is_external` AS `service_is_external`, `services`.`is_active` AS `service_is_active`, `services`.`is_cc AS service_is_cc agegroup`.`agegroup` as `agegroup`
FROM `tblcss_summary` `css`
LEFT JOIN `tblcss_details_cc` `cc` ON `css`.`csssummaryid` = `cc`.`csssummaryid`
LEFT JOIN `tblcss_details_sqd` `sqd` ON `css`.`csssummaryid` = `sqd`.`csssummaryid`
LEFT JOIN `tbloffice` `office` ON `css`.`officeid` = `office`.`officeid`
LEFT JOIN `tblquarters` `quarters` ON `css`.`quarterid` = `quarters`.`quarterid`
LEFT JOIN `tblclienttype` `clienttype` ON `css`.`clienttypeid` = `clienttype`.`clienttypeid`
LEFT JOIN `tblservices` `services` ON `css`.`servicesid` = `services`.`servicesid`
LEFT JOIN `tblagegroup` `agegroup` ON `css`.`age` = `agegroup`.`agegroupid`
WHERE `css`.`year` = :css.year:
ORDER BY `css`.`date_created` DESC', [...], false)
 5 APPPATH\Models\ReportsModel.php(99): CodeIgniter\Database\BaseBuilder->get()
 6 APPPATH\Controllers\ReportsController.php(29): App\Models\ReportsModel->get_responses([...])
 7 SYSTEMPATH\CodeIgniter.php(933): App\Controllers\ReportsController->responses()
 8 SYSTEMPATH\CodeIgniter.php(507): CodeIgniter\CodeIgniter->runController(Object(App\Controllers\ReportsController))
 9 SYSTEMPATH\CodeIgniter.php(354): CodeIgniter\CodeIgniter->handleRequest(null, Object(Config\Cache), false)
10 SYSTEMPATH\Boot.php(334): CodeIgniter\CodeIgniter->run()
11 SYSTEMPATH\Boot.php(67): CodeIgniter\Boot::runCodeIgniter(Object(CodeIgniter\CodeIgniter))
12 FCPATH\index.php(56): CodeIgniter\Boot::bootWeb(Object(Config\Paths))
DEBUG - 2025-04-02 05:08:19 --> Session: Class initialized using 'CodeIgniter\Session\Handlers\FileHandler' driver.
DEBUG - 2025-04-02 05:19:51 --> Session: Class initialized using 'CodeIgniter\Session\Handlers\FileHandler' driver.
DEBUG - 2025-04-02 05:19:53 --> Session: Class initialized using 'CodeIgniter\Session\Handlers\FileHandler' driver.
DEBUG - 2025-04-02 05:19:54 --> Session: Class initialized using 'CodeIgniter\Session\Handlers\FileHandler' driver.
DEBUG - 2025-04-02 05:19:55 --> Session: Class initialized using 'CodeIgniter\Session\Handlers\FileHandler' driver.
DEBUG - 2025-04-02 05:19:55 --> Session: Class initialized using 'CodeIgniter\Session\Handlers\FileHandler' driver.
DEBUG - 2025-04-02 05:19:56 --> Session: Class initialized using 'CodeIgniter\Session\Handlers\FileHandler' driver.
DEBUG - 2025-04-02 05:20:41 --> Session: Class initialized using 'CodeIgniter\Session\Handlers\FileHandler' driver.
DEBUG - 2025-04-02 05:21:34 --> Session: Class initialized using 'CodeIgniter\Session\Handlers\FileHandler' driver.
DEBUG - 2025-04-02 05:23:22 --> Session: Class initialized using 'CodeIgniter\Session\Handlers\FileHandler' driver.
DEBUG - 2025-04-02 05:24:09 --> Session: Class initialized using 'CodeIgniter\Session\Handlers\FileHandler' driver.
DEBUG - 2025-04-02 05:26:20 --> Session: Class initialized using 'CodeIgniter\Session\Handlers\FileHandler' driver.
DEBUG - 2025-04-02 05:26:44 --> Session: Class initialized using 'CodeIgniter\Session\Handlers\FileHandler' driver.
DEBUG - 2025-04-02 05:27:20 --> Session: Class initialized using 'CodeIgniter\Session\Handlers\FileHandler' driver.
CRITICAL - 2025-04-02 05:27:20 --> ErrorException: Undefined array key "others_remarks"
[Method: GET, Route: reports/responses]
in APPPATH\Views\reports\responses-view.php on line 133.
 1 APPPATH\Views\reports\responses-view.php(133): CodeIgniter\Debug\Exceptions->errorHandler(2, 'Undefined array key "others_remarks"', 'C:\\xampp\\htdocs\\dostx_cssv3\\app\\Views\\reports\\responses-view.php', 133)
 2 SYSTEMPATH\View\View.php(224): include('C:\\xampp\\htdocs\\dostx_cssv3\\app\\Views\\reports\\responses-view.php')
 3 SYSTEMPATH\View\View.php(227): CodeIgniter\View\View->CodeIgniter\View\{closure}()
 4 SYSTEMPATH\Common.php(1173): CodeIgniter\View\View->render('reports/responses-view', [], true)
 5 APPPATH\Controllers\ReportsController.php(35): view('reports/responses-view', [...])
 6 SYSTEMPATH\CodeIgniter.php(933): App\Controllers\ReportsController->responses()
 7 SYSTEMPATH\CodeIgniter.php(507): CodeIgniter\CodeIgniter->runController(Object(App\Controllers\ReportsController))
 8 SYSTEMPATH\CodeIgniter.php(354): CodeIgniter\CodeIgniter->handleRequest(null, Object(Config\Cache), false)
 9 SYSTEMPATH\Boot.php(334): CodeIgniter\CodeIgniter->run()
10 SYSTEMPATH\Boot.php(67): CodeIgniter\Boot::runCodeIgniter(Object(CodeIgniter\CodeIgniter))
11 FCPATH\index.php(56): CodeIgniter\Boot::bootWeb(Object(Config\Paths))
DEBUG - 2025-04-02 05:27:51 --> Session: Class initialized using 'CodeIgniter\Session\Handlers\FileHandler' driver.
ERROR - 2025-04-02 05:27:51 --> mysqli_sql_exception: You have an error in your SQL syntax; check the manual that corresponds to your MariaDB server version for the right syntax to use near '.`others_remarks`
FROM `tblcss_summary` `css`
LEFT JOIN `tblcss_details_cc` `...' at line 1 in C:\xampp\htdocs\dostx_cssv3\system\Database\MySQLi\Connection.php:327
Stack trace:
#0 C:\xampp\htdocs\dostx_cssv3\system\Database\MySQLi\Connection.php(327): mysqli->query('SELECT `css`.`c...', 0)
#1 C:\xampp\htdocs\dostx_cssv3\system\Database\BaseConnection.php(738): CodeIgniter\Database\MySQLi\Connection->execute('SELECT `css`.`c...')
#2 C:\xampp\htdocs\dostx_cssv3\system\Database\BaseConnection.php(652): CodeIgniter\Database\BaseConnection->simpleQuery('SELECT `css`.`c...')
#3 C:\xampp\htdocs\dostx_cssv3\system\Database\BaseBuilder.php(1649): CodeIgniter\Database\BaseConnection->query('SELECT `css`.`c...', Array, false)
#4 C:\xampp\htdocs\dostx_cssv3\app\Models\ReportsModel.php(101): CodeIgniter\Database\BaseBuilder->get()
#5 C:\xampp\htdocs\dostx_cssv3\app\Controllers\ReportsController.php(29): App\Models\ReportsModel->get_responses(Array)
#6 C:\xampp\htdocs\dostx_cssv3\system\CodeIgniter.php(933): App\Controllers\ReportsController->responses()
#7 C:\xampp\htdocs\dostx_cssv3\system\CodeIgniter.php(507): CodeIgniter\CodeIgniter->runController(Object(App\Controllers\ReportsController))
#8 C:\xampp\htdocs\dostx_cssv3\system\CodeIgniter.php(354): CodeIgniter\CodeIgniter->handleRequest(NULL, Object(Config\Cache), false)
#9 C:\xampp\htdocs\dostx_cssv3\system\Boot.php(334): CodeIgniter\CodeIgniter->run()
#10 C:\xampp\htdocs\dostx_cssv3\system\Boot.php(67): CodeIgniter\Boot::runCodeIgniter(Object(CodeIgniter\CodeIgniter))
#11 C:\xampp\htdocs\dostx_cssv3\index.php(56): CodeIgniter\Boot::bootWeb(Object(Config\Paths))
#12 {main}
CRITICAL - 2025-04-02 05:27:51 --> CodeIgniter\Database\Exceptions\DatabaseException: You have an error in your SQL syntax; check the manual that corresponds to your MariaDB server version for the right syntax to use near '.`others_remarks`
FROM `tblcss_summary` `css`
LEFT JOIN `tblcss_details_cc` `...' at line 1
[Method: GET, Route: reports/responses]
in SYSTEMPATH\Database\BaseConnection.php on line 692.
 1 SYSTEMPATH\Database\BaseBuilder.php(1649): CodeIgniter\Database\BaseConnection->query('SELECT `css`.`csssummaryid`, `css`.`officeid`, `css`.`quarterid`, `css`.`servicesid`, `css`.`dost_personnel`, `css`.`clienttypeid`, `css`.`name` AS `summary_name`, `css`.`date` AS `summary_date`, `css`.`sex` AS `summary_sex`, `css`.`age` AS `summary_age`, `css`.`vul_sector` AS `summary_vul_sector`, `css`.`address` AS `summary_address`, `css`.`dost_info` AS `summary_dost_info`, `css`.`year` AS `summary_year`, `css`.`date_created` AS `summary_date_created`, `cc`.`cssdetailsccid`, `cc`.`cc1`, `cc`.`cc2`, `cc`.`cc3`, `sqd`.`cssdetailssqd`, `sqd`.`sqd0`, `sqd`.`sqd1`, `sqd`.`sqd2`, `sqd`.`sqd3`, `sqd`.`sqd4`, `sqd`.`sqd5`, `sqd`.`sqd6`, `sqd`.`sqd7`, `sqd`.`sqd8`, `sqd`.`email` AS `sqd_email`, `sqd`.`suggestions`, `office`.`name` AS `office_name`, `quarters`.`quarter` AS `quarter_name`, `clienttype`.`name` AS `client_type_name`, `services`.`name` AS `service_name`, `services`.`unit` AS `service_unit`, `services`.`is_external` AS `service_is_external`, `services`.`is_active` AS `service_is_active`, `services`.`is_cc` AS `service_is_cc`, `agegroup`.`agegroup` as `agegroup css`.`others_remarks`
FROM `tblcss_summary` `css`
LEFT JOIN `tblcss_details_cc` `cc` ON `css`.`csssummaryid` = `cc`.`csssummaryid`
LEFT JOIN `tblcss_details_sqd` `sqd` ON `css`.`csssummaryid` = `sqd`.`csssummaryid`
LEFT JOIN `tbloffice` `office` ON `css`.`officeid` = `office`.`officeid`
LEFT JOIN `tblquarters` `quarters` ON `css`.`quarterid` = `quarters`.`quarterid`
LEFT JOIN `tblclienttype` `clienttype` ON `css`.`clienttypeid` = `clienttype`.`clienttypeid`
LEFT JOIN `tblservices` `services` ON `css`.`servicesid` = `services`.`servicesid`
LEFT JOIN `tblagegroup` `agegroup` ON `css`.`age` = `agegroup`.`agegroupid`
WHERE `css`.`year` = :css.year:
ORDER BY `css`.`date_created` DESC', [...], false)
 2 APPPATH\Models\ReportsModel.php(101): CodeIgniter\Database\BaseBuilder->get()
 3 APPPATH\Controllers\ReportsController.php(29): App\Models\ReportsModel->get_responses([...])
 4 SYSTEMPATH\CodeIgniter.php(933): App\Controllers\ReportsController->responses()
 5 SYSTEMPATH\CodeIgniter.php(507): CodeIgniter\CodeIgniter->runController(Object(App\Controllers\ReportsController))
 6 SYSTEMPATH\CodeIgniter.php(354): CodeIgniter\CodeIgniter->handleRequest(null, Object(Config\Cache), false)
 7 SYSTEMPATH\Boot.php(334): CodeIgniter\CodeIgniter->run()
 8 SYSTEMPATH\Boot.php(67): CodeIgniter\Boot::runCodeIgniter(Object(CodeIgniter\CodeIgniter))
 9 FCPATH\index.php(56): CodeIgniter\Boot::bootWeb(Object(Config\Paths))
CRITICAL - 2025-04-02 05:27:51 --> [Caused by] CodeIgniter\Database\Exceptions\DatabaseException: You have an error in your SQL syntax; check the manual that corresponds to your MariaDB server version for the right syntax to use near '.`others_remarks`
FROM `tblcss_summary` `css`
LEFT JOIN `tblcss_details_cc` `...' at line 1
in SYSTEMPATH\Database\MySQLi\Connection.php on line 332.
 1 SYSTEMPATH\Database\BaseConnection.php(738): CodeIgniter\Database\MySQLi\Connection->execute('SELECT `css`.`csssummaryid`, `css`.`officeid`, `css`.`quarterid`, `css`.`servicesid`, `css`.`dost_personnel`, `css`.`clienttypeid`, `css`.`name` AS `summary_name`, `css`.`date` AS `summary_date`, `css`.`sex` AS `summary_sex`, `css`.`age` AS `summary_age`, `css`.`vul_sector` AS `summary_vul_sector`, `css`.`address` AS `summary_address`, `css`.`dost_info` AS `summary_dost_info`, `css`.`year` AS `summary_year`, `css`.`date_created` AS `summary_date_created`, `cc`.`cssdetailsccid`, `cc`.`cc1`, `cc`.`cc2`, `cc`.`cc3`, `sqd`.`cssdetailssqd`, `sqd`.`sqd0`, `sqd`.`sqd1`, `sqd`.`sqd2`, `sqd`.`sqd3`, `sqd`.`sqd4`, `sqd`.`sqd5`, `sqd`.`sqd6`, `sqd`.`sqd7`, `sqd`.`sqd8`, `sqd`.`email` AS `sqd_email`, `sqd`.`suggestions`, `office`.`name` AS `office_name`, `quarters`.`quarter` AS `quarter_name`, `clienttype`.`name` AS `client_type_name`, `services`.`name` AS `service_name`, `services`.`unit` AS `service_unit`, `services`.`is_external` AS `service_is_external`, `services`.`is_active` AS `service_is_active`, `services`.`is_cc` AS `service_is_cc`, `agegroup`.`agegroup` as `agegroup css`.`others_remarks`
FROM `tblcss_summary` `css`
LEFT JOIN `tblcss_details_cc` `cc` ON `css`.`csssummaryid` = `cc`.`csssummaryid`
LEFT JOIN `tblcss_details_sqd` `sqd` ON `css`.`csssummaryid` = `sqd`.`csssummaryid`
LEFT JOIN `tbloffice` `office` ON `css`.`officeid` = `office`.`officeid`
LEFT JOIN `tblquarters` `quarters` ON `css`.`quarterid` = `quarters`.`quarterid`
LEFT JOIN `tblclienttype` `clienttype` ON `css`.`clienttypeid` = `clienttype`.`clienttypeid`
LEFT JOIN `tblservices` `services` ON `css`.`servicesid` = `services`.`servicesid`
LEFT JOIN `tblagegroup` `agegroup` ON `css`.`age` = `agegroup`.`agegroupid`
WHERE `css`.`year` = \'2025\'
ORDER BY `css`.`date_created` DESC')
 2 SYSTEMPATH\Database\BaseConnection.php(652): CodeIgniter\Database\BaseConnection->simpleQuery('SELECT `css`.`csssummaryid`, `css`.`officeid`, `css`.`quarterid`, `css`.`servicesid`, `css`.`dost_personnel`, `css`.`clienttypeid`, `css`.`name` AS `summary_name`, `css`.`date` AS `summary_date`, `css`.`sex` AS `summary_sex`, `css`.`age` AS `summary_age`, `css`.`vul_sector` AS `summary_vul_sector`, `css`.`address` AS `summary_address`, `css`.`dost_info` AS `summary_dost_info`, `css`.`year` AS `summary_year`, `css`.`date_created` AS `summary_date_created`, `cc`.`cssdetailsccid`, `cc`.`cc1`, `cc`.`cc2`, `cc`.`cc3`, `sqd`.`cssdetailssqd`, `sqd`.`sqd0`, `sqd`.`sqd1`, `sqd`.`sqd2`, `sqd`.`sqd3`, `sqd`.`sqd4`, `sqd`.`sqd5`, `sqd`.`sqd6`, `sqd`.`sqd7`, `sqd`.`sqd8`, `sqd`.`email` AS `sqd_email`, `sqd`.`suggestions`, `office`.`name` AS `office_name`, `quarters`.`quarter` AS `quarter_name`, `clienttype`.`name` AS `client_type_name`, `services`.`name` AS `service_name`, `services`.`unit` AS `service_unit`, `services`.`is_external` AS `service_is_external`, `services`.`is_active` AS `service_is_active`, `services`.`is_cc` AS `service_is_cc`, `agegroup`.`agegroup` as `agegroup css`.`others_remarks`
FROM `tblcss_summary` `css`
LEFT JOIN `tblcss_details_cc` `cc` ON `css`.`csssummaryid` = `cc`.`csssummaryid`
LEFT JOIN `tblcss_details_sqd` `sqd` ON `css`.`csssummaryid` = `sqd`.`csssummaryid`
LEFT JOIN `tbloffice` `office` ON `css`.`officeid` = `office`.`officeid`
LEFT JOIN `tblquarters` `quarters` ON `css`.`quarterid` = `quarters`.`quarterid`
LEFT JOIN `tblclienttype` `clienttype` ON `css`.`clienttypeid` = `clienttype`.`clienttypeid`
LEFT JOIN `tblservices` `services` ON `css`.`servicesid` = `services`.`servicesid`
LEFT JOIN `tblagegroup` `agegroup` ON `css`.`age` = `agegroup`.`agegroupid`
WHERE `css`.`year` = \'2025\'
ORDER BY `css`.`date_created` DESC')
 3 SYSTEMPATH\Database\BaseBuilder.php(1649): CodeIgniter\Database\BaseConnection->query('SELECT `css`.`csssummaryid`, `css`.`officeid`, `css`.`quarterid`, `css`.`servicesid`, `css`.`dost_personnel`, `css`.`clienttypeid`, `css`.`name` AS `summary_name`, `css`.`date` AS `summary_date`, `css`.`sex` AS `summary_sex`, `css`.`age` AS `summary_age`, `css`.`vul_sector` AS `summary_vul_sector`, `css`.`address` AS `summary_address`, `css`.`dost_info` AS `summary_dost_info`, `css`.`year` AS `summary_year`, `css`.`date_created` AS `summary_date_created`, `cc`.`cssdetailsccid`, `cc`.`cc1`, `cc`.`cc2`, `cc`.`cc3`, `sqd`.`cssdetailssqd`, `sqd`.`sqd0`, `sqd`.`sqd1`, `sqd`.`sqd2`, `sqd`.`sqd3`, `sqd`.`sqd4`, `sqd`.`sqd5`, `sqd`.`sqd6`, `sqd`.`sqd7`, `sqd`.`sqd8`, `sqd`.`email` AS `sqd_email`, `sqd`.`suggestions`, `office`.`name` AS `office_name`, `quarters`.`quarter` AS `quarter_name`, `clienttype`.`name` AS `client_type_name`, `services`.`name` AS `service_name`, `services`.`unit` AS `service_unit`, `services`.`is_external` AS `service_is_external`, `services`.`is_active` AS `service_is_active`, `services`.`is_cc` AS `service_is_cc`, `agegroup`.`agegroup` as `agegroup css`.`others_remarks`
FROM `tblcss_summary` `css`
LEFT JOIN `tblcss_details_cc` `cc` ON `css`.`csssummaryid` = `cc`.`csssummaryid`
LEFT JOIN `tblcss_details_sqd` `sqd` ON `css`.`csssummaryid` = `sqd`.`csssummaryid`
LEFT JOIN `tbloffice` `office` ON `css`.`officeid` = `office`.`officeid`
LEFT JOIN `tblquarters` `quarters` ON `css`.`quarterid` = `quarters`.`quarterid`
LEFT JOIN `tblclienttype` `clienttype` ON `css`.`clienttypeid` = `clienttype`.`clienttypeid`
LEFT JOIN `tblservices` `services` ON `css`.`servicesid` = `services`.`servicesid`
LEFT JOIN `tblagegroup` `agegroup` ON `css`.`age` = `agegroup`.`agegroupid`
WHERE `css`.`year` = :css.year:
ORDER BY `css`.`date_created` DESC', [...], false)
 4 APPPATH\Models\ReportsModel.php(101): CodeIgniter\Database\BaseBuilder->get()
 5 APPPATH\Controllers\ReportsController.php(29): App\Models\ReportsModel->get_responses([...])
 6 SYSTEMPATH\CodeIgniter.php(933): App\Controllers\ReportsController->responses()
 7 SYSTEMPATH\CodeIgniter.php(507): CodeIgniter\CodeIgniter->runController(Object(App\Controllers\ReportsController))
 8 SYSTEMPATH\CodeIgniter.php(354): CodeIgniter\CodeIgniter->handleRequest(null, Object(Config\Cache), false)
 9 SYSTEMPATH\Boot.php(334): CodeIgniter\CodeIgniter->run()
10 SYSTEMPATH\Boot.php(67): CodeIgniter\Boot::runCodeIgniter(Object(CodeIgniter\CodeIgniter))
11 FCPATH\index.php(56): CodeIgniter\Boot::bootWeb(Object(Config\Paths))
CRITICAL - 2025-04-02 05:27:51 --> [Caused by] mysqli_sql_exception: You have an error in your SQL syntax; check the manual that corresponds to your MariaDB server version for the right syntax to use near '.`others_remarks`
FROM `tblcss_summary` `css`
LEFT JOIN `tblcss_details_cc` `...' at line 1
in SYSTEMPATH\Database\MySQLi\Connection.php on line 327.
 1 SYSTEMPATH\Database\MySQLi\Connection.php(327): mysqli->query('SELECT `css`.`csssummaryid`, `css`.`officeid`, `css`.`quarterid`, `css`.`servicesid`, `css`.`dost_personnel`, `css`.`clienttypeid`, `css`.`name` AS `summary_name`, `css`.`date` AS `summary_date`, `css`.`sex` AS `summary_sex`, `css`.`age` AS `summary_age`, `css`.`vul_sector` AS `summary_vul_sector`, `css`.`address` AS `summary_address`, `css`.`dost_info` AS `summary_dost_info`, `css`.`year` AS `summary_year`, `css`.`date_created` AS `summary_date_created`, `cc`.`cssdetailsccid`, `cc`.`cc1`, `cc`.`cc2`, `cc`.`cc3`, `sqd`.`cssdetailssqd`, `sqd`.`sqd0`, `sqd`.`sqd1`, `sqd`.`sqd2`, `sqd`.`sqd3`, `sqd`.`sqd4`, `sqd`.`sqd5`, `sqd`.`sqd6`, `sqd`.`sqd7`, `sqd`.`sqd8`, `sqd`.`email` AS `sqd_email`, `sqd`.`suggestions`, `office`.`name` AS `office_name`, `quarters`.`quarter` AS `quarter_name`, `clienttype`.`name` AS `client_type_name`, `services`.`name` AS `service_name`, `services`.`unit` AS `service_unit`, `services`.`is_external` AS `service_is_external`, `services`.`is_active` AS `service_is_active`, `services`.`is_cc` AS `service_is_cc`, `agegroup`.`agegroup` as `agegroup css`.`others_remarks`
FROM `tblcss_summary` `css`
LEFT JOIN `tblcss_details_cc` `cc` ON `css`.`csssummaryid` = `cc`.`csssummaryid`
LEFT JOIN `tblcss_details_sqd` `sqd` ON `css`.`csssummaryid` = `sqd`.`csssummaryid`
LEFT JOIN `tbloffice` `office` ON `css`.`officeid` = `office`.`officeid`
LEFT JOIN `tblquarters` `quarters` ON `css`.`quarterid` = `quarters`.`quarterid`
LEFT JOIN `tblclienttype` `clienttype` ON `css`.`clienttypeid` = `clienttype`.`clienttypeid`
LEFT JOIN `tblservices` `services` ON `css`.`servicesid` = `services`.`servicesid`
LEFT JOIN `tblagegroup` `agegroup` ON `css`.`age` = `agegroup`.`agegroupid`
WHERE `css`.`year` = \'2025\'
ORDER BY `css`.`date_created` DESC', 0)
 2 SYSTEMPATH\Database\BaseConnection.php(738): CodeIgniter\Database\MySQLi\Connection->execute('SELECT `css`.`csssummaryid`, `css`.`officeid`, `css`.`quarterid`, `css`.`servicesid`, `css`.`dost_personnel`, `css`.`clienttypeid`, `css`.`name` AS `summary_name`, `css`.`date` AS `summary_date`, `css`.`sex` AS `summary_sex`, `css`.`age` AS `summary_age`, `css`.`vul_sector` AS `summary_vul_sector`, `css`.`address` AS `summary_address`, `css`.`dost_info` AS `summary_dost_info`, `css`.`year` AS `summary_year`, `css`.`date_created` AS `summary_date_created`, `cc`.`cssdetailsccid`, `cc`.`cc1`, `cc`.`cc2`, `cc`.`cc3`, `sqd`.`cssdetailssqd`, `sqd`.`sqd0`, `sqd`.`sqd1`, `sqd`.`sqd2`, `sqd`.`sqd3`, `sqd`.`sqd4`, `sqd`.`sqd5`, `sqd`.`sqd6`, `sqd`.`sqd7`, `sqd`.`sqd8`, `sqd`.`email` AS `sqd_email`, `sqd`.`suggestions`, `office`.`name` AS `office_name`, `quarters`.`quarter` AS `quarter_name`, `clienttype`.`name` AS `client_type_name`, `services`.`name` AS `service_name`, `services`.`unit` AS `service_unit`, `services`.`is_external` AS `service_is_external`, `services`.`is_active` AS `service_is_active`, `services`.`is_cc` AS `service_is_cc`, `agegroup`.`agegroup` as `agegroup css`.`others_remarks`
FROM `tblcss_summary` `css`
LEFT JOIN `tblcss_details_cc` `cc` ON `css`.`csssummaryid` = `cc`.`csssummaryid`
LEFT JOIN `tblcss_details_sqd` `sqd` ON `css`.`csssummaryid` = `sqd`.`csssummaryid`
LEFT JOIN `tbloffice` `office` ON `css`.`officeid` = `office`.`officeid`
LEFT JOIN `tblquarters` `quarters` ON `css`.`quarterid` = `quarters`.`quarterid`
LEFT JOIN `tblclienttype` `clienttype` ON `css`.`clienttypeid` = `clienttype`.`clienttypeid`
LEFT JOIN `tblservices` `services` ON `css`.`servicesid` = `services`.`servicesid`
LEFT JOIN `tblagegroup` `agegroup` ON `css`.`age` = `agegroup`.`agegroupid`
WHERE `css`.`year` = \'2025\'
ORDER BY `css`.`date_created` DESC')
 3 SYSTEMPATH\Database\BaseConnection.php(652): CodeIgniter\Database\BaseConnection->simpleQuery('SELECT `css`.`csssummaryid`, `css`.`officeid`, `css`.`quarterid`, `css`.`servicesid`, `css`.`dost_personnel`, `css`.`clienttypeid`, `css`.`name` AS `summary_name`, `css`.`date` AS `summary_date`, `css`.`sex` AS `summary_sex`, `css`.`age` AS `summary_age`, `css`.`vul_sector` AS `summary_vul_sector`, `css`.`address` AS `summary_address`, `css`.`dost_info` AS `summary_dost_info`, `css`.`year` AS `summary_year`, `css`.`date_created` AS `summary_date_created`, `cc`.`cssdetailsccid`, `cc`.`cc1`, `cc`.`cc2`, `cc`.`cc3`, `sqd`.`cssdetailssqd`, `sqd`.`sqd0`, `sqd`.`sqd1`, `sqd`.`sqd2`, `sqd`.`sqd3`, `sqd`.`sqd4`, `sqd`.`sqd5`, `sqd`.`sqd6`, `sqd`.`sqd7`, `sqd`.`sqd8`, `sqd`.`email` AS `sqd_email`, `sqd`.`suggestions`, `office`.`name` AS `office_name`, `quarters`.`quarter` AS `quarter_name`, `clienttype`.`name` AS `client_type_name`, `services`.`name` AS `service_name`, `services`.`unit` AS `service_unit`, `services`.`is_external` AS `service_is_external`, `services`.`is_active` AS `service_is_active`, `services`.`is_cc` AS `service_is_cc`, `agegroup`.`agegroup` as `agegroup css`.`others_remarks`
FROM `tblcss_summary` `css`
LEFT JOIN `tblcss_details_cc` `cc` ON `css`.`csssummaryid` = `cc`.`csssummaryid`
LEFT JOIN `tblcss_details_sqd` `sqd` ON `css`.`csssummaryid` = `sqd`.`csssummaryid`
LEFT JOIN `tbloffice` `office` ON `css`.`officeid` = `office`.`officeid`
LEFT JOIN `tblquarters` `quarters` ON `css`.`quarterid` = `quarters`.`quarterid`
LEFT JOIN `tblclienttype` `clienttype` ON `css`.`clienttypeid` = `clienttype`.`clienttypeid`
LEFT JOIN `tblservices` `services` ON `css`.`servicesid` = `services`.`servicesid`
LEFT JOIN `tblagegroup` `agegroup` ON `css`.`age` = `agegroup`.`agegroupid`
WHERE `css`.`year` = \'2025\'
ORDER BY `css`.`date_created` DESC')
 4 SYSTEMPATH\Database\BaseBuilder.php(1649): CodeIgniter\Database\BaseConnection->query('SELECT `css`.`csssummaryid`, `css`.`officeid`, `css`.`quarterid`, `css`.`servicesid`, `css`.`dost_personnel`, `css`.`clienttypeid`, `css`.`name` AS `summary_name`, `css`.`date` AS `summary_date`, `css`.`sex` AS `summary_sex`, `css`.`age` AS `summary_age`, `css`.`vul_sector` AS `summary_vul_sector`, `css`.`address` AS `summary_address`, `css`.`dost_info` AS `summary_dost_info`, `css`.`year` AS `summary_year`, `css`.`date_created` AS `summary_date_created`, `cc`.`cssdetailsccid`, `cc`.`cc1`, `cc`.`cc2`, `cc`.`cc3`, `sqd`.`cssdetailssqd`, `sqd`.`sqd0`, `sqd`.`sqd1`, `sqd`.`sqd2`, `sqd`.`sqd3`, `sqd`.`sqd4`, `sqd`.`sqd5`, `sqd`.`sqd6`, `sqd`.`sqd7`, `sqd`.`sqd8`, `sqd`.`email` AS `sqd_email`, `sqd`.`suggestions`, `office`.`name` AS `office_name`, `quarters`.`quarter` AS `quarter_name`, `clienttype`.`name` AS `client_type_name`, `services`.`name` AS `service_name`, `services`.`unit` AS `service_unit`, `services`.`is_external` AS `service_is_external`, `services`.`is_active` AS `service_is_active`, `services`.`is_cc` AS `service_is_cc`, `agegroup`.`agegroup` as `agegroup css`.`others_remarks`
FROM `tblcss_summary` `css`
LEFT JOIN `tblcss_details_cc` `cc` ON `css`.`csssummaryid` = `cc`.`csssummaryid`
LEFT JOIN `tblcss_details_sqd` `sqd` ON `css`.`csssummaryid` = `sqd`.`csssummaryid`
LEFT JOIN `tbloffice` `office` ON `css`.`officeid` = `office`.`officeid`
LEFT JOIN `tblquarters` `quarters` ON `css`.`quarterid` = `quarters`.`quarterid`
LEFT JOIN `tblclienttype` `clienttype` ON `css`.`clienttypeid` = `clienttype`.`clienttypeid`
LEFT JOIN `tblservices` `services` ON `css`.`servicesid` = `services`.`servicesid`
LEFT JOIN `tblagegroup` `agegroup` ON `css`.`age` = `agegroup`.`agegroupid`
WHERE `css`.`year` = :css.year:
ORDER BY `css`.`date_created` DESC', [...], false)
 5 APPPATH\Models\ReportsModel.php(101): CodeIgniter\Database\BaseBuilder->get()
 6 APPPATH\Controllers\ReportsController.php(29): App\Models\ReportsModel->get_responses([...])
 7 SYSTEMPATH\CodeIgniter.php(933): App\Controllers\ReportsController->responses()
 8 SYSTEMPATH\CodeIgniter.php(507): CodeIgniter\CodeIgniter->runController(Object(App\Controllers\ReportsController))
 9 SYSTEMPATH\CodeIgniter.php(354): CodeIgniter\CodeIgniter->handleRequest(null, Object(Config\Cache), false)
10 SYSTEMPATH\Boot.php(334): CodeIgniter\CodeIgniter->run()
11 SYSTEMPATH\Boot.php(67): CodeIgniter\Boot::runCodeIgniter(Object(CodeIgniter\CodeIgniter))
12 FCPATH\index.php(56): CodeIgniter\Boot::bootWeb(Object(Config\Paths))
DEBUG - 2025-04-02 05:27:56 --> Session: Class initialized using 'CodeIgniter\Session\Handlers\FileHandler' driver.
DEBUG - 2025-04-02 05:28:12 --> Session: Class initialized using 'CodeIgniter\Session\Handlers\FileHandler' driver.
DEBUG - 2025-04-02 05:28:22 --> Session: Class initialized using 'CodeIgniter\Session\Handlers\FileHandler' driver.
DEBUG - 2025-04-02 05:28:45 --> Session: Class initialized using 'CodeIgniter\Session\Handlers\FileHandler' driver.
DEBUG - 2025-04-02 05:29:12 --> Session: Class initialized using 'CodeIgniter\Session\Handlers\FileHandler' driver.
DEBUG - 2025-04-02 05:29:47 --> Session: Class initialized using 'CodeIgniter\Session\Handlers\FileHandler' driver.
DEBUG - 2025-04-02 05:30:12 --> Session: Class initialized using 'CodeIgniter\Session\Handlers\FileHandler' driver.
DEBUG - 2025-04-02 05:30:19 --> Session: Class initialized using 'CodeIgniter\Session\Handlers\FileHandler' driver.
DEBUG - 2025-04-02 05:30:26 --> Session: Class initialized using 'CodeIgniter\Session\Handlers\FileHandler' driver.
DEBUG - 2025-04-02 05:30:32 --> Session: Class initialized using 'CodeIgniter\Session\Handlers\FileHandler' driver.
DEBUG - 2025-04-02 05:30:34 --> Session: Class initialized using 'CodeIgniter\Session\Handlers\FileHandler' driver.
DEBUG - 2025-04-02 05:30:36 --> Session: Class initialized using 'CodeIgniter\Session\Handlers\FileHandler' driver.
DEBUG - 2025-04-02 05:30:38 --> Session: Class initialized using 'CodeIgniter\Session\Handlers\FileHandler' driver.
DEBUG - 2025-04-02 05:30:40 --> Session: Class initialized using 'CodeIgniter\Session\Handlers\FileHandler' driver.
DEBUG - 2025-04-02 05:30:42 --> Session: Class initialized using 'CodeIgniter\Session\Handlers\FileHandler' driver.
DEBUG - 2025-04-02 05:30:44 --> Session: Class initialized using 'CodeIgniter\Session\Handlers\FileHandler' driver.
DEBUG - 2025-04-02 05:32:33 --> Session: Class initialized using 'CodeIgniter\Session\Handlers\FileHandler' driver.
DEBUG - 2025-04-02 05:36:54 --> Session: Class initialized using 'CodeIgniter\Session\Handlers\FileHandler' driver.
DEBUG - 2025-04-02 05:36:56 --> Session: Class initialized using 'CodeIgniter\Session\Handlers\FileHandler' driver.
DEBUG - 2025-04-02 05:36:58 --> Session: Class initialized using 'CodeIgniter\Session\Handlers\FileHandler' driver.
DEBUG - 2025-04-02 05:39:26 --> Session: Class initialized using 'CodeIgniter\Session\Handlers\FileHandler' driver.
DEBUG - 2025-04-02 05:39:29 --> Session: Class initialized using 'CodeIgniter\Session\Handlers\FileHandler' driver.
DEBUG - 2025-04-02 05:39:30 --> Session: Class initialized using 'CodeIgniter\Session\Handlers\FileHandler' driver.
DEBUG - 2025-04-02 05:39:31 --> Session: Class initialized using 'CodeIgniter\Session\Handlers\FileHandler' driver.
DEBUG - 2025-04-02 05:49:36 --> Session: Class initialized using 'CodeIgniter\Session\Handlers\FileHandler' driver.
DEBUG - 2025-04-02 05:49:37 --> Session: Class initialized using 'CodeIgniter\Session\Handlers\FileHandler' driver.
DEBUG - 2025-04-02 05:49:39 --> Session: Class initialized using 'CodeIgniter\Session\Handlers\FileHandler' driver.
DEBUG - 2025-04-02 05:49:41 --> Session: Class initialized using 'CodeIgniter\Session\Handlers\FileHandler' driver.
DEBUG - 2025-04-02 05:49:42 --> Session: Class initialized using 'CodeIgniter\Session\Handlers\FileHandler' driver.
DEBUG - 2025-04-02 05:49:45 --> Session: Class initialized using 'CodeIgniter\Session\Handlers\FileHandler' driver.
DEBUG - 2025-04-02 05:49:46 --> Session: Class initialized using 'CodeIgniter\Session\Handlers\FileHandler' driver.
DEBUG - 2025-04-02 05:49:47 --> Session: Class initialized using 'CodeIgniter\Session\Handlers\FileHandler' driver.
DEBUG - 2025-04-02 05:49:51 --> Session: Class initialized using 'CodeIgniter\Session\Handlers\FileHandler' driver.
DEBUG - 2025-04-02 05:49:53 --> Session: Class initialized using 'CodeIgniter\Session\Handlers\FileHandler' driver.
DEBUG - 2025-04-02 05:49:54 --> Session: Class initialized using 'CodeIgniter\Session\Handlers\FileHandler' driver.
DEBUG - 2025-04-02 05:50:04 --> Session: Class initialized using 'CodeIgniter\Session\Handlers\FileHandler' driver.
DEBUG - 2025-04-02 05:50:22 --> Session: Class initialized using 'CodeIgniter\Session\Handlers\FileHandler' driver.
DEBUG - 2025-04-02 05:53:10 --> Session: Class initialized using 'CodeIgniter\Session\Handlers\FileHandler' driver.
ERROR - 2025-04-02 05:53:10 --> mysqli_sql_exception: Table 'dbcssv3.tblsemester' doesn't exist in C:\xampp\htdocs\dostx_cssv3\system\Database\MySQLi\Connection.php:327
Stack trace:
#0 C:\xampp\htdocs\dostx_cssv3\system\Database\MySQLi\Connection.php(327): mysqli->query('SELECT *\nFROM `...', 0)
#1 C:\xampp\htdocs\dostx_cssv3\system\Database\BaseConnection.php(738): CodeIgniter\Database\MySQLi\Connection->execute('SELECT *\nFROM `...')
#2 C:\xampp\htdocs\dostx_cssv3\system\Database\BaseConnection.php(652): CodeIgniter\Database\BaseConnection->simpleQuery('SELECT *\nFROM `...')
#3 C:\xampp\htdocs\dostx_cssv3\system\Database\BaseBuilder.php(1649): CodeIgniter\Database\BaseConnection->query('SELECT *\nFROM `...', Array, false)
#4 C:\xampp\htdocs\dostx_cssv3\app\Models\ReportsModel.php(18): CodeIgniter\Database\BaseBuilder->get()
#5 C:\xampp\htdocs\dostx_cssv3\app\Controllers\ReportsController.php(42): App\Models\ReportsModel->get_all_data('tblsemester')
#6 C:\xampp\htdocs\dostx_cssv3\system\CodeIgniter.php(933): App\Controllers\ReportsController->generate()
#7 C:\xampp\htdocs\dostx_cssv3\system\CodeIgniter.php(507): CodeIgniter\CodeIgniter->runController(Object(App\Controllers\ReportsController))
#8 C:\xampp\htdocs\dostx_cssv3\system\CodeIgniter.php(354): CodeIgniter\CodeIgniter->handleRequest(NULL, Object(Config\Cache), false)
#9 C:\xampp\htdocs\dostx_cssv3\system\Boot.php(334): CodeIgniter\CodeIgniter->run()
#10 C:\xampp\htdocs\dostx_cssv3\system\Boot.php(67): CodeIgniter\Boot::runCodeIgniter(Object(CodeIgniter\CodeIgniter))
#11 C:\xampp\htdocs\dostx_cssv3\index.php(56): CodeIgniter\Boot::bootWeb(Object(Config\Paths))
#12 {main}
CRITICAL - 2025-04-02 05:53:10 --> CodeIgniter\Database\Exceptions\DatabaseException: Table 'dbcssv3.tblsemester' doesn't exist
[Method: GET, Route: reports/generate]
in SYSTEMPATH\Database\BaseConnection.php on line 692.
 1 SYSTEMPATH\Database\BaseBuilder.php(1649): CodeIgniter\Database\BaseConnection->query('SELECT *
FROM `tblsemester`', [], false)
 2 APPPATH\Models\ReportsModel.php(18): CodeIgniter\Database\BaseBuilder->get()
 3 APPPATH\Controllers\ReportsController.php(42): App\Models\ReportsModel->get_all_data('tblsemester')
 4 SYSTEMPATH\CodeIgniter.php(933): App\Controllers\ReportsController->generate()
 5 SYSTEMPATH\CodeIgniter.php(507): CodeIgniter\CodeIgniter->runController(Object(App\Controllers\ReportsController))
 6 SYSTEMPATH\CodeIgniter.php(354): CodeIgniter\CodeIgniter->handleRequest(null, Object(Config\Cache), false)
 7 SYSTEMPATH\Boot.php(334): CodeIgniter\CodeIgniter->run()
 8 SYSTEMPATH\Boot.php(67): CodeIgniter\Boot::runCodeIgniter(Object(CodeIgniter\CodeIgniter))
 9 FCPATH\index.php(56): CodeIgniter\Boot::bootWeb(Object(Config\Paths))
CRITICAL - 2025-04-02 05:53:10 --> [Caused by] CodeIgniter\Database\Exceptions\DatabaseException: Table 'dbcssv3.tblsemester' doesn't exist
in SYSTEMPATH\Database\MySQLi\Connection.php on line 332.
 1 SYSTEMPATH\Database\BaseConnection.php(738): CodeIgniter\Database\MySQLi\Connection->execute('SELECT *
FROM `tblsemester`')
 2 SYSTEMPATH\Database\BaseConnection.php(652): CodeIgniter\Database\BaseConnection->simpleQuery('SELECT *
FROM `tblsemester`')
 3 SYSTEMPATH\Database\BaseBuilder.php(1649): CodeIgniter\Database\BaseConnection->query('SELECT *
FROM `tblsemester`', [], false)
 4 APPPATH\Models\ReportsModel.php(18): CodeIgniter\Database\BaseBuilder->get()
 5 APPPATH\Controllers\ReportsController.php(42): App\Models\ReportsModel->get_all_data('tblsemester')
 6 SYSTEMPATH\CodeIgniter.php(933): App\Controllers\ReportsController->generate()
 7 SYSTEMPATH\CodeIgniter.php(507): CodeIgniter\CodeIgniter->runController(Object(App\Controllers\ReportsController))
 8 SYSTEMPATH\CodeIgniter.php(354): CodeIgniter\CodeIgniter->handleRequest(null, Object(Config\Cache), false)
 9 SYSTEMPATH\Boot.php(334): CodeIgniter\CodeIgniter->run()
10 SYSTEMPATH\Boot.php(67): CodeIgniter\Boot::runCodeIgniter(Object(CodeIgniter\CodeIgniter))
11 FCPATH\index.php(56): CodeIgniter\Boot::bootWeb(Object(Config\Paths))
CRITICAL - 2025-04-02 05:53:10 --> [Caused by] mysqli_sql_exception: Table 'dbcssv3.tblsemester' doesn't exist
in SYSTEMPATH\Database\MySQLi\Connection.php on line 327.
 1 SYSTEMPATH\Database\MySQLi\Connection.php(327): mysqli->query('SELECT *
FROM `tblsemester`', 0)
 2 SYSTEMPATH\Database\BaseConnection.php(738): CodeIgniter\Database\MySQLi\Connection->execute('SELECT *
FROM `tblsemester`')
 3 SYSTEMPATH\Database\BaseConnection.php(652): CodeIgniter\Database\BaseConnection->simpleQuery('SELECT *
FROM `tblsemester`')
 4 SYSTEMPATH\Database\BaseBuilder.php(1649): CodeIgniter\Database\BaseConnection->query('SELECT *
FROM `tblsemester`', [], false)
 5 APPPATH\Models\ReportsModel.php(18): CodeIgniter\Database\BaseBuilder->get()
 6 APPPATH\Controllers\ReportsController.php(42): App\Models\ReportsModel->get_all_data('tblsemester')
 7 SYSTEMPATH\CodeIgniter.php(933): App\Controllers\ReportsController->generate()
 8 SYSTEMPATH\CodeIgniter.php(507): CodeIgniter\CodeIgniter->runController(Object(App\Controllers\ReportsController))
 9 SYSTEMPATH\CodeIgniter.php(354): CodeIgniter\CodeIgniter->handleRequest(null, Object(Config\Cache), false)
10 SYSTEMPATH\Boot.php(334): CodeIgniter\CodeIgniter->run()
11 SYSTEMPATH\Boot.php(67): CodeIgniter\Boot::runCodeIgniter(Object(CodeIgniter\CodeIgniter))
12 FCPATH\index.php(56): CodeIgniter\Boot::bootWeb(Object(Config\Paths))
DEBUG - 2025-04-02 05:53:47 --> Session: Class initialized using 'CodeIgniter\Session\Handlers\FileHandler' driver.
DEBUG - 2025-04-02 05:54:19 --> Session: Class initialized using 'CodeIgniter\Session\Handlers\FileHandler' driver.
DEBUG - 2025-04-02 05:54:35 --> Session: Class initialized using 'CodeIgniter\Session\Handlers\FileHandler' driver.
DEBUG - 2025-04-02 05:54:46 --> Session: Class initialized using 'CodeIgniter\Session\Handlers\FileHandler' driver.
DEBUG - 2025-04-02 05:54:54 --> Session: Class initialized using 'CodeIgniter\Session\Handlers\FileHandler' driver.
DEBUG - 2025-04-02 05:55:10 --> Session: Class initialized using 'CodeIgniter\Session\Handlers\FileHandler' driver.
DEBUG - 2025-04-02 05:57:51 --> Session: Class initialized using 'CodeIgniter\Session\Handlers\FileHandler' driver.
DEBUG - 2025-04-02 05:58:18 --> Session: Class initialized using 'CodeIgniter\Session\Handlers\FileHandler' driver.
DEBUG - 2025-04-02 05:59:44 --> Session: Class initialized using 'CodeIgniter\Session\Handlers\FileHandler' driver.
CRITICAL - 2025-04-02 05:59:44 --> CodeIgniter\Database\Exceptions\DatabaseException: You must set the database table to be used with your query.
[Method: GET, Route: reports/gen_result]
in SYSTEMPATH\Database\BaseConnection.php on line 941.
 1 SYSTEMPATH\Model.php(714): CodeIgniter\Database\BaseConnection->table(null)
 2 SYSTEMPATH\Model.php(920): CodeIgniter\Model->builder()
 3 APPPATH\Controllers\ReportsController.php(52): CodeIgniter\Model->__call('get_office_name', [...])
 4 SYSTEMPATH\CodeIgniter.php(933): App\Controllers\ReportsController->gen_result()
 5 SYSTEMPATH\CodeIgniter.php(507): CodeIgniter\CodeIgniter->runController(Object(App\Controllers\ReportsController))
 6 SYSTEMPATH\CodeIgniter.php(354): CodeIgniter\CodeIgniter->handleRequest(null, Object(Config\Cache), false)
 7 SYSTEMPATH\Boot.php(334): CodeIgniter\CodeIgniter->run()
 8 SYSTEMPATH\Boot.php(67): CodeIgniter\Boot::runCodeIgniter(Object(CodeIgniter\CodeIgniter))
 9 FCPATH\index.php(56): CodeIgniter\Boot::bootWeb(Object(Config\Paths))
DEBUG - 2025-04-02 06:03:54 --> Session: Class initialized using 'CodeIgniter\Session\Handlers\FileHandler' driver.
CRITICAL - 2025-04-02 06:03:54 --> CodeIgniter\Database\Exceptions\DatabaseException: You must set the database table to be used with your query.
[Method: GET, Route: reports/gen_result]
in SYSTEMPATH\Database\BaseConnection.php on line 941.
 1 SYSTEMPATH\Model.php(714): CodeIgniter\Database\BaseConnection->table(null)
 2 SYSTEMPATH\Model.php(920): CodeIgniter\Model->builder()
 3 APPPATH\Controllers\ReportsController.php(52): CodeIgniter\Model->__call('get_office_name', [...])
 4 SYSTEMPATH\CodeIgniter.php(933): App\Controllers\ReportsController->gen_result()
 5 SYSTEMPATH\CodeIgniter.php(507): CodeIgniter\CodeIgniter->runController(Object(App\Controllers\ReportsController))
 6 SYSTEMPATH\CodeIgniter.php(354): CodeIgniter\CodeIgniter->handleRequest(null, Object(Config\Cache), false)
 7 SYSTEMPATH\Boot.php(334): CodeIgniter\CodeIgniter->run()
 8 SYSTEMPATH\Boot.php(67): CodeIgniter\Boot::runCodeIgniter(Object(CodeIgniter\CodeIgniter))
 9 FCPATH\index.php(56): CodeIgniter\Boot::bootWeb(Object(Config\Paths))
DEBUG - 2025-04-02 06:04:40 --> Session: Class initialized using 'CodeIgniter\Session\Handlers\FileHandler' driver.
CRITICAL - 2025-04-02 06:04:40 --> CodeIgniter\Database\Exceptions\DatabaseException: You must set the database table to be used with your query.
[Method: GET, Route: reports/gen_result]
in SYSTEMPATH\Database\BaseConnection.php on line 941.
 1 SYSTEMPATH\Model.php(714): CodeIgniter\Database\BaseConnection->table(null)
 2 SYSTEMPATH\Model.php(920): CodeIgniter\Model->builder()
 3 APPPATH\Controllers\ReportsController.php(52): CodeIgniter\Model->__call('get_office_name', [...])
 4 SYSTEMPATH\CodeIgniter.php(933): App\Controllers\ReportsController->gen_result()
 5 SYSTEMPATH\CodeIgniter.php(507): CodeIgniter\CodeIgniter->runController(Object(App\Controllers\ReportsController))
 6 SYSTEMPATH\CodeIgniter.php(354): CodeIgniter\CodeIgniter->handleRequest(null, Object(Config\Cache), false)
 7 SYSTEMPATH\Boot.php(334): CodeIgniter\CodeIgniter->run()
 8 SYSTEMPATH\Boot.php(67): CodeIgniter\Boot::runCodeIgniter(Object(CodeIgniter\CodeIgniter))
 9 FCPATH\index.php(56): CodeIgniter\Boot::bootWeb(Object(Config\Paths))
DEBUG - 2025-04-02 06:04:58 --> Session: Class initialized using 'CodeIgniter\Session\Handlers\FileHandler' driver.
DEBUG - 2025-04-02 06:05:15 --> Session: Class initialized using 'CodeIgniter\Session\Handlers\FileHandler' driver.
DEBUG - 2025-04-02 06:05:34 --> Session: Class initialized using 'CodeIgniter\Session\Handlers\FileHandler' driver.
DEBUG - 2025-04-02 06:05:50 --> Session: Class initialized using 'CodeIgniter\Session\Handlers\FileHandler' driver.
DEBUG - 2025-04-02 06:11:10 --> Session: Class initialized using 'CodeIgniter\Session\Handlers\FileHandler' driver.
DEBUG - 2025-04-02 06:11:11 --> Session: Class initialized using 'CodeIgniter\Session\Handlers\FileHandler' driver.
CRITICAL - 2025-04-02 06:11:11 --> CodeIgniter\Database\Exceptions\DatabaseException: You must set the database table to be used with your query.
[Method: POST, Route: reports/gen_result]
in SYSTEMPATH\Database\BaseConnection.php on line 941.
 1 SYSTEMPATH\Model.php(714): CodeIgniter\Database\BaseConnection->table(null)
 2 SYSTEMPATH\Model.php(920): CodeIgniter\Model->builder()
 3 APPPATH\Controllers\ReportsController.php(52): CodeIgniter\Model->__call('get_office_name', [...])
 4 SYSTEMPATH\CodeIgniter.php(933): App\Controllers\ReportsController->gen_result()
 5 SYSTEMPATH\CodeIgniter.php(507): CodeIgniter\CodeIgniter->runController(Object(App\Controllers\ReportsController))
 6 SYSTEMPATH\CodeIgniter.php(354): CodeIgniter\CodeIgniter->handleRequest(null, Object(Config\Cache), false)
 7 SYSTEMPATH\Boot.php(334): CodeIgniter\CodeIgniter->run()
 8 SYSTEMPATH\Boot.php(67): CodeIgniter\Boot::runCodeIgniter(Object(CodeIgniter\CodeIgniter))
 9 FCPATH\index.php(56): CodeIgniter\Boot::bootWeb(Object(Config\Paths))
DEBUG - 2025-04-02 06:11:31 --> Session: Class initialized using 'CodeIgniter\Session\Handlers\FileHandler' driver.
DEBUG - 2025-04-02 06:11:31 --> Session: Class initialized using 'CodeIgniter\Session\Handlers\FileHandler' driver.
CRITICAL - 2025-04-02 06:11:31 --> CodeIgniter\Database\Exceptions\DatabaseException: You must set the database table to be used with your query.
[Method: POST, Route: reports/gen_result]
in SYSTEMPATH\Database\BaseConnection.php on line 941.
 1 SYSTEMPATH\Model.php(714): CodeIgniter\Database\BaseConnection->table(null)
 2 SYSTEMPATH\Model.php(920): CodeIgniter\Model->builder()
 3 APPPATH\Controllers\ReportsController.php(52): CodeIgniter\Model->__call('get_office_name', [...])
 4 SYSTEMPATH\CodeIgniter.php(933): App\Controllers\ReportsController->gen_result()
 5 SYSTEMPATH\CodeIgniter.php(507): CodeIgniter\CodeIgniter->runController(Object(App\Controllers\ReportsController))
 6 SYSTEMPATH\CodeIgniter.php(354): CodeIgniter\CodeIgniter->handleRequest(null, Object(Config\Cache), false)
 7 SYSTEMPATH\Boot.php(334): CodeIgniter\CodeIgniter->run()
 8 SYSTEMPATH\Boot.php(67): CodeIgniter\Boot::runCodeIgniter(Object(CodeIgniter\CodeIgniter))
 9 FCPATH\index.php(56): CodeIgniter\Boot::bootWeb(Object(Config\Paths))
DEBUG - 2025-04-02 06:12:55 --> Session: Class initialized using 'CodeIgniter\Session\Handlers\FileHandler' driver.
DEBUG - 2025-04-02 06:12:55 --> Session: Class initialized using 'CodeIgniter\Session\Handlers\FileHandler' driver.
DEBUG - 2025-04-02 06:13:04 --> Session: Class initialized using 'CodeIgniter\Session\Handlers\FileHandler' driver.
DEBUG - 2025-04-02 06:13:06 --> Session: Class initialized using 'CodeIgniter\Session\Handlers\FileHandler' driver.
DEBUG - 2025-04-02 06:13:07 --> Session: Class initialized using 'CodeIgniter\Session\Handlers\FileHandler' driver.
DEBUG - 2025-04-02 06:13:09 --> Session: Class initialized using 'CodeIgniter\Session\Handlers\FileHandler' driver.
DEBUG - 2025-04-02 06:13:11 --> Session: Class initialized using 'CodeIgniter\Session\Handlers\FileHandler' driver.
DEBUG - 2025-04-02 06:13:32 --> Session: Class initialized using 'CodeIgniter\Session\Handlers\FileHandler' driver.
DEBUG - 2025-04-02 06:13:32 --> Session: Class initialized using 'CodeIgniter\Session\Handlers\FileHandler' driver.
CRITICAL - 2025-04-02 06:13:32 --> CodeIgniter\Database\Exceptions\DatabaseException: You must set the database table to be used with your query.
[Method: POST, Route: reports/gen_result]
in SYSTEMPATH\Database\BaseConnection.php on line 941.
 1 SYSTEMPATH\Model.php(714): CodeIgniter\Database\BaseConnection->table(null)
 2 SYSTEMPATH\Model.php(920): CodeIgniter\Model->builder()
 3 APPPATH\Controllers\ReportsController.php(59): CodeIgniter\Model->__call('gen_client_type', [...])
 4 SYSTEMPATH\CodeIgniter.php(933): App\Controllers\ReportsController->gen_result()
 5 SYSTEMPATH\CodeIgniter.php(507): CodeIgniter\CodeIgniter->runController(Object(App\Controllers\ReportsController))
 6 SYSTEMPATH\CodeIgniter.php(354): CodeIgniter\CodeIgniter->handleRequest(null, Object(Config\Cache), false)
 7 SYSTEMPATH\Boot.php(334): CodeIgniter\CodeIgniter->run()
 8 SYSTEMPATH\Boot.php(67): CodeIgniter\Boot::runCodeIgniter(Object(CodeIgniter\CodeIgniter))
 9 FCPATH\index.php(56): CodeIgniter\Boot::bootWeb(Object(Config\Paths))
DEBUG - 2025-04-02 06:14:44 --> Session: Class initialized using 'CodeIgniter\Session\Handlers\FileHandler' driver.
DEBUG - 2025-04-02 06:14:44 --> Session: Class initialized using 'CodeIgniter\Session\Handlers\FileHandler' driver.
CRITICAL - 2025-04-02 06:14:44 --> Error: Call to undefined method CodeIgniter\Database\MySQLi\Result::resultArray()
[Method: POST, Route: reports/gen_result]
in APPPATH\Models\ReportsModel.php on line 199.
 1 APPPATH\Controllers\ReportsController.php(59): App\Models\ReportsModel->gen_client_type([...])
 2 SYSTEMPATH\CodeIgniter.php(933): App\Controllers\ReportsController->gen_result()
 3 SYSTEMPATH\CodeIgniter.php(507): CodeIgniter\CodeIgniter->runController(Object(App\Controllers\ReportsController))
 4 SYSTEMPATH\CodeIgniter.php(354): CodeIgniter\CodeIgniter->handleRequest(null, Object(Config\Cache), false)
 5 SYSTEMPATH\Boot.php(334): CodeIgniter\CodeIgniter->run()
 6 SYSTEMPATH\Boot.php(67): CodeIgniter\Boot::runCodeIgniter(Object(CodeIgniter\CodeIgniter))
 7 FCPATH\index.php(56): CodeIgniter\Boot::bootWeb(Object(Config\Paths))
DEBUG - 2025-04-02 06:15:02 --> Session: Class initialized using 'CodeIgniter\Session\Handlers\FileHandler' driver.
DEBUG - 2025-04-02 06:15:02 --> Session: Class initialized using 'CodeIgniter\Session\Handlers\FileHandler' driver.
CRITICAL - 2025-04-02 06:15:02 --> CodeIgniter\Database\Exceptions\DatabaseException: You must set the database table to be used with your query.
[Method: POST, Route: reports/gen_result]
in SYSTEMPATH\Database\BaseConnection.php on line 941.
 1 SYSTEMPATH\Model.php(714): CodeIgniter\Database\BaseConnection->table(null)
 2 SYSTEMPATH\Model.php(920): CodeIgniter\Model->builder()
 3 APPPATH\Controllers\ReportsController.php(60): CodeIgniter\Model->__call('gen_agegroup', [...])
 4 SYSTEMPATH\CodeIgniter.php(933): App\Controllers\ReportsController->gen_result()
 5 SYSTEMPATH\CodeIgniter.php(507): CodeIgniter\CodeIgniter->runController(Object(App\Controllers\ReportsController))
 6 SYSTEMPATH\CodeIgniter.php(354): CodeIgniter\CodeIgniter->handleRequest(null, Object(Config\Cache), false)
 7 SYSTEMPATH\Boot.php(334): CodeIgniter\CodeIgniter->run()
 8 SYSTEMPATH\Boot.php(67): CodeIgniter\Boot::runCodeIgniter(Object(CodeIgniter\CodeIgniter))
 9 FCPATH\index.php(56): CodeIgniter\Boot::bootWeb(Object(Config\Paths))
DEBUG - 2025-04-02 06:15:28 --> Session: Class initialized using 'CodeIgniter\Session\Handlers\FileHandler' driver.
DEBUG - 2025-04-02 06:15:28 --> Session: Class initialized using 'CodeIgniter\Session\Handlers\FileHandler' driver.
CRITICAL - 2025-04-02 06:15:28 --> CodeIgniter\Database\Exceptions\DatabaseException: You must set the database table to be used with your query.
[Method: POST, Route: reports/gen_result]
in SYSTEMPATH\Database\BaseConnection.php on line 941.
 1 SYSTEMPATH\Model.php(714): CodeIgniter\Database\BaseConnection->table(null)
 2 SYSTEMPATH\Model.php(920): CodeIgniter\Model->builder()
 3 APPPATH\Controllers\ReportsController.php(60): CodeIgniter\Model->__call('gen_agegroup', [...])
 4 SYSTEMPATH\CodeIgniter.php(933): App\Controllers\ReportsController->gen_result()
 5 SYSTEMPATH\CodeIgniter.php(507): CodeIgniter\CodeIgniter->runController(Object(App\Controllers\ReportsController))
 6 SYSTEMPATH\CodeIgniter.php(354): CodeIgniter\CodeIgniter->handleRequest(null, Object(Config\Cache), false)
 7 SYSTEMPATH\Boot.php(334): CodeIgniter\CodeIgniter->run()
 8 SYSTEMPATH\Boot.php(67): CodeIgniter\Boot::runCodeIgniter(Object(CodeIgniter\CodeIgniter))
 9 FCPATH\index.php(56): CodeIgniter\Boot::bootWeb(Object(Config\Paths))
DEBUG - 2025-04-02 06:16:03 --> Session: Class initialized using 'CodeIgniter\Session\Handlers\FileHandler' driver.
DEBUG - 2025-04-02 06:16:03 --> Session: Class initialized using 'CodeIgniter\Session\Handlers\FileHandler' driver.
CRITICAL - 2025-04-02 06:16:03 --> CodeIgniter\Database\Exceptions\DatabaseException: You must set the database table to be used with your query.
[Method: POST, Route: reports/gen_result]
in SYSTEMPATH\Database\BaseConnection.php on line 941.
 1 SYSTEMPATH\Model.php(714): CodeIgniter\Database\BaseConnection->table(null)
 2 SYSTEMPATH\Model.php(920): CodeIgniter\Model->builder()
 3 APPPATH\Controllers\ReportsController.php(60): CodeIgniter\Model->__call('gen_agegroup', [...])
 4 SYSTEMPATH\CodeIgniter.php(933): App\Controllers\ReportsController->gen_result()
 5 SYSTEMPATH\CodeIgniter.php(507): CodeIgniter\CodeIgniter->runController(Object(App\Controllers\ReportsController))
 6 SYSTEMPATH\CodeIgniter.php(354): CodeIgniter\CodeIgniter->handleRequest(null, Object(Config\Cache), false)
 7 SYSTEMPATH\Boot.php(334): CodeIgniter\CodeIgniter->run()
 8 SYSTEMPATH\Boot.php(67): CodeIgniter\Boot::runCodeIgniter(Object(CodeIgniter\CodeIgniter))
 9 FCPATH\index.php(56): CodeIgniter\Boot::bootWeb(Object(Config\Paths))
DEBUG - 2025-04-02 06:23:02 --> Session: Class initialized using 'CodeIgniter\Session\Handlers\FileHandler' driver.
DEBUG - 2025-04-02 06:23:03 --> Session: Class initialized using 'CodeIgniter\Session\Handlers\FileHandler' driver.
CRITICAL - 2025-04-02 06:23:03 --> CodeIgniter\Database\Exceptions\DatabaseException: You must set the database table to be used with your query.
[Method: POST, Route: reports/gen_result]
in SYSTEMPATH\Database\BaseConnection.php on line 941.
 1 SYSTEMPATH\Model.php(714): CodeIgniter\Database\BaseConnection->table(null)
 2 SYSTEMPATH\Model.php(920): CodeIgniter\Model->builder()
 3 APPPATH\Controllers\ReportsController.php(60): CodeIgniter\Model->__call('gen_agegroup', [...])
 4 SYSTEMPATH\CodeIgniter.php(933): App\Controllers\ReportsController->gen_result()
 5 SYSTEMPATH\CodeIgniter.php(507): CodeIgniter\CodeIgniter->runController(Object(App\Controllers\ReportsController))
 6 SYSTEMPATH\CodeIgniter.php(354): CodeIgniter\CodeIgniter->handleRequest(null, Object(Config\Cache), false)
 7 SYSTEMPATH\Boot.php(334): CodeIgniter\CodeIgniter->run()
 8 SYSTEMPATH\Boot.php(67): CodeIgniter\Boot::runCodeIgniter(Object(CodeIgniter\CodeIgniter))
 9 FCPATH\index.php(56): CodeIgniter\Boot::bootWeb(Object(Config\Paths))
DEBUG - 2025-04-02 06:23:35 --> Session: Class initialized using 'CodeIgniter\Session\Handlers\FileHandler' driver.
DEBUG - 2025-04-02 06:23:35 --> Session: Class initialized using 'CodeIgniter\Session\Handlers\FileHandler' driver.
DEBUG - 2025-04-02 06:23:42 --> Session: Class initialized using 'CodeIgniter\Session\Handlers\FileHandler' driver.
DEBUG - 2025-04-02 06:23:42 --> Session: Class initialized using 'CodeIgniter\Session\Handlers\FileHandler' driver.
CRITICAL - 2025-04-02 06:23:42 --> CodeIgniter\Database\Exceptions\DatabaseException: You must set the database table to be used with your query.
[Method: POST, Route: reports/gen_result]
in SYSTEMPATH\Database\BaseConnection.php on line 941.
 1 SYSTEMPATH\Model.php(714): CodeIgniter\Database\BaseConnection->table(null)
 2 SYSTEMPATH\Model.php(920): CodeIgniter\Model->builder()
 3 APPPATH\Controllers\ReportsController.php(60): CodeIgniter\Model->__call('gen_agegroup', [...])
 4 SYSTEMPATH\CodeIgniter.php(933): App\Controllers\ReportsController->gen_result()
 5 SYSTEMPATH\CodeIgniter.php(507): CodeIgniter\CodeIgniter->runController(Object(App\Controllers\ReportsController))
 6 SYSTEMPATH\CodeIgniter.php(354): CodeIgniter\CodeIgniter->handleRequest(null, Object(Config\Cache), false)
 7 SYSTEMPATH\Boot.php(334): CodeIgniter\CodeIgniter->run()
 8 SYSTEMPATH\Boot.php(67): CodeIgniter\Boot::runCodeIgniter(Object(CodeIgniter\CodeIgniter))
 9 FCPATH\index.php(56): CodeIgniter\Boot::bootWeb(Object(Config\Paths))
DEBUG - 2025-04-02 06:25:03 --> Session: Class initialized using 'CodeIgniter\Session\Handlers\FileHandler' driver.
DEBUG - 2025-04-02 06:25:04 --> Session: Class initialized using 'CodeIgniter\Session\Handlers\FileHandler' driver.
ERROR - 2025-04-02 06:25:04 --> mysqli_sql_exception: You have an error in your SQL syntax; check the manual that corresponds to your MariaDB server version for the right syntax to use near ':year AND quar.quarterid = :quarterid) as css_data
                        G...' at line 28 in C:\xampp\htdocs\dostx_cssv3\system\Database\MySQLi\Connection.php:327
Stack trace:
#0 C:\xampp\htdocs\dostx_cssv3\system\Database\MySQLi\Connection.php(327): mysqli->query('SELECT \r\n      ...', 0)
#1 C:\xampp\htdocs\dostx_cssv3\system\Database\BaseConnection.php(738): CodeIgniter\Database\MySQLi\Connection->execute('SELECT \r\n      ...')
#2 C:\xampp\htdocs\dostx_cssv3\system\Database\BaseConnection.php(652): CodeIgniter\Database\BaseConnection->simpleQuery('SELECT \r\n      ...')
#3 C:\xampp\htdocs\dostx_cssv3\app\Models\ReportsModel.php(198): CodeIgniter\Database\BaseConnection->query('SELECT \r\n      ...', Array)
#4 C:\xampp\htdocs\dostx_cssv3\app\Controllers\ReportsController.php(59): App\Models\ReportsModel->gen_client_type(Array)
#5 C:\xampp\htdocs\dostx_cssv3\system\CodeIgniter.php(933): App\Controllers\ReportsController->gen_result()
#6 C:\xampp\htdocs\dostx_cssv3\system\CodeIgniter.php(507): CodeIgniter\CodeIgniter->runController(Object(App\Controllers\ReportsController))
#7 C:\xampp\htdocs\dostx_cssv3\system\CodeIgniter.php(354): CodeIgniter\CodeIgniter->handleRequest(NULL, Object(Config\Cache), false)
#8 C:\xampp\htdocs\dostx_cssv3\system\Boot.php(334): CodeIgniter\CodeIgniter->run()
#9 C:\xampp\htdocs\dostx_cssv3\system\Boot.php(67): CodeIgniter\Boot::runCodeIgniter(Object(CodeIgniter\CodeIgniter))
#10 C:\xampp\htdocs\dostx_cssv3\index.php(56): CodeIgniter\Boot::bootWeb(Object(Config\Paths))
#11 {main}
CRITICAL - 2025-04-02 06:25:04 --> CodeIgniter\Database\Exceptions\DatabaseException: You have an error in your SQL syntax; check the manual that corresponds to your MariaDB server version for the right syntax to use near ':year AND quar.quarterid = :quarterid) as css_data
                        G...' at line 28
[Method: POST, Route: reports/gen_result]
in SYSTEMPATH\Database\BaseConnection.php on line 692.
 1 APPPATH\Models\ReportsModel.php(198): CodeIgniter\Database\BaseConnection->query('SELECT 
                    `cl`.*, 
                    `co`.`external_count`, 
                    `co`.`internal_count`, 
                    `co`.`total_per_ctype`, 
                    `xto`.`total_overall`
                    FROM 
                    `tblclienttype` `cl`
                    LEFT JOIN (
                        SELECT 
                        `clienttypeid`, 
                        SUM(CASE WHEN `is_external` = 1 THEN 1 ELSE 0 END) AS `external_count`, 
                        SUM(CASE WHEN `is_external` = 0 THEN 1 ELSE 0 END) AS `internal_count`, 
                        COUNT(*) AS `total_per_ctype`
                        FROM (
                        SELECT 
                            `cs`.`clienttypeid`, 
                            `cs`.`year`, 
                            `cs`.`officeid`, 
                            `cs`.`quarterid`, 
                            `ser`.`is_external`, 
                            `quar`.`semesterid`
                        FROM 
                            `tblcss_summary` `cs`
                            JOIN `tblservices` `ser` ON `ser`.`servicesid` = `cs`.`servicesid`
                            JOIN `tblquarters` `quar` ON `quar`.`quarterid` = `cs`.`quarterid`
                        WHERE 
                            `cs`.`year` = :year AND quar.quarterid = :quarterid) as css_data
                        GROUP BY `clienttypeid`
                    ) as co ON `cl`.`clienttypeid` = `co`.`clienttypeid`
                    JOIN (
                        SELECT 
                        COUNT(*) AS `total_overall`
                        FROM (
                        SELECT 
                            `cs`.`clienttypeid`, 
                            `cs`.`year`, 
                            `cs`.`officeid`, 
                            `cs`.`quarterid`, 
                            `ser`.`is_external`, 
                            `quar`.`semesterid`
                        FROM 
                            `tblcss_summary` `cs`
                            JOIN `tblservices` `ser` ON `ser`.`servicesid` = `cs`.`servicesid`
                            JOIN `tblquarters` `quar` ON `quar`.`quarterid` = `cs`.`quarterid`
                        WHERE 
                            `cs`.`year` = 2025 AND quar.quarterid = 2 ) as css_data
                    ) as xto ON 1=1', [...])
 2 APPPATH\Controllers\ReportsController.php(59): App\Models\ReportsModel->gen_client_type([...])
 3 SYSTEMPATH\CodeIgniter.php(933): App\Controllers\ReportsController->gen_result()
 4 SYSTEMPATH\CodeIgniter.php(507): CodeIgniter\CodeIgniter->runController(Object(App\Controllers\ReportsController))
 5 SYSTEMPATH\CodeIgniter.php(354): CodeIgniter\CodeIgniter->handleRequest(null, Object(Config\Cache), false)
 6 SYSTEMPATH\Boot.php(334): CodeIgniter\CodeIgniter->run()
 7 SYSTEMPATH\Boot.php(67): CodeIgniter\Boot::runCodeIgniter(Object(CodeIgniter\CodeIgniter))
 8 FCPATH\index.php(56): CodeIgniter\Boot::bootWeb(Object(Config\Paths))
CRITICAL - 2025-04-02 06:25:04 --> [Caused by] CodeIgniter\Database\Exceptions\DatabaseException: You have an error in your SQL syntax; check the manual that corresponds to your MariaDB server version for the right syntax to use near ':year AND quar.quarterid = :quarterid) as css_data
                        G...' at line 28
in SYSTEMPATH\Database\MySQLi\Connection.php on line 332.
 1 SYSTEMPATH\Database\BaseConnection.php(738): CodeIgniter\Database\MySQLi\Connection->execute('SELECT 
                    `cl`.*, 
                    `co`.`external_count`, 
                    `co`.`internal_count`, 
                    `co`.`total_per_ctype`, 
                    `xto`.`total_overall`
                    FROM 
                    `tblclienttype` `cl`
                    LEFT JOIN (
                        SELECT 
                        `clienttypeid`, 
                        SUM(CASE WHEN `is_external` = 1 THEN 1 ELSE 0 END) AS `external_count`, 
                        SUM(CASE WHEN `is_external` = 0 THEN 1 ELSE 0 END) AS `internal_count`, 
                        COUNT(*) AS `total_per_ctype`
                        FROM (
                        SELECT 
                            `cs`.`clienttypeid`, 
                            `cs`.`year`, 
                            `cs`.`officeid`, 
                            `cs`.`quarterid`, 
                            `ser`.`is_external`, 
                            `quar`.`semesterid`
                        FROM 
                            `tblcss_summary` `cs`
                            JOIN `tblservices` `ser` ON `ser`.`servicesid` = `cs`.`servicesid`
                            JOIN `tblquarters` `quar` ON `quar`.`quarterid` = `cs`.`quarterid`
                        WHERE 
                            `cs`.`year` = :year AND quar.quarterid = :quarterid) as css_data
                        GROUP BY `clienttypeid`
                    ) as co ON `cl`.`clienttypeid` = `co`.`clienttypeid`
                    JOIN (
                        SELECT 
                        COUNT(*) AS `total_overall`
                        FROM (
                        SELECT 
                            `cs`.`clienttypeid`, 
                            `cs`.`year`, 
                            `cs`.`officeid`, 
                            `cs`.`quarterid`, 
                            `ser`.`is_external`, 
                            `quar`.`semesterid`
                        FROM 
                            `tblcss_summary` `cs`
                            JOIN `tblservices` `ser` ON `ser`.`servicesid` = `cs`.`servicesid`
                            JOIN `tblquarters` `quar` ON `quar`.`quarterid` = `cs`.`quarterid`
                        WHERE 
                            `cs`.`year` = 2025 AND quar.quarterid = 2 ) as css_data
                    ) as xto ON 1=1')
 2 SYSTEMPATH\Database\BaseConnection.php(652): CodeIgniter\Database\BaseConnection->simpleQuery('SELECT 
                    `cl`.*, 
                    `co`.`external_count`, 
                    `co`.`internal_count`, 
                    `co`.`total_per_ctype`, 
                    `xto`.`total_overall`
                    FROM 
                    `tblclienttype` `cl`
                    LEFT JOIN (
                        SELECT 
                        `clienttypeid`, 
                        SUM(CASE WHEN `is_external` = 1 THEN 1 ELSE 0 END) AS `external_count`, 
                        SUM(CASE WHEN `is_external` = 0 THEN 1 ELSE 0 END) AS `internal_count`, 
                        COUNT(*) AS `total_per_ctype`
                        FROM (
                        SELECT 
                            `cs`.`clienttypeid`, 
                            `cs`.`year`, 
                            `cs`.`officeid`, 
                            `cs`.`quarterid`, 
                            `ser`.`is_external`, 
                            `quar`.`semesterid`
                        FROM 
                            `tblcss_summary` `cs`
                            JOIN `tblservices` `ser` ON `ser`.`servicesid` = `cs`.`servicesid`
                            JOIN `tblquarters` `quar` ON `quar`.`quarterid` = `cs`.`quarterid`
                        WHERE 
                            `cs`.`year` = :year AND quar.quarterid = :quarterid) as css_data
                        GROUP BY `clienttypeid`
                    ) as co ON `cl`.`clienttypeid` = `co`.`clienttypeid`
                    JOIN (
                        SELECT 
                        COUNT(*) AS `total_overall`
                        FROM (
                        SELECT 
                            `cs`.`clienttypeid`, 
                            `cs`.`year`, 
                            `cs`.`officeid`, 
                            `cs`.`quarterid`, 
                            `ser`.`is_external`, 
                            `quar`.`semesterid`
                        FROM 
                            `tblcss_summary` `cs`
                            JOIN `tblservices` `ser` ON `ser`.`servicesid` = `cs`.`servicesid`
                            JOIN `tblquarters` `quar` ON `quar`.`quarterid` = `cs`.`quarterid`
                        WHERE 
                            `cs`.`year` = 2025 AND quar.quarterid = 2 ) as css_data
                    ) as xto ON 1=1')
 3 APPPATH\Models\ReportsModel.php(198): CodeIgniter\Database\BaseConnection->query('SELECT 
                    `cl`.*, 
                    `co`.`external_count`, 
                    `co`.`internal_count`, 
                    `co`.`total_per_ctype`, 
                    `xto`.`total_overall`
                    FROM 
                    `tblclienttype` `cl`
                    LEFT JOIN (
                        SELECT 
                        `clienttypeid`, 
                        SUM(CASE WHEN `is_external` = 1 THEN 1 ELSE 0 END) AS `external_count`, 
                        SUM(CASE WHEN `is_external` = 0 THEN 1 ELSE 0 END) AS `internal_count`, 
                        COUNT(*) AS `total_per_ctype`
                        FROM (
                        SELECT 
                            `cs`.`clienttypeid`, 
                            `cs`.`year`, 
                            `cs`.`officeid`, 
                            `cs`.`quarterid`, 
                            `ser`.`is_external`, 
                            `quar`.`semesterid`
                        FROM 
                            `tblcss_summary` `cs`
                            JOIN `tblservices` `ser` ON `ser`.`servicesid` = `cs`.`servicesid`
                            JOIN `tblquarters` `quar` ON `quar`.`quarterid` = `cs`.`quarterid`
                        WHERE 
                            `cs`.`year` = :year AND quar.quarterid = :quarterid) as css_data
                        GROUP BY `clienttypeid`
                    ) as co ON `cl`.`clienttypeid` = `co`.`clienttypeid`
                    JOIN (
                        SELECT 
                        COUNT(*) AS `total_overall`
                        FROM (
                        SELECT 
                            `cs`.`clienttypeid`, 
                            `cs`.`year`, 
                            `cs`.`officeid`, 
                            `cs`.`quarterid`, 
                            `ser`.`is_external`, 
                            `quar`.`semesterid`
                        FROM 
                            `tblcss_summary` `cs`
                            JOIN `tblservices` `ser` ON `ser`.`servicesid` = `cs`.`servicesid`
                            JOIN `tblquarters` `quar` ON `quar`.`quarterid` = `cs`.`quarterid`
                        WHERE 
                            `cs`.`year` = 2025 AND quar.quarterid = 2 ) as css_data
                    ) as xto ON 1=1', [...])
 4 APPPATH\Controllers\ReportsController.php(59): App\Models\ReportsModel->gen_client_type([...])
 5 SYSTEMPATH\CodeIgniter.php(933): App\Controllers\ReportsController->gen_result()
 6 SYSTEMPATH\CodeIgniter.php(507): CodeIgniter\CodeIgniter->runController(Object(App\Controllers\ReportsController))
 7 SYSTEMPATH\CodeIgniter.php(354): CodeIgniter\CodeIgniter->handleRequest(null, Object(Config\Cache), false)
 8 SYSTEMPATH\Boot.php(334): CodeIgniter\CodeIgniter->run()
 9 SYSTEMPATH\Boot.php(67): CodeIgniter\Boot::runCodeIgniter(Object(CodeIgniter\CodeIgniter))
10 FCPATH\index.php(56): CodeIgniter\Boot::bootWeb(Object(Config\Paths))
CRITICAL - 2025-04-02 06:25:04 --> [Caused by] mysqli_sql_exception: You have an error in your SQL syntax; check the manual that corresponds to your MariaDB server version for the right syntax to use near ':year AND quar.quarterid = :quarterid) as css_data
                        G...' at line 28
in SYSTEMPATH\Database\MySQLi\Connection.php on line 327.
 1 SYSTEMPATH\Database\MySQLi\Connection.php(327): mysqli->query('SELECT 
                    `cl`.*, 
                    `co`.`external_count`, 
                    `co`.`internal_count`, 
                    `co`.`total_per_ctype`, 
                    `xto`.`total_overall`
                    FROM 
                    `tblclienttype` `cl`
                    LEFT JOIN (
                        SELECT 
                        `clienttypeid`, 
                        SUM(CASE WHEN `is_external` = 1 THEN 1 ELSE 0 END) AS `external_count`, 
                        SUM(CASE WHEN `is_external` = 0 THEN 1 ELSE 0 END) AS `internal_count`, 
                        COUNT(*) AS `total_per_ctype`
                        FROM (
                        SELECT 
                            `cs`.`clienttypeid`, 
                            `cs`.`year`, 
                            `cs`.`officeid`, 
                            `cs`.`quarterid`, 
                            `ser`.`is_external`, 
                            `quar`.`semesterid`
                        FROM 
                            `tblcss_summary` `cs`
                            JOIN `tblservices` `ser` ON `ser`.`servicesid` = `cs`.`servicesid`
                            JOIN `tblquarters` `quar` ON `quar`.`quarterid` = `cs`.`quarterid`
                        WHERE 
                            `cs`.`year` = :year AND quar.quarterid = :quarterid) as css_data
                        GROUP BY `clienttypeid`
                    ) as co ON `cl`.`clienttypeid` = `co`.`clienttypeid`
                    JOIN (
                        SELECT 
                        COUNT(*) AS `total_overall`
                        FROM (
                        SELECT 
                            `cs`.`clienttypeid`, 
                            `cs`.`year`, 
                            `cs`.`officeid`, 
                            `cs`.`quarterid`, 
                            `ser`.`is_external`, 
                            `quar`.`semesterid`
                        FROM 
                            `tblcss_summary` `cs`
                            JOIN `tblservices` `ser` ON `ser`.`servicesid` = `cs`.`servicesid`
                            JOIN `tblquarters` `quar` ON `quar`.`quarterid` = `cs`.`quarterid`
                        WHERE 
                            `cs`.`year` = 2025 AND quar.quarterid = 2 ) as css_data
                    ) as xto ON 1=1', 0)
 2 SYSTEMPATH\Database\BaseConnection.php(738): CodeIgniter\Database\MySQLi\Connection->execute('SELECT 
                    `cl`.*, 
                    `co`.`external_count`, 
                    `co`.`internal_count`, 
                    `co`.`total_per_ctype`, 
                    `xto`.`total_overall`
                    FROM 
                    `tblclienttype` `cl`
                    LEFT JOIN (
                        SELECT 
                        `clienttypeid`, 
                        SUM(CASE WHEN `is_external` = 1 THEN 1 ELSE 0 END) AS `external_count`, 
                        SUM(CASE WHEN `is_external` = 0 THEN 1 ELSE 0 END) AS `internal_count`, 
                        COUNT(*) AS `total_per_ctype`
                        FROM (
                        SELECT 
                            `cs`.`clienttypeid`, 
                            `cs`.`year`, 
                            `cs`.`officeid`, 
                            `cs`.`quarterid`, 
                            `ser`.`is_external`, 
                            `quar`.`semesterid`
                        FROM 
                            `tblcss_summary` `cs`
                            JOIN `tblservices` `ser` ON `ser`.`servicesid` = `cs`.`servicesid`
                            JOIN `tblquarters` `quar` ON `quar`.`quarterid` = `cs`.`quarterid`
                        WHERE 
                            `cs`.`year` = :year AND quar.quarterid = :quarterid) as css_data
                        GROUP BY `clienttypeid`
                    ) as co ON `cl`.`clienttypeid` = `co`.`clienttypeid`
                    JOIN (
                        SELECT 
                        COUNT(*) AS `total_overall`
                        FROM (
                        SELECT 
                            `cs`.`clienttypeid`, 
                            `cs`.`year`, 
                            `cs`.`officeid`, 
                            `cs`.`quarterid`, 
                            `ser`.`is_external`, 
                            `quar`.`semesterid`
                        FROM 
                            `tblcss_summary` `cs`
                            JOIN `tblservices` `ser` ON `ser`.`servicesid` = `cs`.`servicesid`
                            JOIN `tblquarters` `quar` ON `quar`.`quarterid` = `cs`.`quarterid`
                        WHERE 
                            `cs`.`year` = 2025 AND quar.quarterid = 2 ) as css_data
                    ) as xto ON 1=1')
 3 SYSTEMPATH\Database\BaseConnection.php(652): CodeIgniter\Database\BaseConnection->simpleQuery('SELECT 
                    `cl`.*, 
                    `co`.`external_count`, 
                    `co`.`internal_count`, 
                    `co`.`total_per_ctype`, 
                    `xto`.`total_overall`
                    FROM 
                    `tblclienttype` `cl`
                    LEFT JOIN (
                        SELECT 
                        `clienttypeid`, 
                        SUM(CASE WHEN `is_external` = 1 THEN 1 ELSE 0 END) AS `external_count`, 
                        SUM(CASE WHEN `is_external` = 0 THEN 1 ELSE 0 END) AS `internal_count`, 
                        COUNT(*) AS `total_per_ctype`
                        FROM (
                        SELECT 
                            `cs`.`clienttypeid`, 
                            `cs`.`year`, 
                            `cs`.`officeid`, 
                            `cs`.`quarterid`, 
                            `ser`.`is_external`, 
                            `quar`.`semesterid`
                        FROM 
                            `tblcss_summary` `cs`
                            JOIN `tblservices` `ser` ON `ser`.`servicesid` = `cs`.`servicesid`
                            JOIN `tblquarters` `quar` ON `quar`.`quarterid` = `cs`.`quarterid`
                        WHERE 
                            `cs`.`year` = :year AND quar.quarterid = :quarterid) as css_data
                        GROUP BY `clienttypeid`
                    ) as co ON `cl`.`clienttypeid` = `co`.`clienttypeid`
                    JOIN (
                        SELECT 
                        COUNT(*) AS `total_overall`
                        FROM (
                        SELECT 
                            `cs`.`clienttypeid`, 
                            `cs`.`year`, 
                            `cs`.`officeid`, 
                            `cs`.`quarterid`, 
                            `ser`.`is_external`, 
                            `quar`.`semesterid`
                        FROM 
                            `tblcss_summary` `cs`
                            JOIN `tblservices` `ser` ON `ser`.`servicesid` = `cs`.`servicesid`
                            JOIN `tblquarters` `quar` ON `quar`.`quarterid` = `cs`.`quarterid`
                        WHERE 
                            `cs`.`year` = 2025 AND quar.quarterid = 2 ) as css_data
                    ) as xto ON 1=1')
 4 APPPATH\Models\ReportsModel.php(198): CodeIgniter\Database\BaseConnection->query('SELECT 
                    `cl`.*, 
                    `co`.`external_count`, 
                    `co`.`internal_count`, 
                    `co`.`total_per_ctype`, 
                    `xto`.`total_overall`
                    FROM 
                    `tblclienttype` `cl`
                    LEFT JOIN (
                        SELECT 
                        `clienttypeid`, 
                        SUM(CASE WHEN `is_external` = 1 THEN 1 ELSE 0 END) AS `external_count`, 
                        SUM(CASE WHEN `is_external` = 0 THEN 1 ELSE 0 END) AS `internal_count`, 
                        COUNT(*) AS `total_per_ctype`
                        FROM (
                        SELECT 
                            `cs`.`clienttypeid`, 
                            `cs`.`year`, 
                            `cs`.`officeid`, 
                            `cs`.`quarterid`, 
                            `ser`.`is_external`, 
                            `quar`.`semesterid`
                        FROM 
                            `tblcss_summary` `cs`
                            JOIN `tblservices` `ser` ON `ser`.`servicesid` = `cs`.`servicesid`
                            JOIN `tblquarters` `quar` ON `quar`.`quarterid` = `cs`.`quarterid`
                        WHERE 
                            `cs`.`year` = :year AND quar.quarterid = :quarterid) as css_data
                        GROUP BY `clienttypeid`
                    ) as co ON `cl`.`clienttypeid` = `co`.`clienttypeid`
                    JOIN (
                        SELECT 
                        COUNT(*) AS `total_overall`
                        FROM (
                        SELECT 
                            `cs`.`clienttypeid`, 
                            `cs`.`year`, 
                            `cs`.`officeid`, 
                            `cs`.`quarterid`, 
                            `ser`.`is_external`, 
                            `quar`.`semesterid`
                        FROM 
                            `tblcss_summary` `cs`
                            JOIN `tblservices` `ser` ON `ser`.`servicesid` = `cs`.`servicesid`
                            JOIN `tblquarters` `quar` ON `quar`.`quarterid` = `cs`.`quarterid`
                        WHERE 
                            `cs`.`year` = 2025 AND quar.quarterid = 2 ) as css_data
                    ) as xto ON 1=1', [...])
 5 APPPATH\Controllers\ReportsController.php(59): App\Models\ReportsModel->gen_client_type([...])
 6 SYSTEMPATH\CodeIgniter.php(933): App\Controllers\ReportsController->gen_result()
 7 SYSTEMPATH\CodeIgniter.php(507): CodeIgniter\CodeIgniter->runController(Object(App\Controllers\ReportsController))
 8 SYSTEMPATH\CodeIgniter.php(354): CodeIgniter\CodeIgniter->handleRequest(null, Object(Config\Cache), false)
 9 SYSTEMPATH\Boot.php(334): CodeIgniter\CodeIgniter->run()
10 SYSTEMPATH\Boot.php(67): CodeIgniter\Boot::runCodeIgniter(Object(CodeIgniter\CodeIgniter))
11 FCPATH\index.php(56): CodeIgniter\Boot::bootWeb(Object(Config\Paths))
DEBUG - 2025-04-02 06:26:24 --> Session: Class initialized using 'CodeIgniter\Session\Handlers\FileHandler' driver.
DEBUG - 2025-04-02 06:26:24 --> Session: Class initialized using 'CodeIgniter\Session\Handlers\FileHandler' driver.
CRITICAL - 2025-04-02 06:26:24 --> CodeIgniter\Database\Exceptions\DatabaseException: You must set the database table to be used with your query.
[Method: POST, Route: reports/gen_result]
in SYSTEMPATH\Database\BaseConnection.php on line 941.
 1 SYSTEMPATH\Model.php(714): CodeIgniter\Database\BaseConnection->table(null)
 2 SYSTEMPATH\Model.php(920): CodeIgniter\Model->builder()
 3 APPPATH\Controllers\ReportsController.php(60): CodeIgniter\Model->__call('gen_agegroup', [...])
 4 SYSTEMPATH\CodeIgniter.php(933): App\Controllers\ReportsController->gen_result()
 5 SYSTEMPATH\CodeIgniter.php(507): CodeIgniter\CodeIgniter->runController(Object(App\Controllers\ReportsController))
 6 SYSTEMPATH\CodeIgniter.php(354): CodeIgniter\CodeIgniter->handleRequest(null, Object(Config\Cache), false)
 7 SYSTEMPATH\Boot.php(334): CodeIgniter\CodeIgniter->run()
 8 SYSTEMPATH\Boot.php(67): CodeIgniter\Boot::runCodeIgniter(Object(CodeIgniter\CodeIgniter))
 9 FCPATH\index.php(56): CodeIgniter\Boot::bootWeb(Object(Config\Paths))
DEBUG - 2025-04-02 06:27:43 --> Session: Class initialized using 'CodeIgniter\Session\Handlers\FileHandler' driver.
DEBUG - 2025-04-02 06:27:43 --> Session: Class initialized using 'CodeIgniter\Session\Handlers\FileHandler' driver.
CRITICAL - 2025-04-02 06:27:43 --> CodeIgniter\Database\Exceptions\DatabaseException: You must set the database table to be used with your query.
[Method: POST, Route: reports/gen_result]
in SYSTEMPATH\Database\BaseConnection.php on line 941.
 1 SYSTEMPATH\Model.php(714): CodeIgniter\Database\BaseConnection->table(null)
 2 SYSTEMPATH\Model.php(920): CodeIgniter\Model->builder()
 3 APPPATH\Controllers\ReportsController.php(60): CodeIgniter\Model->__call('gen_agegroup', [...])
 4 SYSTEMPATH\CodeIgniter.php(933): App\Controllers\ReportsController->gen_result()
 5 SYSTEMPATH\CodeIgniter.php(507): CodeIgniter\CodeIgniter->runController(Object(App\Controllers\ReportsController))
 6 SYSTEMPATH\CodeIgniter.php(354): CodeIgniter\CodeIgniter->handleRequest(null, Object(Config\Cache), false)
 7 SYSTEMPATH\Boot.php(334): CodeIgniter\CodeIgniter->run()
 8 SYSTEMPATH\Boot.php(67): CodeIgniter\Boot::runCodeIgniter(Object(CodeIgniter\CodeIgniter))
 9 FCPATH\index.php(56): CodeIgniter\Boot::bootWeb(Object(Config\Paths))
DEBUG - 2025-04-02 06:28:01 --> Session: Class initialized using 'CodeIgniter\Session\Handlers\FileHandler' driver.
DEBUG - 2025-04-02 06:28:02 --> Session: Class initialized using 'CodeIgniter\Session\Handlers\FileHandler' driver.
DEBUG - 2025-04-02 06:29:13 --> Session: Class initialized using 'CodeIgniter\Session\Handlers\FileHandler' driver.
DEBUG - 2025-04-02 06:29:13 --> Session: Class initialized using 'CodeIgniter\Session\Handlers\FileHandler' driver.
DEBUG - 2025-04-02 06:29:23 --> Session: Class initialized using 'CodeIgniter\Session\Handlers\FileHandler' driver.
DEBUG - 2025-04-02 06:29:24 --> Session: Class initialized using 'CodeIgniter\Session\Handlers\FileHandler' driver.
CRITICAL - 2025-04-02 06:29:24 --> CodeIgniter\Database\Exceptions\DatabaseException: You must set the database table to be used with your query.
[Method: POST, Route: reports/gen_result]
in SYSTEMPATH\Database\BaseConnection.php on line 941.
 1 SYSTEMPATH\Model.php(714): CodeIgniter\Database\BaseConnection->table(null)
 2 SYSTEMPATH\Model.php(920): CodeIgniter\Model->builder()
 3 APPPATH\Controllers\ReportsController.php(60): CodeIgniter\Model->__call('gen_agegroup', [...])
 4 SYSTEMPATH\CodeIgniter.php(933): App\Controllers\ReportsController->gen_result()
 5 SYSTEMPATH\CodeIgniter.php(507): CodeIgniter\CodeIgniter->runController(Object(App\Controllers\ReportsController))
 6 SYSTEMPATH\CodeIgniter.php(354): CodeIgniter\CodeIgniter->handleRequest(null, Object(Config\Cache), false)
 7 SYSTEMPATH\Boot.php(334): CodeIgniter\CodeIgniter->run()
 8 SYSTEMPATH\Boot.php(67): CodeIgniter\Boot::runCodeIgniter(Object(CodeIgniter\CodeIgniter))
 9 FCPATH\index.php(56): CodeIgniter\Boot::bootWeb(Object(Config\Paths))
DEBUG - 2025-04-02 06:30:23 --> Session: Class initialized using 'CodeIgniter\Session\Handlers\FileHandler' driver.
DEBUG - 2025-04-02 06:30:23 --> Session: Class initialized using 'CodeIgniter\Session\Handlers\FileHandler' driver.
CRITICAL - 2025-04-02 06:30:23 --> CodeIgniter\Database\Exceptions\DatabaseException: You must set the database table to be used with your query.
[Method: POST, Route: reports/gen_result]
in SYSTEMPATH\Database\BaseConnection.php on line 941.
 1 SYSTEMPATH\Model.php(714): CodeIgniter\Database\BaseConnection->table(null)
 2 SYSTEMPATH\Model.php(920): CodeIgniter\Model->builder()
 3 APPPATH\Controllers\ReportsController.php(60): CodeIgniter\Model->__call('gen_agegroup', [...])
 4 SYSTEMPATH\CodeIgniter.php(933): App\Controllers\ReportsController->gen_result()
 5 SYSTEMPATH\CodeIgniter.php(507): CodeIgniter\CodeIgniter->runController(Object(App\Controllers\ReportsController))
 6 SYSTEMPATH\CodeIgniter.php(354): CodeIgniter\CodeIgniter->handleRequest(null, Object(Config\Cache), false)
 7 SYSTEMPATH\Boot.php(334): CodeIgniter\CodeIgniter->run()
 8 SYSTEMPATH\Boot.php(67): CodeIgniter\Boot::runCodeIgniter(Object(CodeIgniter\CodeIgniter))
 9 FCPATH\index.php(56): CodeIgniter\Boot::bootWeb(Object(Config\Paths))
DEBUG - 2025-04-02 06:31:10 --> Session: Class initialized using 'CodeIgniter\Session\Handlers\FileHandler' driver.
DEBUG - 2025-04-02 06:31:10 --> Session: Class initialized using 'CodeIgniter\Session\Handlers\FileHandler' driver.
CRITICAL - 2025-04-02 06:31:10 --> CodeIgniter\Database\Exceptions\DatabaseException: You must set the database table to be used with your query.
[Method: POST, Route: reports/gen_result]
in SYSTEMPATH\Database\BaseConnection.php on line 941.
 1 SYSTEMPATH\Model.php(714): CodeIgniter\Database\BaseConnection->table(null)
 2 SYSTEMPATH\Model.php(920): CodeIgniter\Model->builder()
 3 APPPATH\Controllers\ReportsController.php(60): CodeIgniter\Model->__call('gen_agegroup', [...])
 4 SYSTEMPATH\CodeIgniter.php(933): App\Controllers\ReportsController->gen_result()
 5 SYSTEMPATH\CodeIgniter.php(507): CodeIgniter\CodeIgniter->runController(Object(App\Controllers\ReportsController))
 6 SYSTEMPATH\CodeIgniter.php(354): CodeIgniter\CodeIgniter->handleRequest(null, Object(Config\Cache), false)
 7 SYSTEMPATH\Boot.php(334): CodeIgniter\CodeIgniter->run()
 8 SYSTEMPATH\Boot.php(67): CodeIgniter\Boot::runCodeIgniter(Object(CodeIgniter\CodeIgniter))
 9 FCPATH\index.php(56): CodeIgniter\Boot::bootWeb(Object(Config\Paths))
DEBUG - 2025-04-02 06:31:55 --> Session: Class initialized using 'CodeIgniter\Session\Handlers\FileHandler' driver.
DEBUG - 2025-04-02 06:31:56 --> Session: Class initialized using 'CodeIgniter\Session\Handlers\FileHandler' driver.
CRITICAL - 2025-04-02 06:31:56 --> CodeIgniter\Database\Exceptions\DatabaseException: You must set the database table to be used with your query.
[Method: POST, Route: reports/gen_result]
in SYSTEMPATH\Database\BaseConnection.php on line 941.
 1 SYSTEMPATH\Model.php(714): CodeIgniter\Database\BaseConnection->table(null)
 2 SYSTEMPATH\Model.php(920): CodeIgniter\Model->builder()
 3 APPPATH\Controllers\ReportsController.php(60): CodeIgniter\Model->__call('gen_agegroup', [...])
 4 SYSTEMPATH\CodeIgniter.php(933): App\Controllers\ReportsController->gen_result()
 5 SYSTEMPATH\CodeIgniter.php(507): CodeIgniter\CodeIgniter->runController(Object(App\Controllers\ReportsController))
 6 SYSTEMPATH\CodeIgniter.php(354): CodeIgniter\CodeIgniter->handleRequest(null, Object(Config\Cache), false)
 7 SYSTEMPATH\Boot.php(334): CodeIgniter\CodeIgniter->run()
 8 SYSTEMPATH\Boot.php(67): CodeIgniter\Boot::runCodeIgniter(Object(CodeIgniter\CodeIgniter))
 9 FCPATH\index.php(56): CodeIgniter\Boot::bootWeb(Object(Config\Paths))
DEBUG - 2025-04-02 06:33:04 --> Session: Class initialized using 'CodeIgniter\Session\Handlers\FileHandler' driver.
DEBUG - 2025-04-02 06:33:04 --> Session: Class initialized using 'CodeIgniter\Session\Handlers\FileHandler' driver.
CRITICAL - 2025-04-02 06:33:04 --> CodeIgniter\Database\Exceptions\DatabaseException: You must set the database table to be used with your query.
[Method: POST, Route: reports/gen_result]
in SYSTEMPATH\Database\BaseConnection.php on line 941.
 1 SYSTEMPATH\Model.php(714): CodeIgniter\Database\BaseConnection->table(null)
 2 SYSTEMPATH\Model.php(920): CodeIgniter\Model->builder()
 3 APPPATH\Controllers\ReportsController.php(60): CodeIgniter\Model->__call('gen_agegroup', [...])
 4 SYSTEMPATH\CodeIgniter.php(933): App\Controllers\ReportsController->gen_result()
 5 SYSTEMPATH\CodeIgniter.php(507): CodeIgniter\CodeIgniter->runController(Object(App\Controllers\ReportsController))
 6 SYSTEMPATH\CodeIgniter.php(354): CodeIgniter\CodeIgniter->handleRequest(null, Object(Config\Cache), false)
 7 SYSTEMPATH\Boot.php(334): CodeIgniter\CodeIgniter->run()
 8 SYSTEMPATH\Boot.php(67): CodeIgniter\Boot::runCodeIgniter(Object(CodeIgniter\CodeIgniter))
 9 FCPATH\index.php(56): CodeIgniter\Boot::bootWeb(Object(Config\Paths))
DEBUG - 2025-04-02 06:37:48 --> Session: Class initialized using 'CodeIgniter\Session\Handlers\FileHandler' driver.
DEBUG - 2025-04-02 06:37:49 --> Session: Class initialized using 'CodeIgniter\Session\Handlers\FileHandler' driver.
CRITICAL - 2025-04-02 06:37:49 --> CodeIgniter\Database\Exceptions\DatabaseException: You must set the database table to be used with your query.
[Method: POST, Route: reports/gen_result]
in SYSTEMPATH\Database\BaseConnection.php on line 941.
 1 SYSTEMPATH\Model.php(714): CodeIgniter\Database\BaseConnection->table(null)
 2 SYSTEMPATH\Model.php(920): CodeIgniter\Model->builder()
 3 APPPATH\Controllers\ReportsController.php(60): CodeIgniter\Model->__call('gen_agegroup', [...])
 4 SYSTEMPATH\CodeIgniter.php(933): App\Controllers\ReportsController->gen_result()
 5 SYSTEMPATH\CodeIgniter.php(507): CodeIgniter\CodeIgniter->runController(Object(App\Controllers\ReportsController))
 6 SYSTEMPATH\CodeIgniter.php(354): CodeIgniter\CodeIgniter->handleRequest(null, Object(Config\Cache), false)
 7 SYSTEMPATH\Boot.php(334): CodeIgniter\CodeIgniter->run()
 8 SYSTEMPATH\Boot.php(67): CodeIgniter\Boot::runCodeIgniter(Object(CodeIgniter\CodeIgniter))
 9 FCPATH\index.php(56): CodeIgniter\Boot::bootWeb(Object(Config\Paths))
DEBUG - 2025-04-02 06:38:22 --> Session: Class initialized using 'CodeIgniter\Session\Handlers\FileHandler' driver.
CRITICAL - 2025-04-02 06:38:22 --> CodeIgniter\Exceptions\BadMethodCallException: Call to undefined method App\Models\ReportsModel::get_all_data
[Method: GET, Route: reports/generate]
in SYSTEMPATH\Model.php on line 930.
 1 APPPATH\Controllers\ReportsController.php(40): CodeIgniter\Model->__call('get_all_data', [...])
 2 SYSTEMPATH\CodeIgniter.php(933): App\Controllers\ReportsController->generate()
 3 SYSTEMPATH\CodeIgniter.php(507): CodeIgniter\CodeIgniter->runController(Object(App\Controllers\ReportsController))
 4 SYSTEMPATH\CodeIgniter.php(354): CodeIgniter\CodeIgniter->handleRequest(null, Object(Config\Cache), false)
 5 SYSTEMPATH\Boot.php(334): CodeIgniter\CodeIgniter->run()
 6 SYSTEMPATH\Boot.php(67): CodeIgniter\Boot::runCodeIgniter(Object(CodeIgniter\CodeIgniter))
 7 FCPATH\index.php(56): CodeIgniter\Boot::bootWeb(Object(Config\Paths))
DEBUG - 2025-04-02 06:38:54 --> Session: Class initialized using 'CodeIgniter\Session\Handlers\FileHandler' driver.
DEBUG - 2025-04-02 06:38:55 --> Session: Class initialized using 'CodeIgniter\Session\Handlers\FileHandler' driver.
CRITICAL - 2025-04-02 06:38:55 --> CodeIgniter\Database\Exceptions\DatabaseException: You must set the database table to be used with your query.
[Method: POST, Route: reports/gen_result]
in SYSTEMPATH\Database\BaseConnection.php on line 941.
 1 SYSTEMPATH\Model.php(714): CodeIgniter\Database\BaseConnection->table(null)
 2 SYSTEMPATH\Model.php(920): CodeIgniter\Model->builder()
 3 APPPATH\Controllers\ReportsController.php(60): CodeIgniter\Model->__call('gen_agegroup', [...])
 4 SYSTEMPATH\CodeIgniter.php(933): App\Controllers\ReportsController->gen_result()
 5 SYSTEMPATH\CodeIgniter.php(507): CodeIgniter\CodeIgniter->runController(Object(App\Controllers\ReportsController))
 6 SYSTEMPATH\CodeIgniter.php(354): CodeIgniter\CodeIgniter->handleRequest(null, Object(Config\Cache), false)
 7 SYSTEMPATH\Boot.php(334): CodeIgniter\CodeIgniter->run()
 8 SYSTEMPATH\Boot.php(67): CodeIgniter\Boot::runCodeIgniter(Object(CodeIgniter\CodeIgniter))
 9 FCPATH\index.php(56): CodeIgniter\Boot::bootWeb(Object(Config\Paths))
DEBUG - 2025-04-02 06:39:57 --> Session: Class initialized using 'CodeIgniter\Session\Handlers\FileHandler' driver.
DEBUG - 2025-04-02 06:39:58 --> Session: Class initialized using 'CodeIgniter\Session\Handlers\FileHandler' driver.
CRITICAL - 2025-04-02 06:39:58 --> CodeIgniter\Exceptions\BadMethodCallException: Call to undefined method App\Models\ReportsModel::gen_agegroup
[Method: POST, Route: reports/gen_result]
in SYSTEMPATH\Model.php on line 930.
 1 APPPATH\Controllers\ReportsController.php(60): CodeIgniter\Model->__call('gen_agegroup', [...])
 2 SYSTEMPATH\CodeIgniter.php(933): App\Controllers\ReportsController->gen_result()
 3 SYSTEMPATH\CodeIgniter.php(507): CodeIgniter\CodeIgniter->runController(Object(App\Controllers\ReportsController))
 4 SYSTEMPATH\CodeIgniter.php(354): CodeIgniter\CodeIgniter->handleRequest(null, Object(Config\Cache), false)
 5 SYSTEMPATH\Boot.php(334): CodeIgniter\CodeIgniter->run()
 6 SYSTEMPATH\Boot.php(67): CodeIgniter\Boot::runCodeIgniter(Object(CodeIgniter\CodeIgniter))
 7 FCPATH\index.php(56): CodeIgniter\Boot::bootWeb(Object(Config\Paths))
DEBUG - 2025-04-02 07:00:11 --> Session: Class initialized using 'CodeIgniter\Session\Handlers\FileHandler' driver.
DEBUG - 2025-04-02 07:00:11 --> Session: Class initialized using 'CodeIgniter\Session\Handlers\FileHandler' driver.
CRITICAL - 2025-04-02 07:00:11 --> CodeIgniter\Exceptions\BadMethodCallException: Call to undefined method App\Models\ReportsModel::gen_sex
[Method: POST, Route: reports/gen_result]
in SYSTEMPATH\Model.php on line 930.
 1 APPPATH\Controllers\ReportsController.php(61): CodeIgniter\Model->__call('gen_sex', [...])
 2 SYSTEMPATH\CodeIgniter.php(933): App\Controllers\ReportsController->gen_result()
 3 SYSTEMPATH\CodeIgniter.php(507): CodeIgniter\CodeIgniter->runController(Object(App\Controllers\ReportsController))
 4 SYSTEMPATH\CodeIgniter.php(354): CodeIgniter\CodeIgniter->handleRequest(null, Object(Config\Cache), false)
 5 SYSTEMPATH\Boot.php(334): CodeIgniter\CodeIgniter->run()
 6 SYSTEMPATH\Boot.php(67): CodeIgniter\Boot::runCodeIgniter(Object(CodeIgniter\CodeIgniter))
 7 FCPATH\index.php(56): CodeIgniter\Boot::bootWeb(Object(Config\Paths))
DEBUG - 2025-04-02 07:00:36 --> Session: Class initialized using 'CodeIgniter\Session\Handlers\FileHandler' driver.
DEBUG - 2025-04-02 07:00:37 --> Session: Class initialized using 'CodeIgniter\Session\Handlers\FileHandler' driver.
CRITICAL - 2025-04-02 07:00:37 --> Error: Call to undefined method CodeIgniter\Database\MySQLi\Connection::select()
[Method: POST, Route: reports/gen_result]
in APPPATH\Models\ReportsModel.php on line 311.
 1 APPPATH\Controllers\ReportsController.php(61): App\Models\ReportsModel->gen_sex([...])
 2 SYSTEMPATH\CodeIgniter.php(933): App\Controllers\ReportsController->gen_result()
 3 SYSTEMPATH\CodeIgniter.php(507): CodeIgniter\CodeIgniter->runController(Object(App\Controllers\ReportsController))
 4 SYSTEMPATH\CodeIgniter.php(354): CodeIgniter\CodeIgniter->handleRequest(null, Object(Config\Cache), false)
 5 SYSTEMPATH\Boot.php(334): CodeIgniter\CodeIgniter->run()
 6 SYSTEMPATH\Boot.php(67): CodeIgniter\Boot::runCodeIgniter(Object(CodeIgniter\CodeIgniter))
 7 FCPATH\index.php(56): CodeIgniter\Boot::bootWeb(Object(Config\Paths))
DEBUG - 2025-04-02 07:01:37 --> Session: Class initialized using 'CodeIgniter\Session\Handlers\FileHandler' driver.
DEBUG - 2025-04-02 07:01:38 --> Session: Class initialized using 'CodeIgniter\Session\Handlers\FileHandler' driver.
CRITICAL - 2025-04-02 07:01:38 --> Error: Call to undefined method CodeIgniter\Database\MySQLi\Connection::select()
[Method: POST, Route: reports/gen_result]
in APPPATH\Models\ReportsModel.php on line 311.
 1 APPPATH\Controllers\ReportsController.php(61): App\Models\ReportsModel->gen_sex([...])
 2 SYSTEMPATH\CodeIgniter.php(933): App\Controllers\ReportsController->gen_result()
 3 SYSTEMPATH\CodeIgniter.php(507): CodeIgniter\CodeIgniter->runController(Object(App\Controllers\ReportsController))
 4 SYSTEMPATH\CodeIgniter.php(354): CodeIgniter\CodeIgniter->handleRequest(null, Object(Config\Cache), false)
 5 SYSTEMPATH\Boot.php(334): CodeIgniter\CodeIgniter->run()
 6 SYSTEMPATH\Boot.php(67): CodeIgniter\Boot::runCodeIgniter(Object(CodeIgniter\CodeIgniter))
 7 FCPATH\index.php(56): CodeIgniter\Boot::bootWeb(Object(Config\Paths))
DEBUG - 2025-04-02 07:02:39 --> Session: Class initialized using 'CodeIgniter\Session\Handlers\FileHandler' driver.
DEBUG - 2025-04-02 07:02:40 --> Session: Class initialized using 'CodeIgniter\Session\Handlers\FileHandler' driver.
ERROR - 2025-04-02 07:02:40 --> mysqli_sql_exception: Table 'dbcssv3.tblsemester' doesn't exist in C:\xampp\htdocs\dostx_cssv3\system\Database\MySQLi\Connection.php:327
Stack trace:
#0 C:\xampp\htdocs\dostx_cssv3\system\Database\MySQLi\Connection.php(327): mysqli->query('SELECT SUM(CASE...', 0)
#1 C:\xampp\htdocs\dostx_cssv3\system\Database\BaseConnection.php(738): CodeIgniter\Database\MySQLi\Connection->execute('SELECT SUM(CASE...')
#2 C:\xampp\htdocs\dostx_cssv3\system\Database\BaseConnection.php(652): CodeIgniter\Database\BaseConnection->simpleQuery('SELECT SUM(CASE...')
#3 C:\xampp\htdocs\dostx_cssv3\system\Database\BaseBuilder.php(1649): CodeIgniter\Database\BaseConnection->query('SELECT SUM(CASE...', Array, false)
#4 C:\xampp\htdocs\dostx_cssv3\app\Models\ReportsModel.php(342): CodeIgniter\Database\BaseBuilder->get()
#5 C:\xampp\htdocs\dostx_cssv3\app\Controllers\ReportsController.php(61): App\Models\ReportsModel->gen_sex(Array)
#6 C:\xampp\htdocs\dostx_cssv3\system\CodeIgniter.php(933): App\Controllers\ReportsController->gen_result()
#7 C:\xampp\htdocs\dostx_cssv3\system\CodeIgniter.php(507): CodeIgniter\CodeIgniter->runController(Object(App\Controllers\ReportsController))
#8 C:\xampp\htdocs\dostx_cssv3\system\CodeIgniter.php(354): CodeIgniter\CodeIgniter->handleRequest(NULL, Object(Config\Cache), false)
#9 C:\xampp\htdocs\dostx_cssv3\system\Boot.php(334): CodeIgniter\CodeIgniter->run()
#10 C:\xampp\htdocs\dostx_cssv3\system\Boot.php(67): CodeIgniter\Boot::runCodeIgniter(Object(CodeIgniter\CodeIgniter))
#11 C:\xampp\htdocs\dostx_cssv3\index.php(56): CodeIgniter\Boot::bootWeb(Object(Config\Paths))
#12 {main}
CRITICAL - 2025-04-02 07:02:40 --> CodeIgniter\Database\Exceptions\DatabaseException: Table 'dbcssv3.tblsemester' doesn't exist
[Method: POST, Route: reports/gen_result]
in SYSTEMPATH\Database\BaseConnection.php on line 692.
 1 SYSTEMPATH\Database\BaseBuilder.php(1649): CodeIgniter\Database\BaseConnection->query('SELECT SUM(CASE WHEN csssum.sex = "Male" AND ser.is_external = 1 THEN 1 ELSE 0 END) AS external_male, SUM(CASE WHEN csssum.sex = "Female" AND ser.is_external = 1 THEN 1 ELSE 0 END) AS external_female, SUM(CASE WHEN ser.is_external = 1 THEN 1 ELSE 0 END) AS total_external, SUM(CASE WHEN csssum.sex = "Male" AND ser.is_external = 0 THEN 1 ELSE 0 END) AS internal_male, SUM(CASE WHEN csssum.sex = "Female" AND ser.is_external = 0 THEN 1 ELSE 0 END) AS internal_female, SUM(CASE WHEN ser.is_external = 0 THEN 1 ELSE 0 END) AS total_internal
FROM `tblcss_summary` `csssum`
INNER JOIN `tblservices` `ser` ON `ser`.`servicesid` = `csssum`.`servicesid`
INNER JOIN `tblquarters` `quar` ON `quar`.`quarterid` = `csssum`.`quarterid`
INNER JOIN `tblsemester` `sem` ON `sem`.`semesterid` = `quar`.`semesterid`
WHERE `csssum`.`year` = :csssum.year:
AND `csssum`.`quarterid` = :csssum.quarterid:', [...], false)
 2 APPPATH\Models\ReportsModel.php(342): CodeIgniter\Database\BaseBuilder->get()
 3 APPPATH\Controllers\ReportsController.php(61): App\Models\ReportsModel->gen_sex([...])
 4 SYSTEMPATH\CodeIgniter.php(933): App\Controllers\ReportsController->gen_result()
 5 SYSTEMPATH\CodeIgniter.php(507): CodeIgniter\CodeIgniter->runController(Object(App\Controllers\ReportsController))
 6 SYSTEMPATH\CodeIgniter.php(354): CodeIgniter\CodeIgniter->handleRequest(null, Object(Config\Cache), false)
 7 SYSTEMPATH\Boot.php(334): CodeIgniter\CodeIgniter->run()
 8 SYSTEMPATH\Boot.php(67): CodeIgniter\Boot::runCodeIgniter(Object(CodeIgniter\CodeIgniter))
 9 FCPATH\index.php(56): CodeIgniter\Boot::bootWeb(Object(Config\Paths))
CRITICAL - 2025-04-02 07:02:40 --> [Caused by] CodeIgniter\Database\Exceptions\DatabaseException: Table 'dbcssv3.tblsemester' doesn't exist
in SYSTEMPATH\Database\MySQLi\Connection.php on line 332.
 1 SYSTEMPATH\Database\BaseConnection.php(738): CodeIgniter\Database\MySQLi\Connection->execute('SELECT SUM(CASE WHEN csssum.sex = "Male" AND ser.is_external = 1 THEN 1 ELSE 0 END) AS external_male, SUM(CASE WHEN csssum.sex = "Female" AND ser.is_external = 1 THEN 1 ELSE 0 END) AS external_female, SUM(CASE WHEN ser.is_external = 1 THEN 1 ELSE 0 END) AS total_external, SUM(CASE WHEN csssum.sex = "Male" AND ser.is_external = 0 THEN 1 ELSE 0 END) AS internal_male, SUM(CASE WHEN csssum.sex = "Female" AND ser.is_external = 0 THEN 1 ELSE 0 END) AS internal_female, SUM(CASE WHEN ser.is_external = 0 THEN 1 ELSE 0 END) AS total_internal
FROM `tblcss_summary` `csssum`
INNER JOIN `tblservices` `ser` ON `ser`.`servicesid` = `csssum`.`servicesid`
INNER JOIN `tblquarters` `quar` ON `quar`.`quarterid` = `csssum`.`quarterid`
INNER JOIN `tblsemester` `sem` ON `sem`.`semesterid` = `quar`.`semesterid`
WHERE `csssum`.`year` = \'2025\'
AND `csssum`.`quarterid` = \'2\'')
 2 SYSTEMPATH\Database\BaseConnection.php(652): CodeIgniter\Database\BaseConnection->simpleQuery('SELECT SUM(CASE WHEN csssum.sex = "Male" AND ser.is_external = 1 THEN 1 ELSE 0 END) AS external_male, SUM(CASE WHEN csssum.sex = "Female" AND ser.is_external = 1 THEN 1 ELSE 0 END) AS external_female, SUM(CASE WHEN ser.is_external = 1 THEN 1 ELSE 0 END) AS total_external, SUM(CASE WHEN csssum.sex = "Male" AND ser.is_external = 0 THEN 1 ELSE 0 END) AS internal_male, SUM(CASE WHEN csssum.sex = "Female" AND ser.is_external = 0 THEN 1 ELSE 0 END) AS internal_female, SUM(CASE WHEN ser.is_external = 0 THEN 1 ELSE 0 END) AS total_internal
FROM `tblcss_summary` `csssum`
INNER JOIN `tblservices` `ser` ON `ser`.`servicesid` = `csssum`.`servicesid`
INNER JOIN `tblquarters` `quar` ON `quar`.`quarterid` = `csssum`.`quarterid`
INNER JOIN `tblsemester` `sem` ON `sem`.`semesterid` = `quar`.`semesterid`
WHERE `csssum`.`year` = \'2025\'
AND `csssum`.`quarterid` = \'2\'')
 3 SYSTEMPATH\Database\BaseBuilder.php(1649): CodeIgniter\Database\BaseConnection->query('SELECT SUM(CASE WHEN csssum.sex = "Male" AND ser.is_external = 1 THEN 1 ELSE 0 END) AS external_male, SUM(CASE WHEN csssum.sex = "Female" AND ser.is_external = 1 THEN 1 ELSE 0 END) AS external_female, SUM(CASE WHEN ser.is_external = 1 THEN 1 ELSE 0 END) AS total_external, SUM(CASE WHEN csssum.sex = "Male" AND ser.is_external = 0 THEN 1 ELSE 0 END) AS internal_male, SUM(CASE WHEN csssum.sex = "Female" AND ser.is_external = 0 THEN 1 ELSE 0 END) AS internal_female, SUM(CASE WHEN ser.is_external = 0 THEN 1 ELSE 0 END) AS total_internal
FROM `tblcss_summary` `csssum`
INNER JOIN `tblservices` `ser` ON `ser`.`servicesid` = `csssum`.`servicesid`
INNER JOIN `tblquarters` `quar` ON `quar`.`quarterid` = `csssum`.`quarterid`
INNER JOIN `tblsemester` `sem` ON `sem`.`semesterid` = `quar`.`semesterid`
WHERE `csssum`.`year` = :csssum.year:
AND `csssum`.`quarterid` = :csssum.quarterid:', [...], false)
 4 APPPATH\Models\ReportsModel.php(342): CodeIgniter\Database\BaseBuilder->get()
 5 APPPATH\Controllers\ReportsController.php(61): App\Models\ReportsModel->gen_sex([...])
 6 SYSTEMPATH\CodeIgniter.php(933): App\Controllers\ReportsController->gen_result()
 7 SYSTEMPATH\CodeIgniter.php(507): CodeIgniter\CodeIgniter->runController(Object(App\Controllers\ReportsController))
 8 SYSTEMPATH\CodeIgniter.php(354): CodeIgniter\CodeIgniter->handleRequest(null, Object(Config\Cache), false)
 9 SYSTEMPATH\Boot.php(334): CodeIgniter\CodeIgniter->run()
10 SYSTEMPATH\Boot.php(67): CodeIgniter\Boot::runCodeIgniter(Object(CodeIgniter\CodeIgniter))
11 FCPATH\index.php(56): CodeIgniter\Boot::bootWeb(Object(Config\Paths))
CRITICAL - 2025-04-02 07:02:40 --> [Caused by] mysqli_sql_exception: Table 'dbcssv3.tblsemester' doesn't exist
in SYSTEMPATH\Database\MySQLi\Connection.php on line 327.
 1 SYSTEMPATH\Database\MySQLi\Connection.php(327): mysqli->query('SELECT SUM(CASE WHEN csssum.sex = "Male" AND ser.is_external = 1 THEN 1 ELSE 0 END) AS external_male, SUM(CASE WHEN csssum.sex = "Female" AND ser.is_external = 1 THEN 1 ELSE 0 END) AS external_female, SUM(CASE WHEN ser.is_external = 1 THEN 1 ELSE 0 END) AS total_external, SUM(CASE WHEN csssum.sex = "Male" AND ser.is_external = 0 THEN 1 ELSE 0 END) AS internal_male, SUM(CASE WHEN csssum.sex = "Female" AND ser.is_external = 0 THEN 1 ELSE 0 END) AS internal_female, SUM(CASE WHEN ser.is_external = 0 THEN 1 ELSE 0 END) AS total_internal
FROM `tblcss_summary` `csssum`
INNER JOIN `tblservices` `ser` ON `ser`.`servicesid` = `csssum`.`servicesid`
INNER JOIN `tblquarters` `quar` ON `quar`.`quarterid` = `csssum`.`quarterid`
INNER JOIN `tblsemester` `sem` ON `sem`.`semesterid` = `quar`.`semesterid`
WHERE `csssum`.`year` = \'2025\'
AND `csssum`.`quarterid` = \'2\'', 0)
 2 SYSTEMPATH\Database\BaseConnection.php(738): CodeIgniter\Database\MySQLi\Connection->execute('SELECT SUM(CASE WHEN csssum.sex = "Male" AND ser.is_external = 1 THEN 1 ELSE 0 END) AS external_male, SUM(CASE WHEN csssum.sex = "Female" AND ser.is_external = 1 THEN 1 ELSE 0 END) AS external_female, SUM(CASE WHEN ser.is_external = 1 THEN 1 ELSE 0 END) AS total_external, SUM(CASE WHEN csssum.sex = "Male" AND ser.is_external = 0 THEN 1 ELSE 0 END) AS internal_male, SUM(CASE WHEN csssum.sex = "Female" AND ser.is_external = 0 THEN 1 ELSE 0 END) AS internal_female, SUM(CASE WHEN ser.is_external = 0 THEN 1 ELSE 0 END) AS total_internal
FROM `tblcss_summary` `csssum`
INNER JOIN `tblservices` `ser` ON `ser`.`servicesid` = `csssum`.`servicesid`
INNER JOIN `tblquarters` `quar` ON `quar`.`quarterid` = `csssum`.`quarterid`
INNER JOIN `tblsemester` `sem` ON `sem`.`semesterid` = `quar`.`semesterid`
WHERE `csssum`.`year` = \'2025\'
AND `csssum`.`quarterid` = \'2\'')
 3 SYSTEMPATH\Database\BaseConnection.php(652): CodeIgniter\Database\BaseConnection->simpleQuery('SELECT SUM(CASE WHEN csssum.sex = "Male" AND ser.is_external = 1 THEN 1 ELSE 0 END) AS external_male, SUM(CASE WHEN csssum.sex = "Female" AND ser.is_external = 1 THEN 1 ELSE 0 END) AS external_female, SUM(CASE WHEN ser.is_external = 1 THEN 1 ELSE 0 END) AS total_external, SUM(CASE WHEN csssum.sex = "Male" AND ser.is_external = 0 THEN 1 ELSE 0 END) AS internal_male, SUM(CASE WHEN csssum.sex = "Female" AND ser.is_external = 0 THEN 1 ELSE 0 END) AS internal_female, SUM(CASE WHEN ser.is_external = 0 THEN 1 ELSE 0 END) AS total_internal
FROM `tblcss_summary` `csssum`
INNER JOIN `tblservices` `ser` ON `ser`.`servicesid` = `csssum`.`servicesid`
INNER JOIN `tblquarters` `quar` ON `quar`.`quarterid` = `csssum`.`quarterid`
INNER JOIN `tblsemester` `sem` ON `sem`.`semesterid` = `quar`.`semesterid`
WHERE `csssum`.`year` = \'2025\'
AND `csssum`.`quarterid` = \'2\'')
 4 SYSTEMPATH\Database\BaseBuilder.php(1649): CodeIgniter\Database\BaseConnection->query('SELECT SUM(CASE WHEN csssum.sex = "Male" AND ser.is_external = 1 THEN 1 ELSE 0 END) AS external_male, SUM(CASE WHEN csssum.sex = "Female" AND ser.is_external = 1 THEN 1 ELSE 0 END) AS external_female, SUM(CASE WHEN ser.is_external = 1 THEN 1 ELSE 0 END) AS total_external, SUM(CASE WHEN csssum.sex = "Male" AND ser.is_external = 0 THEN 1 ELSE 0 END) AS internal_male, SUM(CASE WHEN csssum.sex = "Female" AND ser.is_external = 0 THEN 1 ELSE 0 END) AS internal_female, SUM(CASE WHEN ser.is_external = 0 THEN 1 ELSE 0 END) AS total_internal
FROM `tblcss_summary` `csssum`
INNER JOIN `tblservices` `ser` ON `ser`.`servicesid` = `csssum`.`servicesid`
INNER JOIN `tblquarters` `quar` ON `quar`.`quarterid` = `csssum`.`quarterid`
INNER JOIN `tblsemester` `sem` ON `sem`.`semesterid` = `quar`.`semesterid`
WHERE `csssum`.`year` = :csssum.year:
AND `csssum`.`quarterid` = :csssum.quarterid:', [...], false)
 5 APPPATH\Models\ReportsModel.php(342): CodeIgniter\Database\BaseBuilder->get()
 6 APPPATH\Controllers\ReportsController.php(61): App\Models\ReportsModel->gen_sex([...])
 7 SYSTEMPATH\CodeIgniter.php(933): App\Controllers\ReportsController->gen_result()
 8 SYSTEMPATH\CodeIgniter.php(507): CodeIgniter\CodeIgniter->runController(Object(App\Controllers\ReportsController))
 9 SYSTEMPATH\CodeIgniter.php(354): CodeIgniter\CodeIgniter->handleRequest(null, Object(Config\Cache), false)
10 SYSTEMPATH\Boot.php(334): CodeIgniter\CodeIgniter->run()
11 SYSTEMPATH\Boot.php(67): CodeIgniter\Boot::runCodeIgniter(Object(CodeIgniter\CodeIgniter))
12 FCPATH\index.php(56): CodeIgniter\Boot::bootWeb(Object(Config\Paths))
DEBUG - 2025-04-02 07:02:48 --> Session: Class initialized using 'CodeIgniter\Session\Handlers\FileHandler' driver.
DEBUG - 2025-04-02 07:02:48 --> Session: Class initialized using 'CodeIgniter\Session\Handlers\FileHandler' driver.
CRITICAL - 2025-04-02 07:02:48 --> Error: Call to undefined method CodeIgniter\Database\MySQLi\Connection::get()
[Method: POST, Route: reports/gen_result]
in APPPATH\Models\ReportsModel.php on line 343.
 1 APPPATH\Controllers\ReportsController.php(61): App\Models\ReportsModel->gen_sex([...])
 2 SYSTEMPATH\CodeIgniter.php(933): App\Controllers\ReportsController->gen_result()
 3 SYSTEMPATH\CodeIgniter.php(507): CodeIgniter\CodeIgniter->runController(Object(App\Controllers\ReportsController))
 4 SYSTEMPATH\CodeIgniter.php(354): CodeIgniter\CodeIgniter->handleRequest(null, Object(Config\Cache), false)
 5 SYSTEMPATH\Boot.php(334): CodeIgniter\CodeIgniter->run()
 6 SYSTEMPATH\Boot.php(67): CodeIgniter\Boot::runCodeIgniter(Object(CodeIgniter\CodeIgniter))
 7 FCPATH\index.php(56): CodeIgniter\Boot::bootWeb(Object(Config\Paths))
DEBUG - 2025-04-02 07:03:01 --> Session: Class initialized using 'CodeIgniter\Session\Handlers\FileHandler' driver.
DEBUG - 2025-04-02 07:03:01 --> Session: Class initialized using 'CodeIgniter\Session\Handlers\FileHandler' driver.
CRITICAL - 2025-04-02 07:03:01 --> CodeIgniter\Exceptions\BadMethodCallException: Call to undefined method App\Models\ReportsModel::gen_age_distribution
[Method: POST, Route: reports/gen_result]
in SYSTEMPATH\Model.php on line 930.
 1 APPPATH\Controllers\ReportsController.php(62): CodeIgniter\Model->__call('gen_age_distribution', [...])
 2 SYSTEMPATH\CodeIgniter.php(933): App\Controllers\ReportsController->gen_result()
 3 SYSTEMPATH\CodeIgniter.php(507): CodeIgniter\CodeIgniter->runController(Object(App\Controllers\ReportsController))
 4 SYSTEMPATH\CodeIgniter.php(354): CodeIgniter\CodeIgniter->handleRequest(null, Object(Config\Cache), false)
 5 SYSTEMPATH\Boot.php(334): CodeIgniter\CodeIgniter->run()
 6 SYSTEMPATH\Boot.php(67): CodeIgniter\Boot::runCodeIgniter(Object(CodeIgniter\CodeIgniter))
 7 FCPATH\index.php(56): CodeIgniter\Boot::bootWeb(Object(Config\Paths))
DEBUG - 2025-04-02 07:03:21 --> Session: Class initialized using 'CodeIgniter\Session\Handlers\FileHandler' driver.
DEBUG - 2025-04-02 07:03:21 --> Session: Class initialized using 'CodeIgniter\Session\Handlers\FileHandler' driver.
CRITICAL - 2025-04-02 07:03:21 --> Error: Call to undefined method CodeIgniter\Database\MySQLi\Connection::insert()
[Method: POST, Route: reports/gen_result]
in APPPATH\Models\ReportsModel.php on line 363.
 1 APPPATH\Controllers\ReportsController.php(62): App\Models\ReportsModel->gen_age_distribution([...])
 2 SYSTEMPATH\CodeIgniter.php(933): App\Controllers\ReportsController->gen_result()
 3 SYSTEMPATH\CodeIgniter.php(507): CodeIgniter\CodeIgniter->runController(Object(App\Controllers\ReportsController))
 4 SYSTEMPATH\CodeIgniter.php(354): CodeIgniter\CodeIgniter->handleRequest(null, Object(Config\Cache), false)
 5 SYSTEMPATH\Boot.php(334): CodeIgniter\CodeIgniter->run()
 6 SYSTEMPATH\Boot.php(67): CodeIgniter\Boot::runCodeIgniter(Object(CodeIgniter\CodeIgniter))
 7 FCPATH\index.php(56): CodeIgniter\Boot::bootWeb(Object(Config\Paths))
DEBUG - 2025-04-02 07:04:21 --> Session: Class initialized using 'CodeIgniter\Session\Handlers\FileHandler' driver.
DEBUG - 2025-04-02 07:04:21 --> Session: Class initialized using 'CodeIgniter\Session\Handlers\FileHandler' driver.
ERROR - 2025-04-02 07:04:21 --> mysqli_sql_exception: Unknown column 'csssum.age' in 'field list' in C:\xampp\htdocs\dostx_cssv3\system\Database\MySQLi\Connection.php:327
Stack trace:
#0 C:\xampp\htdocs\dostx_cssv3\system\Database\MySQLi\Connection.php(327): mysqli->query('CREATE TEMPORAR...', 0)
#1 C:\xampp\htdocs\dostx_cssv3\system\Database\BaseConnection.php(738): CodeIgniter\Database\MySQLi\Connection->execute('CREATE TEMPORAR...')
#2 C:\xampp\htdocs\dostx_cssv3\system\Database\BaseConnection.php(652): CodeIgniter\Database\BaseConnection->simpleQuery('CREATE TEMPORAR...')
#3 C:\xampp\htdocs\dostx_cssv3\app\Models\ReportsModel.php(386): CodeIgniter\Database\BaseConnection->query('CREATE TEMPORAR...')
#4 C:\xampp\htdocs\dostx_cssv3\app\Controllers\ReportsController.php(62): App\Models\ReportsModel->gen_age_distribution(Array)
#5 C:\xampp\htdocs\dostx_cssv3\system\CodeIgniter.php(933): App\Controllers\ReportsController->gen_result()
#6 C:\xampp\htdocs\dostx_cssv3\system\CodeIgniter.php(507): CodeIgniter\CodeIgniter->runController(Object(App\Controllers\ReportsController))
#7 C:\xampp\htdocs\dostx_cssv3\system\CodeIgniter.php(354): CodeIgniter\CodeIgniter->handleRequest(NULL, Object(Config\Cache), false)
#8 C:\xampp\htdocs\dostx_cssv3\system\Boot.php(334): CodeIgniter\CodeIgniter->run()
#9 C:\xampp\htdocs\dostx_cssv3\system\Boot.php(67): CodeIgniter\Boot::runCodeIgniter(Object(CodeIgniter\CodeIgniter))
#10 C:\xampp\htdocs\dostx_cssv3\index.php(56): CodeIgniter\Boot::bootWeb(Object(Config\Paths))
#11 {main}
CRITICAL - 2025-04-02 07:04:21 --> CodeIgniter\Database\Exceptions\DatabaseException: Unknown column 'csssum.age' in 'field list'
[Method: POST, Route: reports/gen_result]
in SYSTEMPATH\Database\BaseConnection.php on line 692.
 1 APPPATH\Models\ReportsModel.php(386): CodeIgniter\Database\BaseConnection->query('CREATE TEMPORARY TABLE css_summary AS SELECT `csssum`.`age`, `ser`.`is_external`
FROM `tblcss_summary`
LEFT JOIN `tblquarters` `quar` ON `quar`.`quarterid` = `csssum`.`quarterid`
LEFT JOIN `tblservices` `ser` ON `ser`.`servicesid` = `csssum`.`servicesid`
WHERE `csssum`.`year` = \'2025\'
AND `quar`.`quarterid` = \'2\'')
 2 APPPATH\Controllers\ReportsController.php(62): App\Models\ReportsModel->gen_age_distribution([...])
 3 SYSTEMPATH\CodeIgniter.php(933): App\Controllers\ReportsController->gen_result()
 4 SYSTEMPATH\CodeIgniter.php(507): CodeIgniter\CodeIgniter->runController(Object(App\Controllers\ReportsController))
 5 SYSTEMPATH\CodeIgniter.php(354): CodeIgniter\CodeIgniter->handleRequest(null, Object(Config\Cache), false)
 6 SYSTEMPATH\Boot.php(334): CodeIgniter\CodeIgniter->run()
 7 SYSTEMPATH\Boot.php(67): CodeIgniter\Boot::runCodeIgniter(Object(CodeIgniter\CodeIgniter))
 8 FCPATH\index.php(56): CodeIgniter\Boot::bootWeb(Object(Config\Paths))
CRITICAL - 2025-04-02 07:04:21 --> [Caused by] CodeIgniter\Database\Exceptions\DatabaseException: Unknown column 'csssum.age' in 'field list'
in SYSTEMPATH\Database\MySQLi\Connection.php on line 332.
 1 SYSTEMPATH\Database\BaseConnection.php(738): CodeIgniter\Database\MySQLi\Connection->execute('CREATE TEMPORARY TABLE css_summary AS SELECT `csssum`.`age`, `ser`.`is_external`
FROM `tblcss_summary`
LEFT JOIN `tblquarters` `quar` ON `quar`.`quarterid` = `csssum`.`quarterid`
LEFT JOIN `tblservices` `ser` ON `ser`.`servicesid` = `csssum`.`servicesid`
WHERE `csssum`.`year` = \'2025\'
AND `quar`.`quarterid` = \'2\'')
 2 SYSTEMPATH\Database\BaseConnection.php(652): CodeIgniter\Database\BaseConnection->simpleQuery('CREATE TEMPORARY TABLE css_summary AS SELECT `csssum`.`age`, `ser`.`is_external`
FROM `tblcss_summary`
LEFT JOIN `tblquarters` `quar` ON `quar`.`quarterid` = `csssum`.`quarterid`
LEFT JOIN `tblservices` `ser` ON `ser`.`servicesid` = `csssum`.`servicesid`
WHERE `csssum`.`year` = \'2025\'
AND `quar`.`quarterid` = \'2\'')
 3 APPPATH\Models\ReportsModel.php(386): CodeIgniter\Database\BaseConnection->query('CREATE TEMPORARY TABLE css_summary AS SELECT `csssum`.`age`, `ser`.`is_external`
FROM `tblcss_summary`
LEFT JOIN `tblquarters` `quar` ON `quar`.`quarterid` = `csssum`.`quarterid`
LEFT JOIN `tblservices` `ser` ON `ser`.`servicesid` = `csssum`.`servicesid`
WHERE `csssum`.`year` = \'2025\'
AND `quar`.`quarterid` = \'2\'')
 4 APPPATH\Controllers\ReportsController.php(62): App\Models\ReportsModel->gen_age_distribution([...])
 5 SYSTEMPATH\CodeIgniter.php(933): App\Controllers\ReportsController->gen_result()
 6 SYSTEMPATH\CodeIgniter.php(507): CodeIgniter\CodeIgniter->runController(Object(App\Controllers\ReportsController))
 7 SYSTEMPATH\CodeIgniter.php(354): CodeIgniter\CodeIgniter->handleRequest(null, Object(Config\Cache), false)
 8 SYSTEMPATH\Boot.php(334): CodeIgniter\CodeIgniter->run()
 9 SYSTEMPATH\Boot.php(67): CodeIgniter\Boot::runCodeIgniter(Object(CodeIgniter\CodeIgniter))
10 FCPATH\index.php(56): CodeIgniter\Boot::bootWeb(Object(Config\Paths))
CRITICAL - 2025-04-02 07:04:21 --> [Caused by] mysqli_sql_exception: Unknown column 'csssum.age' in 'field list'
in SYSTEMPATH\Database\MySQLi\Connection.php on line 327.
 1 SYSTEMPATH\Database\MySQLi\Connection.php(327): mysqli->query('CREATE TEMPORARY TABLE css_summary AS SELECT `csssum`.`age`, `ser`.`is_external`
FROM `tblcss_summary`
LEFT JOIN `tblquarters` `quar` ON `quar`.`quarterid` = `csssum`.`quarterid`
LEFT JOIN `tblservices` `ser` ON `ser`.`servicesid` = `csssum`.`servicesid`
WHERE `csssum`.`year` = \'2025\'
AND `quar`.`quarterid` = \'2\'', 0)
 2 SYSTEMPATH\Database\BaseConnection.php(738): CodeIgniter\Database\MySQLi\Connection->execute('CREATE TEMPORARY TABLE css_summary AS SELECT `csssum`.`age`, `ser`.`is_external`
FROM `tblcss_summary`
LEFT JOIN `tblquarters` `quar` ON `quar`.`quarterid` = `csssum`.`quarterid`
LEFT JOIN `tblservices` `ser` ON `ser`.`servicesid` = `csssum`.`servicesid`
WHERE `csssum`.`year` = \'2025\'
AND `quar`.`quarterid` = \'2\'')
 3 SYSTEMPATH\Database\BaseConnection.php(652): CodeIgniter\Database\BaseConnection->simpleQuery('CREATE TEMPORARY TABLE css_summary AS SELECT `csssum`.`age`, `ser`.`is_external`
FROM `tblcss_summary`
LEFT JOIN `tblquarters` `quar` ON `quar`.`quarterid` = `csssum`.`quarterid`
LEFT JOIN `tblservices` `ser` ON `ser`.`servicesid` = `csssum`.`servicesid`
WHERE `csssum`.`year` = \'2025\'
AND `quar`.`quarterid` = \'2\'')
 4 APPPATH\Models\ReportsModel.php(386): CodeIgniter\Database\BaseConnection->query('CREATE TEMPORARY TABLE css_summary AS SELECT `csssum`.`age`, `ser`.`is_external`
FROM `tblcss_summary`
LEFT JOIN `tblquarters` `quar` ON `quar`.`quarterid` = `csssum`.`quarterid`
LEFT JOIN `tblservices` `ser` ON `ser`.`servicesid` = `csssum`.`servicesid`
WHERE `csssum`.`year` = \'2025\'
AND `quar`.`quarterid` = \'2\'')
 5 APPPATH\Controllers\ReportsController.php(62): App\Models\ReportsModel->gen_age_distribution([...])
 6 SYSTEMPATH\CodeIgniter.php(933): App\Controllers\ReportsController->gen_result()
 7 SYSTEMPATH\CodeIgniter.php(507): CodeIgniter\CodeIgniter->runController(Object(App\Controllers\ReportsController))
 8 SYSTEMPATH\CodeIgniter.php(354): CodeIgniter\CodeIgniter->handleRequest(null, Object(Config\Cache), false)
 9 SYSTEMPATH\Boot.php(334): CodeIgniter\CodeIgniter->run()
10 SYSTEMPATH\Boot.php(67): CodeIgniter\Boot::runCodeIgniter(Object(CodeIgniter\CodeIgniter))
11 FCPATH\index.php(56): CodeIgniter\Boot::bootWeb(Object(Config\Paths))
DEBUG - 2025-04-02 07:04:41 --> Session: Class initialized using 'CodeIgniter\Session\Handlers\FileHandler' driver.
DEBUG - 2025-04-02 07:04:41 --> Session: Class initialized using 'CodeIgniter\Session\Handlers\FileHandler' driver.
ERROR - 2025-04-02 07:04:41 --> mysqli_sql_exception: Unknown column 'csssum.age' in 'field list' in C:\xampp\htdocs\dostx_cssv3\system\Database\MySQLi\Connection.php:327
Stack trace:
#0 C:\xampp\htdocs\dostx_cssv3\system\Database\MySQLi\Connection.php(327): mysqli->query('CREATE TEMPORAR...', 0)
#1 C:\xampp\htdocs\dostx_cssv3\system\Database\BaseConnection.php(738): CodeIgniter\Database\MySQLi\Connection->execute('CREATE TEMPORAR...')
#2 C:\xampp\htdocs\dostx_cssv3\system\Database\BaseConnection.php(652): CodeIgniter\Database\BaseConnection->simpleQuery('CREATE TEMPORAR...')
#3 C:\xampp\htdocs\dostx_cssv3\app\Models\ReportsModel.php(386): CodeIgniter\Database\BaseConnection->query('CREATE TEMPORAR...')
#4 C:\xampp\htdocs\dostx_cssv3\app\Controllers\ReportsController.php(62): App\Models\ReportsModel->gen_age_distribution(Array)
#5 C:\xampp\htdocs\dostx_cssv3\system\CodeIgniter.php(933): App\Controllers\ReportsController->gen_result()
#6 C:\xampp\htdocs\dostx_cssv3\system\CodeIgniter.php(507): CodeIgniter\CodeIgniter->runController(Object(App\Controllers\ReportsController))
#7 C:\xampp\htdocs\dostx_cssv3\system\CodeIgniter.php(354): CodeIgniter\CodeIgniter->handleRequest(NULL, Object(Config\Cache), false)
#8 C:\xampp\htdocs\dostx_cssv3\system\Boot.php(334): CodeIgniter\CodeIgniter->run()
#9 C:\xampp\htdocs\dostx_cssv3\system\Boot.php(67): CodeIgniter\Boot::runCodeIgniter(Object(CodeIgniter\CodeIgniter))
#10 C:\xampp\htdocs\dostx_cssv3\index.php(56): CodeIgniter\Boot::bootWeb(Object(Config\Paths))
#11 {main}
CRITICAL - 2025-04-02 07:04:41 --> CodeIgniter\Database\Exceptions\DatabaseException: Unknown column 'csssum.age' in 'field list'
[Method: POST, Route: reports/gen_result]
in SYSTEMPATH\Database\BaseConnection.php on line 692.
 1 APPPATH\Models\ReportsModel.php(386): CodeIgniter\Database\BaseConnection->query('CREATE TEMPORARY TABLE css_summary AS SELECT `csssum`.`age`, `ser`.`is_external`
FROM `tblcss_summary` as `ccssum`
LEFT JOIN `tblquarters` `quar` ON `quar`.`quarterid` = `csssum`.`quarterid`
LEFT JOIN `tblservices` `ser` ON `ser`.`servicesid` = `csssum`.`servicesid`
WHERE `csssum`.`year` = \'2025\'
AND `quar`.`quarterid` = \'2\'')
 2 APPPATH\Controllers\ReportsController.php(62): App\Models\ReportsModel->gen_age_distribution([...])
 3 SYSTEMPATH\CodeIgniter.php(933): App\Controllers\ReportsController->gen_result()
 4 SYSTEMPATH\CodeIgniter.php(507): CodeIgniter\CodeIgniter->runController(Object(App\Controllers\ReportsController))
 5 SYSTEMPATH\CodeIgniter.php(354): CodeIgniter\CodeIgniter->handleRequest(null, Object(Config\Cache), false)
 6 SYSTEMPATH\Boot.php(334): CodeIgniter\CodeIgniter->run()
 7 SYSTEMPATH\Boot.php(67): CodeIgniter\Boot::runCodeIgniter(Object(CodeIgniter\CodeIgniter))
 8 FCPATH\index.php(56): CodeIgniter\Boot::bootWeb(Object(Config\Paths))
CRITICAL - 2025-04-02 07:04:41 --> [Caused by] CodeIgniter\Database\Exceptions\DatabaseException: Unknown column 'csssum.age' in 'field list'
in SYSTEMPATH\Database\MySQLi\Connection.php on line 332.
 1 SYSTEMPATH\Database\BaseConnection.php(738): CodeIgniter\Database\MySQLi\Connection->execute('CREATE TEMPORARY TABLE css_summary AS SELECT `csssum`.`age`, `ser`.`is_external`
FROM `tblcss_summary` as `ccssum`
LEFT JOIN `tblquarters` `quar` ON `quar`.`quarterid` = `csssum`.`quarterid`
LEFT JOIN `tblservices` `ser` ON `ser`.`servicesid` = `csssum`.`servicesid`
WHERE `csssum`.`year` = \'2025\'
AND `quar`.`quarterid` = \'2\'')
 2 SYSTEMPATH\Database\BaseConnection.php(652): CodeIgniter\Database\BaseConnection->simpleQuery('CREATE TEMPORARY TABLE css_summary AS SELECT `csssum`.`age`, `ser`.`is_external`
FROM `tblcss_summary` as `ccssum`
LEFT JOIN `tblquarters` `quar` ON `quar`.`quarterid` = `csssum`.`quarterid`
LEFT JOIN `tblservices` `ser` ON `ser`.`servicesid` = `csssum`.`servicesid`
WHERE `csssum`.`year` = \'2025\'
AND `quar`.`quarterid` = \'2\'')
 3 APPPATH\Models\ReportsModel.php(386): CodeIgniter\Database\BaseConnection->query('CREATE TEMPORARY TABLE css_summary AS SELECT `csssum`.`age`, `ser`.`is_external`
FROM `tblcss_summary` as `ccssum`
LEFT JOIN `tblquarters` `quar` ON `quar`.`quarterid` = `csssum`.`quarterid`
LEFT JOIN `tblservices` `ser` ON `ser`.`servicesid` = `csssum`.`servicesid`
WHERE `csssum`.`year` = \'2025\'
AND `quar`.`quarterid` = \'2\'')
 4 APPPATH\Controllers\ReportsController.php(62): App\Models\ReportsModel->gen_age_distribution([...])
 5 SYSTEMPATH\CodeIgniter.php(933): App\Controllers\ReportsController->gen_result()
 6 SYSTEMPATH\CodeIgniter.php(507): CodeIgniter\CodeIgniter->runController(Object(App\Controllers\ReportsController))
 7 SYSTEMPATH\CodeIgniter.php(354): CodeIgniter\CodeIgniter->handleRequest(null, Object(Config\Cache), false)
 8 SYSTEMPATH\Boot.php(334): CodeIgniter\CodeIgniter->run()
 9 SYSTEMPATH\Boot.php(67): CodeIgniter\Boot::runCodeIgniter(Object(CodeIgniter\CodeIgniter))
10 FCPATH\index.php(56): CodeIgniter\Boot::bootWeb(Object(Config\Paths))
CRITICAL - 2025-04-02 07:04:41 --> [Caused by] mysqli_sql_exception: Unknown column 'csssum.age' in 'field list'
in SYSTEMPATH\Database\MySQLi\Connection.php on line 327.
 1 SYSTEMPATH\Database\MySQLi\Connection.php(327): mysqli->query('CREATE TEMPORARY TABLE css_summary AS SELECT `csssum`.`age`, `ser`.`is_external`
FROM `tblcss_summary` as `ccssum`
LEFT JOIN `tblquarters` `quar` ON `quar`.`quarterid` = `csssum`.`quarterid`
LEFT JOIN `tblservices` `ser` ON `ser`.`servicesid` = `csssum`.`servicesid`
WHERE `csssum`.`year` = \'2025\'
AND `quar`.`quarterid` = \'2\'', 0)
 2 SYSTEMPATH\Database\BaseConnection.php(738): CodeIgniter\Database\MySQLi\Connection->execute('CREATE TEMPORARY TABLE css_summary AS SELECT `csssum`.`age`, `ser`.`is_external`
FROM `tblcss_summary` as `ccssum`
LEFT JOIN `tblquarters` `quar` ON `quar`.`quarterid` = `csssum`.`quarterid`
LEFT JOIN `tblservices` `ser` ON `ser`.`servicesid` = `csssum`.`servicesid`
WHERE `csssum`.`year` = \'2025\'
AND `quar`.`quarterid` = \'2\'')
 3 SYSTEMPATH\Database\BaseConnection.php(652): CodeIgniter\Database\BaseConnection->simpleQuery('CREATE TEMPORARY TABLE css_summary AS SELECT `csssum`.`age`, `ser`.`is_external`
FROM `tblcss_summary` as `ccssum`
LEFT JOIN `tblquarters` `quar` ON `quar`.`quarterid` = `csssum`.`quarterid`
LEFT JOIN `tblservices` `ser` ON `ser`.`servicesid` = `csssum`.`servicesid`
WHERE `csssum`.`year` = \'2025\'
AND `quar`.`quarterid` = \'2\'')
 4 APPPATH\Models\ReportsModel.php(386): CodeIgniter\Database\BaseConnection->query('CREATE TEMPORARY TABLE css_summary AS SELECT `csssum`.`age`, `ser`.`is_external`
FROM `tblcss_summary` as `ccssum`
LEFT JOIN `tblquarters` `quar` ON `quar`.`quarterid` = `csssum`.`quarterid`
LEFT JOIN `tblservices` `ser` ON `ser`.`servicesid` = `csssum`.`servicesid`
WHERE `csssum`.`year` = \'2025\'
AND `quar`.`quarterid` = \'2\'')
 5 APPPATH\Controllers\ReportsController.php(62): App\Models\ReportsModel->gen_age_distribution([...])
 6 SYSTEMPATH\CodeIgniter.php(933): App\Controllers\ReportsController->gen_result()
 7 SYSTEMPATH\CodeIgniter.php(507): CodeIgniter\CodeIgniter->runController(Object(App\Controllers\ReportsController))
 8 SYSTEMPATH\CodeIgniter.php(354): CodeIgniter\CodeIgniter->handleRequest(null, Object(Config\Cache), false)
 9 SYSTEMPATH\Boot.php(334): CodeIgniter\CodeIgniter->run()
10 SYSTEMPATH\Boot.php(67): CodeIgniter\Boot::runCodeIgniter(Object(CodeIgniter\CodeIgniter))
11 FCPATH\index.php(56): CodeIgniter\Boot::bootWeb(Object(Config\Paths))
DEBUG - 2025-04-02 07:10:32 --> Session: Class initialized using 'CodeIgniter\Session\Handlers\FileHandler' driver.
DEBUG - 2025-04-02 07:10:32 --> Session: Class initialized using 'CodeIgniter\Session\Handlers\FileHandler' driver.
ERROR - 2025-04-02 07:10:32 --> mysqli_sql_exception: Unknown column 'csssum.age' in 'field list' in C:\xampp\htdocs\dostx_cssv3\system\Database\MySQLi\Connection.php:327
Stack trace:
#0 C:\xampp\htdocs\dostx_cssv3\system\Database\MySQLi\Connection.php(327): mysqli->query('CREATE TEMPORAR...', 0)
#1 C:\xampp\htdocs\dostx_cssv3\system\Database\BaseConnection.php(738): CodeIgniter\Database\MySQLi\Connection->execute('CREATE TEMPORAR...')
#2 C:\xampp\htdocs\dostx_cssv3\system\Database\BaseConnection.php(652): CodeIgniter\Database\BaseConnection->simpleQuery('CREATE TEMPORAR...')
#3 C:\xampp\htdocs\dostx_cssv3\app\Models\ReportsModel.php(386): CodeIgniter\Database\BaseConnection->query('CREATE TEMPORAR...')
#4 C:\xampp\htdocs\dostx_cssv3\app\Controllers\ReportsController.php(62): App\Models\ReportsModel->gen_age_distribution(Array)
#5 C:\xampp\htdocs\dostx_cssv3\system\CodeIgniter.php(933): App\Controllers\ReportsController->gen_result()
#6 C:\xampp\htdocs\dostx_cssv3\system\CodeIgniter.php(507): CodeIgniter\CodeIgniter->runController(Object(App\Controllers\ReportsController))
#7 C:\xampp\htdocs\dostx_cssv3\system\CodeIgniter.php(354): CodeIgniter\CodeIgniter->handleRequest(NULL, Object(Config\Cache), false)
#8 C:\xampp\htdocs\dostx_cssv3\system\Boot.php(334): CodeIgniter\CodeIgniter->run()
#9 C:\xampp\htdocs\dostx_cssv3\system\Boot.php(67): CodeIgniter\Boot::runCodeIgniter(Object(CodeIgniter\CodeIgniter))
#10 C:\xampp\htdocs\dostx_cssv3\index.php(56): CodeIgniter\Boot::bootWeb(Object(Config\Paths))
#11 {main}
CRITICAL - 2025-04-02 07:10:32 --> CodeIgniter\Database\Exceptions\DatabaseException: Unknown column 'csssum.age' in 'field list'
[Method: POST, Route: reports/gen_result]
in SYSTEMPATH\Database\BaseConnection.php on line 692.
 1 APPPATH\Models\ReportsModel.php(386): CodeIgniter\Database\BaseConnection->query('CREATE TEMPORARY TABLE css_summary AS SELECT `csssum`.`age`, `ser`.`is_external`
FROM `tblcss_summary` as `ccssum`
LEFT JOIN `tblquarters` `quar` ON `quar`.`quarterid` = `csssum`.`quarterid`
LEFT JOIN `tblservices` `ser` ON `ser`.`servicesid` = `csssum`.`servicesid`
WHERE `csssum`.`year` = \'2025\'
AND `quar`.`quarterid` = \'2\'')
 2 APPPATH\Controllers\ReportsController.php(62): App\Models\ReportsModel->gen_age_distribution([...])
 3 SYSTEMPATH\CodeIgniter.php(933): App\Controllers\ReportsController->gen_result()
 4 SYSTEMPATH\CodeIgniter.php(507): CodeIgniter\CodeIgniter->runController(Object(App\Controllers\ReportsController))
 5 SYSTEMPATH\CodeIgniter.php(354): CodeIgniter\CodeIgniter->handleRequest(null, Object(Config\Cache), false)
 6 SYSTEMPATH\Boot.php(334): CodeIgniter\CodeIgniter->run()
 7 SYSTEMPATH\Boot.php(67): CodeIgniter\Boot::runCodeIgniter(Object(CodeIgniter\CodeIgniter))
 8 FCPATH\index.php(56): CodeIgniter\Boot::bootWeb(Object(Config\Paths))
CRITICAL - 2025-04-02 07:10:32 --> [Caused by] CodeIgniter\Database\Exceptions\DatabaseException: Unknown column 'csssum.age' in 'field list'
in SYSTEMPATH\Database\MySQLi\Connection.php on line 332.
 1 SYSTEMPATH\Database\BaseConnection.php(738): CodeIgniter\Database\MySQLi\Connection->execute('CREATE TEMPORARY TABLE css_summary AS SELECT `csssum`.`age`, `ser`.`is_external`
FROM `tblcss_summary` as `ccssum`
LEFT JOIN `tblquarters` `quar` ON `quar`.`quarterid` = `csssum`.`quarterid`
LEFT JOIN `tblservices` `ser` ON `ser`.`servicesid` = `csssum`.`servicesid`
WHERE `csssum`.`year` = \'2025\'
AND `quar`.`quarterid` = \'2\'')
 2 SYSTEMPATH\Database\BaseConnection.php(652): CodeIgniter\Database\BaseConnection->simpleQuery('CREATE TEMPORARY TABLE css_summary AS SELECT `csssum`.`age`, `ser`.`is_external`
FROM `tblcss_summary` as `ccssum`
LEFT JOIN `tblquarters` `quar` ON `quar`.`quarterid` = `csssum`.`quarterid`
LEFT JOIN `tblservices` `ser` ON `ser`.`servicesid` = `csssum`.`servicesid`
WHERE `csssum`.`year` = \'2025\'
AND `quar`.`quarterid` = \'2\'')
 3 APPPATH\Models\ReportsModel.php(386): CodeIgniter\Database\BaseConnection->query('CREATE TEMPORARY TABLE css_summary AS SELECT `csssum`.`age`, `ser`.`is_external`
FROM `tblcss_summary` as `ccssum`
LEFT JOIN `tblquarters` `quar` ON `quar`.`quarterid` = `csssum`.`quarterid`
LEFT JOIN `tblservices` `ser` ON `ser`.`servicesid` = `csssum`.`servicesid`
WHERE `csssum`.`year` = \'2025\'
AND `quar`.`quarterid` = \'2\'')
 4 APPPATH\Controllers\ReportsController.php(62): App\Models\ReportsModel->gen_age_distribution([...])
 5 SYSTEMPATH\CodeIgniter.php(933): App\Controllers\ReportsController->gen_result()
 6 SYSTEMPATH\CodeIgniter.php(507): CodeIgniter\CodeIgniter->runController(Object(App\Controllers\ReportsController))
 7 SYSTEMPATH\CodeIgniter.php(354): CodeIgniter\CodeIgniter->handleRequest(null, Object(Config\Cache), false)
 8 SYSTEMPATH\Boot.php(334): CodeIgniter\CodeIgniter->run()
 9 SYSTEMPATH\Boot.php(67): CodeIgniter\Boot::runCodeIgniter(Object(CodeIgniter\CodeIgniter))
10 FCPATH\index.php(56): CodeIgniter\Boot::bootWeb(Object(Config\Paths))
CRITICAL - 2025-04-02 07:10:32 --> [Caused by] mysqli_sql_exception: Unknown column 'csssum.age' in 'field list'
in SYSTEMPATH\Database\MySQLi\Connection.php on line 327.
 1 SYSTEMPATH\Database\MySQLi\Connection.php(327): mysqli->query('CREATE TEMPORARY TABLE css_summary AS SELECT `csssum`.`age`, `ser`.`is_external`
FROM `tblcss_summary` as `ccssum`
LEFT JOIN `tblquarters` `quar` ON `quar`.`quarterid` = `csssum`.`quarterid`
LEFT JOIN `tblservices` `ser` ON `ser`.`servicesid` = `csssum`.`servicesid`
WHERE `csssum`.`year` = \'2025\'
AND `quar`.`quarterid` = \'2\'', 0)
 2 SYSTEMPATH\Database\BaseConnection.php(738): CodeIgniter\Database\MySQLi\Connection->execute('CREATE TEMPORARY TABLE css_summary AS SELECT `csssum`.`age`, `ser`.`is_external`
FROM `tblcss_summary` as `ccssum`
LEFT JOIN `tblquarters` `quar` ON `quar`.`quarterid` = `csssum`.`quarterid`
LEFT JOIN `tblservices` `ser` ON `ser`.`servicesid` = `csssum`.`servicesid`
WHERE `csssum`.`year` = \'2025\'
AND `quar`.`quarterid` = \'2\'')
 3 SYSTEMPATH\Database\BaseConnection.php(652): CodeIgniter\Database\BaseConnection->simpleQuery('CREATE TEMPORARY TABLE css_summary AS SELECT `csssum`.`age`, `ser`.`is_external`
FROM `tblcss_summary` as `ccssum`
LEFT JOIN `tblquarters` `quar` ON `quar`.`quarterid` = `csssum`.`quarterid`
LEFT JOIN `tblservices` `ser` ON `ser`.`servicesid` = `csssum`.`servicesid`
WHERE `csssum`.`year` = \'2025\'
AND `quar`.`quarterid` = \'2\'')
 4 APPPATH\Models\ReportsModel.php(386): CodeIgniter\Database\BaseConnection->query('CREATE TEMPORARY TABLE css_summary AS SELECT `csssum`.`age`, `ser`.`is_external`
FROM `tblcss_summary` as `ccssum`
LEFT JOIN `tblquarters` `quar` ON `quar`.`quarterid` = `csssum`.`quarterid`
LEFT JOIN `tblservices` `ser` ON `ser`.`servicesid` = `csssum`.`servicesid`
WHERE `csssum`.`year` = \'2025\'
AND `quar`.`quarterid` = \'2\'')
 5 APPPATH\Controllers\ReportsController.php(62): App\Models\ReportsModel->gen_age_distribution([...])
 6 SYSTEMPATH\CodeIgniter.php(933): App\Controllers\ReportsController->gen_result()
 7 SYSTEMPATH\CodeIgniter.php(507): CodeIgniter\CodeIgniter->runController(Object(App\Controllers\ReportsController))
 8 SYSTEMPATH\CodeIgniter.php(354): CodeIgniter\CodeIgniter->handleRequest(null, Object(Config\Cache), false)
 9 SYSTEMPATH\Boot.php(334): CodeIgniter\CodeIgniter->run()
10 SYSTEMPATH\Boot.php(67): CodeIgniter\Boot::runCodeIgniter(Object(CodeIgniter\CodeIgniter))
11 FCPATH\index.php(56): CodeIgniter\Boot::bootWeb(Object(Config\Paths))
DEBUG - 2025-04-02 07:11:36 --> Session: Class initialized using 'CodeIgniter\Session\Handlers\FileHandler' driver.
DEBUG - 2025-04-02 07:11:37 --> Session: Class initialized using 'CodeIgniter\Session\Handlers\FileHandler' driver.
ERROR - 2025-04-02 07:11:37 --> mysqli_sql_exception: Unknown column 'csssum.age' in 'field list' in C:\xampp\htdocs\dostx_cssv3\system\Database\MySQLi\Connection.php:327
Stack trace:
#0 C:\xampp\htdocs\dostx_cssv3\system\Database\MySQLi\Connection.php(327): mysqli->query('CREATE TEMPORAR...', 0)
#1 C:\xampp\htdocs\dostx_cssv3\system\Database\BaseConnection.php(738): CodeIgniter\Database\MySQLi\Connection->execute('CREATE TEMPORAR...')
#2 C:\xampp\htdocs\dostx_cssv3\system\Database\BaseConnection.php(652): CodeIgniter\Database\BaseConnection->simpleQuery('CREATE TEMPORAR...')
#3 C:\xampp\htdocs\dostx_cssv3\app\Models\ReportsModel.php(386): CodeIgniter\Database\BaseConnection->query('CREATE TEMPORAR...')
#4 C:\xampp\htdocs\dostx_cssv3\app\Controllers\ReportsController.php(62): App\Models\ReportsModel->gen_age_distribution(Array)
#5 C:\xampp\htdocs\dostx_cssv3\system\CodeIgniter.php(933): App\Controllers\ReportsController->gen_result()
#6 C:\xampp\htdocs\dostx_cssv3\system\CodeIgniter.php(507): CodeIgniter\CodeIgniter->runController(Object(App\Controllers\ReportsController))
#7 C:\xampp\htdocs\dostx_cssv3\system\CodeIgniter.php(354): CodeIgniter\CodeIgniter->handleRequest(NULL, Object(Config\Cache), false)
#8 C:\xampp\htdocs\dostx_cssv3\system\Boot.php(334): CodeIgniter\CodeIgniter->run()
#9 C:\xampp\htdocs\dostx_cssv3\system\Boot.php(67): CodeIgniter\Boot::runCodeIgniter(Object(CodeIgniter\CodeIgniter))
#10 C:\xampp\htdocs\dostx_cssv3\index.php(56): CodeIgniter\Boot::bootWeb(Object(Config\Paths))
#11 {main}
CRITICAL - 2025-04-02 07:11:37 --> CodeIgniter\Database\Exceptions\DatabaseException: Unknown column 'csssum.age' in 'field list'
[Method: POST, Route: reports/gen_result]
in SYSTEMPATH\Database\BaseConnection.php on line 692.
 1 APPPATH\Models\ReportsModel.php(386): CodeIgniter\Database\BaseConnection->query('CREATE TEMPORARY TABLE css_summary AS SELECT `csssum`.`age`, `ser`.`is_external`
FROM `tblcss_summary` `ccssum`
LEFT JOIN `tblquarters` `quar` ON `quar`.`quarterid` = `csssum`.`quarterid`
LEFT JOIN `tblservices` `ser` ON `ser`.`servicesid` = `csssum`.`servicesid`
WHERE `csssum`.`year` = \'2025\'
AND `quar`.`quarterid` = \'2\'')
 2 APPPATH\Controllers\ReportsController.php(62): App\Models\ReportsModel->gen_age_distribution([...])
 3 SYSTEMPATH\CodeIgniter.php(933): App\Controllers\ReportsController->gen_result()
 4 SYSTEMPATH\CodeIgniter.php(507): CodeIgniter\CodeIgniter->runController(Object(App\Controllers\ReportsController))
 5 SYSTEMPATH\CodeIgniter.php(354): CodeIgniter\CodeIgniter->handleRequest(null, Object(Config\Cache), false)
 6 SYSTEMPATH\Boot.php(334): CodeIgniter\CodeIgniter->run()
 7 SYSTEMPATH\Boot.php(67): CodeIgniter\Boot::runCodeIgniter(Object(CodeIgniter\CodeIgniter))
 8 FCPATH\index.php(56): CodeIgniter\Boot::bootWeb(Object(Config\Paths))
CRITICAL - 2025-04-02 07:11:37 --> [Caused by] CodeIgniter\Database\Exceptions\DatabaseException: Unknown column 'csssum.age' in 'field list'
in SYSTEMPATH\Database\MySQLi\Connection.php on line 332.
 1 SYSTEMPATH\Database\BaseConnection.php(738): CodeIgniter\Database\MySQLi\Connection->execute('CREATE TEMPORARY TABLE css_summary AS SELECT `csssum`.`age`, `ser`.`is_external`
FROM `tblcss_summary` `ccssum`
LEFT JOIN `tblquarters` `quar` ON `quar`.`quarterid` = `csssum`.`quarterid`
LEFT JOIN `tblservices` `ser` ON `ser`.`servicesid` = `csssum`.`servicesid`
WHERE `csssum`.`year` = \'2025\'
AND `quar`.`quarterid` = \'2\'')
 2 SYSTEMPATH\Database\BaseConnection.php(652): CodeIgniter\Database\BaseConnection->simpleQuery('CREATE TEMPORARY TABLE css_summary AS SELECT `csssum`.`age`, `ser`.`is_external`
FROM `tblcss_summary` `ccssum`
LEFT JOIN `tblquarters` `quar` ON `quar`.`quarterid` = `csssum`.`quarterid`
LEFT JOIN `tblservices` `ser` ON `ser`.`servicesid` = `csssum`.`servicesid`
WHERE `csssum`.`year` = \'2025\'
AND `quar`.`quarterid` = \'2\'')
 3 APPPATH\Models\ReportsModel.php(386): CodeIgniter\Database\BaseConnection->query('CREATE TEMPORARY TABLE css_summary AS SELECT `csssum`.`age`, `ser`.`is_external`
FROM `tblcss_summary` `ccssum`
LEFT JOIN `tblquarters` `quar` ON `quar`.`quarterid` = `csssum`.`quarterid`
LEFT JOIN `tblservices` `ser` ON `ser`.`servicesid` = `csssum`.`servicesid`
WHERE `csssum`.`year` = \'2025\'
AND `quar`.`quarterid` = \'2\'')
 4 APPPATH\Controllers\ReportsController.php(62): App\Models\ReportsModel->gen_age_distribution([...])
 5 SYSTEMPATH\CodeIgniter.php(933): App\Controllers\ReportsController->gen_result()
 6 SYSTEMPATH\CodeIgniter.php(507): CodeIgniter\CodeIgniter->runController(Object(App\Controllers\ReportsController))
 7 SYSTEMPATH\CodeIgniter.php(354): CodeIgniter\CodeIgniter->handleRequest(null, Object(Config\Cache), false)
 8 SYSTEMPATH\Boot.php(334): CodeIgniter\CodeIgniter->run()
 9 SYSTEMPATH\Boot.php(67): CodeIgniter\Boot::runCodeIgniter(Object(CodeIgniter\CodeIgniter))
10 FCPATH\index.php(56): CodeIgniter\Boot::bootWeb(Object(Config\Paths))
CRITICAL - 2025-04-02 07:11:37 --> [Caused by] mysqli_sql_exception: Unknown column 'csssum.age' in 'field list'
in SYSTEMPATH\Database\MySQLi\Connection.php on line 327.
 1 SYSTEMPATH\Database\MySQLi\Connection.php(327): mysqli->query('CREATE TEMPORARY TABLE css_summary AS SELECT `csssum`.`age`, `ser`.`is_external`
FROM `tblcss_summary` `ccssum`
LEFT JOIN `tblquarters` `quar` ON `quar`.`quarterid` = `csssum`.`quarterid`
LEFT JOIN `tblservices` `ser` ON `ser`.`servicesid` = `csssum`.`servicesid`
WHERE `csssum`.`year` = \'2025\'
AND `quar`.`quarterid` = \'2\'', 0)
 2 SYSTEMPATH\Database\BaseConnection.php(738): CodeIgniter\Database\MySQLi\Connection->execute('CREATE TEMPORARY TABLE css_summary AS SELECT `csssum`.`age`, `ser`.`is_external`
FROM `tblcss_summary` `ccssum`
LEFT JOIN `tblquarters` `quar` ON `quar`.`quarterid` = `csssum`.`quarterid`
LEFT JOIN `tblservices` `ser` ON `ser`.`servicesid` = `csssum`.`servicesid`
WHERE `csssum`.`year` = \'2025\'
AND `quar`.`quarterid` = \'2\'')
 3 SYSTEMPATH\Database\BaseConnection.php(652): CodeIgniter\Database\BaseConnection->simpleQuery('CREATE TEMPORARY TABLE css_summary AS SELECT `csssum`.`age`, `ser`.`is_external`
FROM `tblcss_summary` `ccssum`
LEFT JOIN `tblquarters` `quar` ON `quar`.`quarterid` = `csssum`.`quarterid`
LEFT JOIN `tblservices` `ser` ON `ser`.`servicesid` = `csssum`.`servicesid`
WHERE `csssum`.`year` = \'2025\'
AND `quar`.`quarterid` = \'2\'')
 4 APPPATH\Models\ReportsModel.php(386): CodeIgniter\Database\BaseConnection->query('CREATE TEMPORARY TABLE css_summary AS SELECT `csssum`.`age`, `ser`.`is_external`
FROM `tblcss_summary` `ccssum`
LEFT JOIN `tblquarters` `quar` ON `quar`.`quarterid` = `csssum`.`quarterid`
LEFT JOIN `tblservices` `ser` ON `ser`.`servicesid` = `csssum`.`servicesid`
WHERE `csssum`.`year` = \'2025\'
AND `quar`.`quarterid` = \'2\'')
 5 APPPATH\Controllers\ReportsController.php(62): App\Models\ReportsModel->gen_age_distribution([...])
 6 SYSTEMPATH\CodeIgniter.php(933): App\Controllers\ReportsController->gen_result()
 7 SYSTEMPATH\CodeIgniter.php(507): CodeIgniter\CodeIgniter->runController(Object(App\Controllers\ReportsController))
 8 SYSTEMPATH\CodeIgniter.php(354): CodeIgniter\CodeIgniter->handleRequest(null, Object(Config\Cache), false)
 9 SYSTEMPATH\Boot.php(334): CodeIgniter\CodeIgniter->run()
10 SYSTEMPATH\Boot.php(67): CodeIgniter\Boot::runCodeIgniter(Object(CodeIgniter\CodeIgniter))
11 FCPATH\index.php(56): CodeIgniter\Boot::bootWeb(Object(Config\Paths))
DEBUG - 2025-04-02 07:12:17 --> Session: Class initialized using 'CodeIgniter\Session\Handlers\FileHandler' driver.
DEBUG - 2025-04-02 07:12:17 --> Session: Class initialized using 'CodeIgniter\Session\Handlers\FileHandler' driver.
ERROR - 2025-04-02 07:12:17 --> mysqli_sql_exception: Unknown column 'csssum.age' in 'field list' in C:\xampp\htdocs\dostx_cssv3\system\Database\MySQLi\Connection.php:327
Stack trace:
#0 C:\xampp\htdocs\dostx_cssv3\system\Database\MySQLi\Connection.php(327): mysqli->query('CREATE TEMPORAR...', 0)
#1 C:\xampp\htdocs\dostx_cssv3\system\Database\BaseConnection.php(738): CodeIgniter\Database\MySQLi\Connection->execute('CREATE TEMPORAR...')
#2 C:\xampp\htdocs\dostx_cssv3\system\Database\BaseConnection.php(652): CodeIgniter\Database\BaseConnection->simpleQuery('CREATE TEMPORAR...')
#3 C:\xampp\htdocs\dostx_cssv3\app\Models\ReportsModel.php(386): CodeIgniter\Database\BaseConnection->query('CREATE TEMPORAR...')
#4 C:\xampp\htdocs\dostx_cssv3\app\Controllers\ReportsController.php(62): App\Models\ReportsModel->gen_age_distribution(Array)
#5 C:\xampp\htdocs\dostx_cssv3\system\CodeIgniter.php(933): App\Controllers\ReportsController->gen_result()
#6 C:\xampp\htdocs\dostx_cssv3\system\CodeIgniter.php(507): CodeIgniter\CodeIgniter->runController(Object(App\Controllers\ReportsController))
#7 C:\xampp\htdocs\dostx_cssv3\system\CodeIgniter.php(354): CodeIgniter\CodeIgniter->handleRequest(NULL, Object(Config\Cache), false)
#8 C:\xampp\htdocs\dostx_cssv3\system\Boot.php(334): CodeIgniter\CodeIgniter->run()
#9 C:\xampp\htdocs\dostx_cssv3\system\Boot.php(67): CodeIgniter\Boot::runCodeIgniter(Object(CodeIgniter\CodeIgniter))
#10 C:\xampp\htdocs\dostx_cssv3\index.php(56): CodeIgniter\Boot::bootWeb(Object(Config\Paths))
#11 {main}
CRITICAL - 2025-04-02 07:12:17 --> CodeIgniter\Database\Exceptions\DatabaseException: Unknown column 'csssum.age' in 'field list'
[Method: POST, Route: reports/gen_result]
in SYSTEMPATH\Database\BaseConnection.php on line 692.
 1 APPPATH\Models\ReportsModel.php(386): CodeIgniter\Database\BaseConnection->query('CREATE TEMPORARY TABLE css_summary AS SELECT `csssum`.`age`, `ser`.`is_external`
FROM `tblcss_summary` `ccssum`
LEFT JOIN `tblquarters` `quar` ON `quar`.`quarterid` = `csssum`.`quarterid`
LEFT JOIN `tblservices` `ser` ON `ser`.`servicesid` = `csssum`.`servicesid`
WHERE `csssum`.`year` = \'2025\'
AND `quar`.`quarterid` = \'2\'')
 2 APPPATH\Controllers\ReportsController.php(62): App\Models\ReportsModel->gen_age_distribution([...])
 3 SYSTEMPATH\CodeIgniter.php(933): App\Controllers\ReportsController->gen_result()
 4 SYSTEMPATH\CodeIgniter.php(507): CodeIgniter\CodeIgniter->runController(Object(App\Controllers\ReportsController))
 5 SYSTEMPATH\CodeIgniter.php(354): CodeIgniter\CodeIgniter->handleRequest(null, Object(Config\Cache), false)
 6 SYSTEMPATH\Boot.php(334): CodeIgniter\CodeIgniter->run()
 7 SYSTEMPATH\Boot.php(67): CodeIgniter\Boot::runCodeIgniter(Object(CodeIgniter\CodeIgniter))
 8 FCPATH\index.php(56): CodeIgniter\Boot::bootWeb(Object(Config\Paths))
CRITICAL - 2025-04-02 07:12:17 --> [Caused by] CodeIgniter\Database\Exceptions\DatabaseException: Unknown column 'csssum.age' in 'field list'
in SYSTEMPATH\Database\MySQLi\Connection.php on line 332.
 1 SYSTEMPATH\Database\BaseConnection.php(738): CodeIgniter\Database\MySQLi\Connection->execute('CREATE TEMPORARY TABLE css_summary AS SELECT `csssum`.`age`, `ser`.`is_external`
FROM `tblcss_summary` `ccssum`
LEFT JOIN `tblquarters` `quar` ON `quar`.`quarterid` = `csssum`.`quarterid`
LEFT JOIN `tblservices` `ser` ON `ser`.`servicesid` = `csssum`.`servicesid`
WHERE `csssum`.`year` = \'2025\'
AND `quar`.`quarterid` = \'2\'')
 2 SYSTEMPATH\Database\BaseConnection.php(652): CodeIgniter\Database\BaseConnection->simpleQuery('CREATE TEMPORARY TABLE css_summary AS SELECT `csssum`.`age`, `ser`.`is_external`
FROM `tblcss_summary` `ccssum`
LEFT JOIN `tblquarters` `quar` ON `quar`.`quarterid` = `csssum`.`quarterid`
LEFT JOIN `tblservices` `ser` ON `ser`.`servicesid` = `csssum`.`servicesid`
WHERE `csssum`.`year` = \'2025\'
AND `quar`.`quarterid` = \'2\'')
 3 APPPATH\Models\ReportsModel.php(386): CodeIgniter\Database\BaseConnection->query('CREATE TEMPORARY TABLE css_summary AS SELECT `csssum`.`age`, `ser`.`is_external`
FROM `tblcss_summary` `ccssum`
LEFT JOIN `tblquarters` `quar` ON `quar`.`quarterid` = `csssum`.`quarterid`
LEFT JOIN `tblservices` `ser` ON `ser`.`servicesid` = `csssum`.`servicesid`
WHERE `csssum`.`year` = \'2025\'
AND `quar`.`quarterid` = \'2\'')
 4 APPPATH\Controllers\ReportsController.php(62): App\Models\ReportsModel->gen_age_distribution([...])
 5 SYSTEMPATH\CodeIgniter.php(933): App\Controllers\ReportsController->gen_result()
 6 SYSTEMPATH\CodeIgniter.php(507): CodeIgniter\CodeIgniter->runController(Object(App\Controllers\ReportsController))
 7 SYSTEMPATH\CodeIgniter.php(354): CodeIgniter\CodeIgniter->handleRequest(null, Object(Config\Cache), false)
 8 SYSTEMPATH\Boot.php(334): CodeIgniter\CodeIgniter->run()
 9 SYSTEMPATH\Boot.php(67): CodeIgniter\Boot::runCodeIgniter(Object(CodeIgniter\CodeIgniter))
10 FCPATH\index.php(56): CodeIgniter\Boot::bootWeb(Object(Config\Paths))
CRITICAL - 2025-04-02 07:12:17 --> [Caused by] mysqli_sql_exception: Unknown column 'csssum.age' in 'field list'
in SYSTEMPATH\Database\MySQLi\Connection.php on line 327.
 1 SYSTEMPATH\Database\MySQLi\Connection.php(327): mysqli->query('CREATE TEMPORARY TABLE css_summary AS SELECT `csssum`.`age`, `ser`.`is_external`
FROM `tblcss_summary` `ccssum`
LEFT JOIN `tblquarters` `quar` ON `quar`.`quarterid` = `csssum`.`quarterid`
LEFT JOIN `tblservices` `ser` ON `ser`.`servicesid` = `csssum`.`servicesid`
WHERE `csssum`.`year` = \'2025\'
AND `quar`.`quarterid` = \'2\'', 0)
 2 SYSTEMPATH\Database\BaseConnection.php(738): CodeIgniter\Database\MySQLi\Connection->execute('CREATE TEMPORARY TABLE css_summary AS SELECT `csssum`.`age`, `ser`.`is_external`
FROM `tblcss_summary` `ccssum`
LEFT JOIN `tblquarters` `quar` ON `quar`.`quarterid` = `csssum`.`quarterid`
LEFT JOIN `tblservices` `ser` ON `ser`.`servicesid` = `csssum`.`servicesid`
WHERE `csssum`.`year` = \'2025\'
AND `quar`.`quarterid` = \'2\'')
 3 SYSTEMPATH\Database\BaseConnection.php(652): CodeIgniter\Database\BaseConnection->simpleQuery('CREATE TEMPORARY TABLE css_summary AS SELECT `csssum`.`age`, `ser`.`is_external`
FROM `tblcss_summary` `ccssum`
LEFT JOIN `tblquarters` `quar` ON `quar`.`quarterid` = `csssum`.`quarterid`
LEFT JOIN `tblservices` `ser` ON `ser`.`servicesid` = `csssum`.`servicesid`
WHERE `csssum`.`year` = \'2025\'
AND `quar`.`quarterid` = \'2\'')
 4 APPPATH\Models\ReportsModel.php(386): CodeIgniter\Database\BaseConnection->query('CREATE TEMPORARY TABLE css_summary AS SELECT `csssum`.`age`, `ser`.`is_external`
FROM `tblcss_summary` `ccssum`
LEFT JOIN `tblquarters` `quar` ON `quar`.`quarterid` = `csssum`.`quarterid`
LEFT JOIN `tblservices` `ser` ON `ser`.`servicesid` = `csssum`.`servicesid`
WHERE `csssum`.`year` = \'2025\'
AND `quar`.`quarterid` = \'2\'')
 5 APPPATH\Controllers\ReportsController.php(62): App\Models\ReportsModel->gen_age_distribution([...])
 6 SYSTEMPATH\CodeIgniter.php(933): App\Controllers\ReportsController->gen_result()
 7 SYSTEMPATH\CodeIgniter.php(507): CodeIgniter\CodeIgniter->runController(Object(App\Controllers\ReportsController))
 8 SYSTEMPATH\CodeIgniter.php(354): CodeIgniter\CodeIgniter->handleRequest(null, Object(Config\Cache), false)
 9 SYSTEMPATH\Boot.php(334): CodeIgniter\CodeIgniter->run()
10 SYSTEMPATH\Boot.php(67): CodeIgniter\Boot::runCodeIgniter(Object(CodeIgniter\CodeIgniter))
11 FCPATH\index.php(56): CodeIgniter\Boot::bootWeb(Object(Config\Paths))
DEBUG - 2025-04-02 07:12:50 --> Session: Class initialized using 'CodeIgniter\Session\Handlers\FileHandler' driver.
DEBUG - 2025-04-02 07:12:50 --> Session: Class initialized using 'CodeIgniter\Session\Handlers\FileHandler' driver.
ERROR - 2025-04-02 07:12:50 --> mysqli_sql_exception: Unknown column 'tblcss_summary.age' in 'field list' in C:\xampp\htdocs\dostx_cssv3\system\Database\MySQLi\Connection.php:327
Stack trace:
#0 C:\xampp\htdocs\dostx_cssv3\system\Database\MySQLi\Connection.php(327): mysqli->query('CREATE TEMPORAR...', 0)
#1 C:\xampp\htdocs\dostx_cssv3\system\Database\BaseConnection.php(738): CodeIgniter\Database\MySQLi\Connection->execute('CREATE TEMPORAR...')
#2 C:\xampp\htdocs\dostx_cssv3\system\Database\BaseConnection.php(652): CodeIgniter\Database\BaseConnection->simpleQuery('CREATE TEMPORAR...')
#3 C:\xampp\htdocs\dostx_cssv3\app\Models\ReportsModel.php(386): CodeIgniter\Database\BaseConnection->query('CREATE TEMPORAR...')
#4 C:\xampp\htdocs\dostx_cssv3\app\Controllers\ReportsController.php(62): App\Models\ReportsModel->gen_age_distribution(Array)
#5 C:\xampp\htdocs\dostx_cssv3\system\CodeIgniter.php(933): App\Controllers\ReportsController->gen_result()
#6 C:\xampp\htdocs\dostx_cssv3\system\CodeIgniter.php(507): CodeIgniter\CodeIgniter->runController(Object(App\Controllers\ReportsController))
#7 C:\xampp\htdocs\dostx_cssv3\system\CodeIgniter.php(354): CodeIgniter\CodeIgniter->handleRequest(NULL, Object(Config\Cache), false)
#8 C:\xampp\htdocs\dostx_cssv3\system\Boot.php(334): CodeIgniter\CodeIgniter->run()
#9 C:\xampp\htdocs\dostx_cssv3\system\Boot.php(67): CodeIgniter\Boot::runCodeIgniter(Object(CodeIgniter\CodeIgniter))
#10 C:\xampp\htdocs\dostx_cssv3\index.php(56): CodeIgniter\Boot::bootWeb(Object(Config\Paths))
#11 {main}
CRITICAL - 2025-04-02 07:12:50 --> CodeIgniter\Database\Exceptions\DatabaseException: Unknown column 'tblcss_summary.age' in 'field list'
[Method: POST, Route: reports/gen_result]
in SYSTEMPATH\Database\BaseConnection.php on line 692.
 1 APPPATH\Models\ReportsModel.php(386): CodeIgniter\Database\BaseConnection->query('CREATE TEMPORARY TABLE css_summary AS SELECT `tblcss_summary`.`age`, `ser`.`is_external`
FROM `tblcss_summary` `ccssum`
LEFT JOIN `tblquarters` `quar` ON `quar`.`quarterid` = `csssum`.`quarterid`
LEFT JOIN `tblservices` `ser` ON `ser`.`servicesid` = `csssum`.`servicesid`
WHERE `csssum`.`year` = \'2025\'
AND `quar`.`quarterid` = \'2\'')
 2 APPPATH\Controllers\ReportsController.php(62): App\Models\ReportsModel->gen_age_distribution([...])
 3 SYSTEMPATH\CodeIgniter.php(933): App\Controllers\ReportsController->gen_result()
 4 SYSTEMPATH\CodeIgniter.php(507): CodeIgniter\CodeIgniter->runController(Object(App\Controllers\ReportsController))
 5 SYSTEMPATH\CodeIgniter.php(354): CodeIgniter\CodeIgniter->handleRequest(null, Object(Config\Cache), false)
 6 SYSTEMPATH\Boot.php(334): CodeIgniter\CodeIgniter->run()
 7 SYSTEMPATH\Boot.php(67): CodeIgniter\Boot::runCodeIgniter(Object(CodeIgniter\CodeIgniter))
 8 FCPATH\index.php(56): CodeIgniter\Boot::bootWeb(Object(Config\Paths))
CRITICAL - 2025-04-02 07:12:50 --> [Caused by] CodeIgniter\Database\Exceptions\DatabaseException: Unknown column 'tblcss_summary.age' in 'field list'
in SYSTEMPATH\Database\MySQLi\Connection.php on line 332.
 1 SYSTEMPATH\Database\BaseConnection.php(738): CodeIgniter\Database\MySQLi\Connection->execute('CREATE TEMPORARY TABLE css_summary AS SELECT `tblcss_summary`.`age`, `ser`.`is_external`
FROM `tblcss_summary` `ccssum`
LEFT JOIN `tblquarters` `quar` ON `quar`.`quarterid` = `csssum`.`quarterid`
LEFT JOIN `tblservices` `ser` ON `ser`.`servicesid` = `csssum`.`servicesid`
WHERE `csssum`.`year` = \'2025\'
AND `quar`.`quarterid` = \'2\'')
 2 SYSTEMPATH\Database\BaseConnection.php(652): CodeIgniter\Database\BaseConnection->simpleQuery('CREATE TEMPORARY TABLE css_summary AS SELECT `tblcss_summary`.`age`, `ser`.`is_external`
FROM `tblcss_summary` `ccssum`
LEFT JOIN `tblquarters` `quar` ON `quar`.`quarterid` = `csssum`.`quarterid`
LEFT JOIN `tblservices` `ser` ON `ser`.`servicesid` = `csssum`.`servicesid`
WHERE `csssum`.`year` = \'2025\'
AND `quar`.`quarterid` = \'2\'')
 3 APPPATH\Models\ReportsModel.php(386): CodeIgniter\Database\BaseConnection->query('CREATE TEMPORARY TABLE css_summary AS SELECT `tblcss_summary`.`age`, `ser`.`is_external`
FROM `tblcss_summary` `ccssum`
LEFT JOIN `tblquarters` `quar` ON `quar`.`quarterid` = `csssum`.`quarterid`
LEFT JOIN `tblservices` `ser` ON `ser`.`servicesid` = `csssum`.`servicesid`
WHERE `csssum`.`year` = \'2025\'
AND `quar`.`quarterid` = \'2\'')
 4 APPPATH\Controllers\ReportsController.php(62): App\Models\ReportsModel->gen_age_distribution([...])
 5 SYSTEMPATH\CodeIgniter.php(933): App\Controllers\ReportsController->gen_result()
 6 SYSTEMPATH\CodeIgniter.php(507): CodeIgniter\CodeIgniter->runController(Object(App\Controllers\ReportsController))
 7 SYSTEMPATH\CodeIgniter.php(354): CodeIgniter\CodeIgniter->handleRequest(null, Object(Config\Cache), false)
 8 SYSTEMPATH\Boot.php(334): CodeIgniter\CodeIgniter->run()
 9 SYSTEMPATH\Boot.php(67): CodeIgniter\Boot::runCodeIgniter(Object(CodeIgniter\CodeIgniter))
10 FCPATH\index.php(56): CodeIgniter\Boot::bootWeb(Object(Config\Paths))
CRITICAL - 2025-04-02 07:12:50 --> [Caused by] mysqli_sql_exception: Unknown column 'tblcss_summary.age' in 'field list'
in SYSTEMPATH\Database\MySQLi\Connection.php on line 327.
 1 SYSTEMPATH\Database\MySQLi\Connection.php(327): mysqli->query('CREATE TEMPORARY TABLE css_summary AS SELECT `tblcss_summary`.`age`, `ser`.`is_external`
FROM `tblcss_summary` `ccssum`
LEFT JOIN `tblquarters` `quar` ON `quar`.`quarterid` = `csssum`.`quarterid`
LEFT JOIN `tblservices` `ser` ON `ser`.`servicesid` = `csssum`.`servicesid`
WHERE `csssum`.`year` = \'2025\'
AND `quar`.`quarterid` = \'2\'', 0)
 2 SYSTEMPATH\Database\BaseConnection.php(738): CodeIgniter\Database\MySQLi\Connection->execute('CREATE TEMPORARY TABLE css_summary AS SELECT `tblcss_summary`.`age`, `ser`.`is_external`
FROM `tblcss_summary` `ccssum`
LEFT JOIN `tblquarters` `quar` ON `quar`.`quarterid` = `csssum`.`quarterid`
LEFT JOIN `tblservices` `ser` ON `ser`.`servicesid` = `csssum`.`servicesid`
WHERE `csssum`.`year` = \'2025\'
AND `quar`.`quarterid` = \'2\'')
 3 SYSTEMPATH\Database\BaseConnection.php(652): CodeIgniter\Database\BaseConnection->simpleQuery('CREATE TEMPORARY TABLE css_summary AS SELECT `tblcss_summary`.`age`, `ser`.`is_external`
FROM `tblcss_summary` `ccssum`
LEFT JOIN `tblquarters` `quar` ON `quar`.`quarterid` = `csssum`.`quarterid`
LEFT JOIN `tblservices` `ser` ON `ser`.`servicesid` = `csssum`.`servicesid`
WHERE `csssum`.`year` = \'2025\'
AND `quar`.`quarterid` = \'2\'')
 4 APPPATH\Models\ReportsModel.php(386): CodeIgniter\Database\BaseConnection->query('CREATE TEMPORARY TABLE css_summary AS SELECT `tblcss_summary`.`age`, `ser`.`is_external`
FROM `tblcss_summary` `ccssum`
LEFT JOIN `tblquarters` `quar` ON `quar`.`quarterid` = `csssum`.`quarterid`
LEFT JOIN `tblservices` `ser` ON `ser`.`servicesid` = `csssum`.`servicesid`
WHERE `csssum`.`year` = \'2025\'
AND `quar`.`quarterid` = \'2\'')
 5 APPPATH\Controllers\ReportsController.php(62): App\Models\ReportsModel->gen_age_distribution([...])
 6 SYSTEMPATH\CodeIgniter.php(933): App\Controllers\ReportsController->gen_result()
 7 SYSTEMPATH\CodeIgniter.php(507): CodeIgniter\CodeIgniter->runController(Object(App\Controllers\ReportsController))
 8 SYSTEMPATH\CodeIgniter.php(354): CodeIgniter\CodeIgniter->handleRequest(null, Object(Config\Cache), false)
 9 SYSTEMPATH\Boot.php(334): CodeIgniter\CodeIgniter->run()
10 SYSTEMPATH\Boot.php(67): CodeIgniter\Boot::runCodeIgniter(Object(CodeIgniter\CodeIgniter))
11 FCPATH\index.php(56): CodeIgniter\Boot::bootWeb(Object(Config\Paths))
DEBUG - 2025-04-02 07:13:16 --> Session: Class initialized using 'CodeIgniter\Session\Handlers\FileHandler' driver.
DEBUG - 2025-04-02 07:13:17 --> Session: Class initialized using 'CodeIgniter\Session\Handlers\FileHandler' driver.
ERROR - 2025-04-02 07:13:17 --> mysqli_sql_exception: Unknown column 'csssum.year' in 'where clause' in C:\xampp\htdocs\dostx_cssv3\system\Database\MySQLi\Connection.php:327
Stack trace:
#0 C:\xampp\htdocs\dostx_cssv3\system\Database\MySQLi\Connection.php(327): mysqli->query('CREATE TEMPORAR...', 0)
#1 C:\xampp\htdocs\dostx_cssv3\system\Database\BaseConnection.php(738): CodeIgniter\Database\MySQLi\Connection->execute('CREATE TEMPORAR...')
#2 C:\xampp\htdocs\dostx_cssv3\system\Database\BaseConnection.php(652): CodeIgniter\Database\BaseConnection->simpleQuery('CREATE TEMPORAR...')
#3 C:\xampp\htdocs\dostx_cssv3\app\Models\ReportsModel.php(386): CodeIgniter\Database\BaseConnection->query('CREATE TEMPORAR...')
#4 C:\xampp\htdocs\dostx_cssv3\app\Controllers\ReportsController.php(62): App\Models\ReportsModel->gen_age_distribution(Array)
#5 C:\xampp\htdocs\dostx_cssv3\system\CodeIgniter.php(933): App\Controllers\ReportsController->gen_result()
#6 C:\xampp\htdocs\dostx_cssv3\system\CodeIgniter.php(507): CodeIgniter\CodeIgniter->runController(Object(App\Controllers\ReportsController))
#7 C:\xampp\htdocs\dostx_cssv3\system\CodeIgniter.php(354): CodeIgniter\CodeIgniter->handleRequest(NULL, Object(Config\Cache), false)
#8 C:\xampp\htdocs\dostx_cssv3\system\Boot.php(334): CodeIgniter\CodeIgniter->run()
#9 C:\xampp\htdocs\dostx_cssv3\system\Boot.php(67): CodeIgniter\Boot::runCodeIgniter(Object(CodeIgniter\CodeIgniter))
#10 C:\xampp\htdocs\dostx_cssv3\index.php(56): CodeIgniter\Boot::bootWeb(Object(Config\Paths))
#11 {main}
CRITICAL - 2025-04-02 07:13:17 --> CodeIgniter\Database\Exceptions\DatabaseException: Unknown column 'csssum.year' in 'where clause'
[Method: POST, Route: reports/gen_result]
in SYSTEMPATH\Database\BaseConnection.php on line 692.
 1 APPPATH\Models\ReportsModel.php(386): CodeIgniter\Database\BaseConnection->query('CREATE TEMPORARY TABLE css_summary AS SELECT `tblcss_summary`.`age`, `ser`.`is_external`
FROM `tblcss_summary`
LEFT JOIN `tblquarters` `quar` ON `quar`.`quarterid` = `csssum`.`quarterid`
LEFT JOIN `tblservices` `ser` ON `ser`.`servicesid` = `csssum`.`servicesid`
WHERE `csssum`.`year` = \'2025\'
AND `quar`.`quarterid` = \'2\'')
 2 APPPATH\Controllers\ReportsController.php(62): App\Models\ReportsModel->gen_age_distribution([...])
 3 SYSTEMPATH\CodeIgniter.php(933): App\Controllers\ReportsController->gen_result()
 4 SYSTEMPATH\CodeIgniter.php(507): CodeIgniter\CodeIgniter->runController(Object(App\Controllers\ReportsController))
 5 SYSTEMPATH\CodeIgniter.php(354): CodeIgniter\CodeIgniter->handleRequest(null, Object(Config\Cache), false)
 6 SYSTEMPATH\Boot.php(334): CodeIgniter\CodeIgniter->run()
 7 SYSTEMPATH\Boot.php(67): CodeIgniter\Boot::runCodeIgniter(Object(CodeIgniter\CodeIgniter))
 8 FCPATH\index.php(56): CodeIgniter\Boot::bootWeb(Object(Config\Paths))
CRITICAL - 2025-04-02 07:13:17 --> [Caused by] CodeIgniter\Database\Exceptions\DatabaseException: Unknown column 'csssum.year' in 'where clause'
in SYSTEMPATH\Database\MySQLi\Connection.php on line 332.
 1 SYSTEMPATH\Database\BaseConnection.php(738): CodeIgniter\Database\MySQLi\Connection->execute('CREATE TEMPORARY TABLE css_summary AS SELECT `tblcss_summary`.`age`, `ser`.`is_external`
FROM `tblcss_summary`
LEFT JOIN `tblquarters` `quar` ON `quar`.`quarterid` = `csssum`.`quarterid`
LEFT JOIN `tblservices` `ser` ON `ser`.`servicesid` = `csssum`.`servicesid`
WHERE `csssum`.`year` = \'2025\'
AND `quar`.`quarterid` = \'2\'')
 2 SYSTEMPATH\Database\BaseConnection.php(652): CodeIgniter\Database\BaseConnection->simpleQuery('CREATE TEMPORARY TABLE css_summary AS SELECT `tblcss_summary`.`age`, `ser`.`is_external`
FROM `tblcss_summary`
LEFT JOIN `tblquarters` `quar` ON `quar`.`quarterid` = `csssum`.`quarterid`
LEFT JOIN `tblservices` `ser` ON `ser`.`servicesid` = `csssum`.`servicesid`
WHERE `csssum`.`year` = \'2025\'
AND `quar`.`quarterid` = \'2\'')
 3 APPPATH\Models\ReportsModel.php(386): CodeIgniter\Database\BaseConnection->query('CREATE TEMPORARY TABLE css_summary AS SELECT `tblcss_summary`.`age`, `ser`.`is_external`
FROM `tblcss_summary`
LEFT JOIN `tblquarters` `quar` ON `quar`.`quarterid` = `csssum`.`quarterid`
LEFT JOIN `tblservices` `ser` ON `ser`.`servicesid` = `csssum`.`servicesid`
WHERE `csssum`.`year` = \'2025\'
AND `quar`.`quarterid` = \'2\'')
 4 APPPATH\Controllers\ReportsController.php(62): App\Models\ReportsModel->gen_age_distribution([...])
 5 SYSTEMPATH\CodeIgniter.php(933): App\Controllers\ReportsController->gen_result()
 6 SYSTEMPATH\CodeIgniter.php(507): CodeIgniter\CodeIgniter->runController(Object(App\Controllers\ReportsController))
 7 SYSTEMPATH\CodeIgniter.php(354): CodeIgniter\CodeIgniter->handleRequest(null, Object(Config\Cache), false)
 8 SYSTEMPATH\Boot.php(334): CodeIgniter\CodeIgniter->run()
 9 SYSTEMPATH\Boot.php(67): CodeIgniter\Boot::runCodeIgniter(Object(CodeIgniter\CodeIgniter))
10 FCPATH\index.php(56): CodeIgniter\Boot::bootWeb(Object(Config\Paths))
CRITICAL - 2025-04-02 07:13:17 --> [Caused by] mysqli_sql_exception: Unknown column 'csssum.year' in 'where clause'
in SYSTEMPATH\Database\MySQLi\Connection.php on line 327.
 1 SYSTEMPATH\Database\MySQLi\Connection.php(327): mysqli->query('CREATE TEMPORARY TABLE css_summary AS SELECT `tblcss_summary`.`age`, `ser`.`is_external`
FROM `tblcss_summary`
LEFT JOIN `tblquarters` `quar` ON `quar`.`quarterid` = `csssum`.`quarterid`
LEFT JOIN `tblservices` `ser` ON `ser`.`servicesid` = `csssum`.`servicesid`
WHERE `csssum`.`year` = \'2025\'
AND `quar`.`quarterid` = \'2\'', 0)
 2 SYSTEMPATH\Database\BaseConnection.php(738): CodeIgniter\Database\MySQLi\Connection->execute('CREATE TEMPORARY TABLE css_summary AS SELECT `tblcss_summary`.`age`, `ser`.`is_external`
FROM `tblcss_summary`
LEFT JOIN `tblquarters` `quar` ON `quar`.`quarterid` = `csssum`.`quarterid`
LEFT JOIN `tblservices` `ser` ON `ser`.`servicesid` = `csssum`.`servicesid`
WHERE `csssum`.`year` = \'2025\'
AND `quar`.`quarterid` = \'2\'')
 3 SYSTEMPATH\Database\BaseConnection.php(652): CodeIgniter\Database\BaseConnection->simpleQuery('CREATE TEMPORARY TABLE css_summary AS SELECT `tblcss_summary`.`age`, `ser`.`is_external`
FROM `tblcss_summary`
LEFT JOIN `tblquarters` `quar` ON `quar`.`quarterid` = `csssum`.`quarterid`
LEFT JOIN `tblservices` `ser` ON `ser`.`servicesid` = `csssum`.`servicesid`
WHERE `csssum`.`year` = \'2025\'
AND `quar`.`quarterid` = \'2\'')
 4 APPPATH\Models\ReportsModel.php(386): CodeIgniter\Database\BaseConnection->query('CREATE TEMPORARY TABLE css_summary AS SELECT `tblcss_summary`.`age`, `ser`.`is_external`
FROM `tblcss_summary`
LEFT JOIN `tblquarters` `quar` ON `quar`.`quarterid` = `csssum`.`quarterid`
LEFT JOIN `tblservices` `ser` ON `ser`.`servicesid` = `csssum`.`servicesid`
WHERE `csssum`.`year` = \'2025\'
AND `quar`.`quarterid` = \'2\'')
 5 APPPATH\Controllers\ReportsController.php(62): App\Models\ReportsModel->gen_age_distribution([...])
 6 SYSTEMPATH\CodeIgniter.php(933): App\Controllers\ReportsController->gen_result()
 7 SYSTEMPATH\CodeIgniter.php(507): CodeIgniter\CodeIgniter->runController(Object(App\Controllers\ReportsController))
 8 SYSTEMPATH\CodeIgniter.php(354): CodeIgniter\CodeIgniter->handleRequest(null, Object(Config\Cache), false)
 9 SYSTEMPATH\Boot.php(334): CodeIgniter\CodeIgniter->run()
10 SYSTEMPATH\Boot.php(67): CodeIgniter\Boot::runCodeIgniter(Object(CodeIgniter\CodeIgniter))
11 FCPATH\index.php(56): CodeIgniter\Boot::bootWeb(Object(Config\Paths))
DEBUG - 2025-04-02 07:13:33 --> Session: Class initialized using 'CodeIgniter\Session\Handlers\FileHandler' driver.
DEBUG - 2025-04-02 07:13:33 --> Session: Class initialized using 'CodeIgniter\Session\Handlers\FileHandler' driver.
ERROR - 2025-04-02 07:13:33 --> mysqli_sql_exception: Unknown column 'csssum.year' in 'where clause' in C:\xampp\htdocs\dostx_cssv3\system\Database\MySQLi\Connection.php:327
Stack trace:
#0 C:\xampp\htdocs\dostx_cssv3\system\Database\MySQLi\Connection.php(327): mysqli->query('CREATE TEMPORAR...', 0)
#1 C:\xampp\htdocs\dostx_cssv3\system\Database\BaseConnection.php(738): CodeIgniter\Database\MySQLi\Connection->execute('CREATE TEMPORAR...')
#2 C:\xampp\htdocs\dostx_cssv3\system\Database\BaseConnection.php(652): CodeIgniter\Database\BaseConnection->simpleQuery('CREATE TEMPORAR...')
#3 C:\xampp\htdocs\dostx_cssv3\app\Models\ReportsModel.php(409): CodeIgniter\Database\BaseConnection->query('CREATE TEMPORAR...')
#4 C:\xampp\htdocs\dostx_cssv3\app\Controllers\ReportsController.php(62): App\Models\ReportsModel->gen_age_distribution(Array)
#5 C:\xampp\htdocs\dostx_cssv3\system\CodeIgniter.php(933): App\Controllers\ReportsController->gen_result()
#6 C:\xampp\htdocs\dostx_cssv3\system\CodeIgniter.php(507): CodeIgniter\CodeIgniter->runController(Object(App\Controllers\ReportsController))
#7 C:\xampp\htdocs\dostx_cssv3\system\CodeIgniter.php(354): CodeIgniter\CodeIgniter->handleRequest(NULL, Object(Config\Cache), false)
#8 C:\xampp\htdocs\dostx_cssv3\system\Boot.php(334): CodeIgniter\CodeIgniter->run()
#9 C:\xampp\htdocs\dostx_cssv3\system\Boot.php(67): CodeIgniter\Boot::runCodeIgniter(Object(CodeIgniter\CodeIgniter))
#10 C:\xampp\htdocs\dostx_cssv3\index.php(56): CodeIgniter\Boot::bootWeb(Object(Config\Paths))
#11 {main}
CRITICAL - 2025-04-02 07:13:33 --> CodeIgniter\Database\Exceptions\DatabaseException: Unknown column 'csssum.year' in 'where clause'
[Method: POST, Route: reports/gen_result]
in SYSTEMPATH\Database\BaseConnection.php on line 692.
 1 APPPATH\Models\ReportsModel.php(409): CodeIgniter\Database\BaseConnection->query('CREATE TEMPORARY TABLE total_counts AS SELECT SUM(CASE WHEN ser.is_external = 1 THEN 1 ELSE 0 END) AS total_external_count, SUM(CASE WHEN ser.is_external = 0 THEN 1 ELSE 0 END) AS total_internal_count
FROM `tblcss_summary`
LEFT JOIN `tblquarters` `quar` ON `quar`.`quarterid` = `csssum`.`quarterid`
LEFT JOIN `tblservices` `ser` ON `ser`.`servicesid` = `csssum`.`servicesid`
WHERE `csssum`.`year` = \'2025\'
AND `quar`.`quarterid` = \'2\'')
 2 APPPATH\Controllers\ReportsController.php(62): App\Models\ReportsModel->gen_age_distribution([...])
 3 SYSTEMPATH\CodeIgniter.php(933): App\Controllers\ReportsController->gen_result()
 4 SYSTEMPATH\CodeIgniter.php(507): CodeIgniter\CodeIgniter->runController(Object(App\Controllers\ReportsController))
 5 SYSTEMPATH\CodeIgniter.php(354): CodeIgniter\CodeIgniter->handleRequest(null, Object(Config\Cache), false)
 6 SYSTEMPATH\Boot.php(334): CodeIgniter\CodeIgniter->run()
 7 SYSTEMPATH\Boot.php(67): CodeIgniter\Boot::runCodeIgniter(Object(CodeIgniter\CodeIgniter))
 8 FCPATH\index.php(56): CodeIgniter\Boot::bootWeb(Object(Config\Paths))
CRITICAL - 2025-04-02 07:13:33 --> [Caused by] CodeIgniter\Database\Exceptions\DatabaseException: Unknown column 'csssum.year' in 'where clause'
in SYSTEMPATH\Database\MySQLi\Connection.php on line 332.
 1 SYSTEMPATH\Database\BaseConnection.php(738): CodeIgniter\Database\MySQLi\Connection->execute('CREATE TEMPORARY TABLE total_counts AS SELECT SUM(CASE WHEN ser.is_external = 1 THEN 1 ELSE 0 END) AS total_external_count, SUM(CASE WHEN ser.is_external = 0 THEN 1 ELSE 0 END) AS total_internal_count
FROM `tblcss_summary`
LEFT JOIN `tblquarters` `quar` ON `quar`.`quarterid` = `csssum`.`quarterid`
LEFT JOIN `tblservices` `ser` ON `ser`.`servicesid` = `csssum`.`servicesid`
WHERE `csssum`.`year` = \'2025\'
AND `quar`.`quarterid` = \'2\'')
 2 SYSTEMPATH\Database\BaseConnection.php(652): CodeIgniter\Database\BaseConnection->simpleQuery('CREATE TEMPORARY TABLE total_counts AS SELECT SUM(CASE WHEN ser.is_external = 1 THEN 1 ELSE 0 END) AS total_external_count, SUM(CASE WHEN ser.is_external = 0 THEN 1 ELSE 0 END) AS total_internal_count
FROM `tblcss_summary`
LEFT JOIN `tblquarters` `quar` ON `quar`.`quarterid` = `csssum`.`quarterid`
LEFT JOIN `tblservices` `ser` ON `ser`.`servicesid` = `csssum`.`servicesid`
WHERE `csssum`.`year` = \'2025\'
AND `quar`.`quarterid` = \'2\'')
 3 APPPATH\Models\ReportsModel.php(409): CodeIgniter\Database\BaseConnection->query('CREATE TEMPORARY TABLE total_counts AS SELECT SUM(CASE WHEN ser.is_external = 1 THEN 1 ELSE 0 END) AS total_external_count, SUM(CASE WHEN ser.is_external = 0 THEN 1 ELSE 0 END) AS total_internal_count
FROM `tblcss_summary`
LEFT JOIN `tblquarters` `quar` ON `quar`.`quarterid` = `csssum`.`quarterid`
LEFT JOIN `tblservices` `ser` ON `ser`.`servicesid` = `csssum`.`servicesid`
WHERE `csssum`.`year` = \'2025\'
AND `quar`.`quarterid` = \'2\'')
 4 APPPATH\Controllers\ReportsController.php(62): App\Models\ReportsModel->gen_age_distribution([...])
 5 SYSTEMPATH\CodeIgniter.php(933): App\Controllers\ReportsController->gen_result()
 6 SYSTEMPATH\CodeIgniter.php(507): CodeIgniter\CodeIgniter->runController(Object(App\Controllers\ReportsController))
 7 SYSTEMPATH\CodeIgniter.php(354): CodeIgniter\CodeIgniter->handleRequest(null, Object(Config\Cache), false)
 8 SYSTEMPATH\Boot.php(334): CodeIgniter\CodeIgniter->run()
 9 SYSTEMPATH\Boot.php(67): CodeIgniter\Boot::runCodeIgniter(Object(CodeIgniter\CodeIgniter))
10 FCPATH\index.php(56): CodeIgniter\Boot::bootWeb(Object(Config\Paths))
CRITICAL - 2025-04-02 07:13:33 --> [Caused by] mysqli_sql_exception: Unknown column 'csssum.year' in 'where clause'
in SYSTEMPATH\Database\MySQLi\Connection.php on line 327.
 1 SYSTEMPATH\Database\MySQLi\Connection.php(327): mysqli->query('CREATE TEMPORARY TABLE total_counts AS SELECT SUM(CASE WHEN ser.is_external = 1 THEN 1 ELSE 0 END) AS total_external_count, SUM(CASE WHEN ser.is_external = 0 THEN 1 ELSE 0 END) AS total_internal_count
FROM `tblcss_summary`
LEFT JOIN `tblquarters` `quar` ON `quar`.`quarterid` = `csssum`.`quarterid`
LEFT JOIN `tblservices` `ser` ON `ser`.`servicesid` = `csssum`.`servicesid`
WHERE `csssum`.`year` = \'2025\'
AND `quar`.`quarterid` = \'2\'', 0)
 2 SYSTEMPATH\Database\BaseConnection.php(738): CodeIgniter\Database\MySQLi\Connection->execute('CREATE TEMPORARY TABLE total_counts AS SELECT SUM(CASE WHEN ser.is_external = 1 THEN 1 ELSE 0 END) AS total_external_count, SUM(CASE WHEN ser.is_external = 0 THEN 1 ELSE 0 END) AS total_internal_count
FROM `tblcss_summary`
LEFT JOIN `tblquarters` `quar` ON `quar`.`quarterid` = `csssum`.`quarterid`
LEFT JOIN `tblservices` `ser` ON `ser`.`servicesid` = `csssum`.`servicesid`
WHERE `csssum`.`year` = \'2025\'
AND `quar`.`quarterid` = \'2\'')
 3 SYSTEMPATH\Database\BaseConnection.php(652): CodeIgniter\Database\BaseConnection->simpleQuery('CREATE TEMPORARY TABLE total_counts AS SELECT SUM(CASE WHEN ser.is_external = 1 THEN 1 ELSE 0 END) AS total_external_count, SUM(CASE WHEN ser.is_external = 0 THEN 1 ELSE 0 END) AS total_internal_count
FROM `tblcss_summary`
LEFT JOIN `tblquarters` `quar` ON `quar`.`quarterid` = `csssum`.`quarterid`
LEFT JOIN `tblservices` `ser` ON `ser`.`servicesid` = `csssum`.`servicesid`
WHERE `csssum`.`year` = \'2025\'
AND `quar`.`quarterid` = \'2\'')
 4 APPPATH\Models\ReportsModel.php(409): CodeIgniter\Database\BaseConnection->query('CREATE TEMPORARY TABLE total_counts AS SELECT SUM(CASE WHEN ser.is_external = 1 THEN 1 ELSE 0 END) AS total_external_count, SUM(CASE WHEN ser.is_external = 0 THEN 1 ELSE 0 END) AS total_internal_count
FROM `tblcss_summary`
LEFT JOIN `tblquarters` `quar` ON `quar`.`quarterid` = `csssum`.`quarterid`
LEFT JOIN `tblservices` `ser` ON `ser`.`servicesid` = `csssum`.`servicesid`
WHERE `csssum`.`year` = \'2025\'
AND `quar`.`quarterid` = \'2\'')
 5 APPPATH\Controllers\ReportsController.php(62): App\Models\ReportsModel->gen_age_distribution([...])
 6 SYSTEMPATH\CodeIgniter.php(933): App\Controllers\ReportsController->gen_result()
 7 SYSTEMPATH\CodeIgniter.php(507): CodeIgniter\CodeIgniter->runController(Object(App\Controllers\ReportsController))
 8 SYSTEMPATH\CodeIgniter.php(354): CodeIgniter\CodeIgniter->handleRequest(null, Object(Config\Cache), false)
 9 SYSTEMPATH\Boot.php(334): CodeIgniter\CodeIgniter->run()
10 SYSTEMPATH\Boot.php(67): CodeIgniter\Boot::runCodeIgniter(Object(CodeIgniter\CodeIgniter))
11 FCPATH\index.php(56): CodeIgniter\Boot::bootWeb(Object(Config\Paths))
DEBUG - 2025-04-02 07:13:56 --> Session: Class initialized using 'CodeIgniter\Session\Handlers\FileHandler' driver.
DEBUG - 2025-04-02 07:13:56 --> Session: Class initialized using 'CodeIgniter\Session\Handlers\FileHandler' driver.
CRITICAL - 2025-04-02 07:13:56 --> CodeIgniter\Exceptions\BadMethodCallException: Call to undefined method App\Models\ReportsModel::gen_vulsector
[Method: POST, Route: reports/gen_result]
in SYSTEMPATH\Model.php on line 930.
 1 APPPATH\Controllers\ReportsController.php(63): CodeIgniter\Model->__call('gen_vulsector', [...])
 2 SYSTEMPATH\CodeIgniter.php(933): App\Controllers\ReportsController->gen_result()
 3 SYSTEMPATH\CodeIgniter.php(507): CodeIgniter\CodeIgniter->runController(Object(App\Controllers\ReportsController))
 4 SYSTEMPATH\CodeIgniter.php(354): CodeIgniter\CodeIgniter->handleRequest(null, Object(Config\Cache), false)
 5 SYSTEMPATH\Boot.php(334): CodeIgniter\CodeIgniter->run()
 6 SYSTEMPATH\Boot.php(67): CodeIgniter\Boot::runCodeIgniter(Object(CodeIgniter\CodeIgniter))
 7 FCPATH\index.php(56): CodeIgniter\Boot::bootWeb(Object(Config\Paths))
DEBUG - 2025-04-02 07:14:33 --> Session: Class initialized using 'CodeIgniter\Session\Handlers\FileHandler' driver.
DEBUG - 2025-04-02 07:14:34 --> Session: Class initialized using 'CodeIgniter\Session\Handlers\FileHandler' driver.
CRITICAL - 2025-04-02 07:14:34 --> Error: Call to undefined method CodeIgniter\Database\MySQLi\Connection::select()
[Method: POST, Route: reports/gen_result]
in APPPATH\Models\ReportsModel.php on line 443.
 1 APPPATH\Controllers\ReportsController.php(63): App\Models\ReportsModel->gen_vulsector([...])
 2 SYSTEMPATH\CodeIgniter.php(933): App\Controllers\ReportsController->gen_result()
 3 SYSTEMPATH\CodeIgniter.php(507): CodeIgniter\CodeIgniter->runController(Object(App\Controllers\ReportsController))
 4 SYSTEMPATH\CodeIgniter.php(354): CodeIgniter\CodeIgniter->handleRequest(null, Object(Config\Cache), false)
 5 SYSTEMPATH\Boot.php(334): CodeIgniter\CodeIgniter->run()
 6 SYSTEMPATH\Boot.php(67): CodeIgniter\Boot::runCodeIgniter(Object(CodeIgniter\CodeIgniter))
 7 FCPATH\index.php(56): CodeIgniter\Boot::bootWeb(Object(Config\Paths))
DEBUG - 2025-04-02 07:15:18 --> Session: Class initialized using 'CodeIgniter\Session\Handlers\FileHandler' driver.
DEBUG - 2025-04-02 07:15:19 --> Session: Class initialized using 'CodeIgniter\Session\Handlers\FileHandler' driver.
CRITICAL - 2025-04-02 07:15:19 --> CodeIgniter\Exceptions\BadMethodCallException: Call to undefined method App\Models\ReportsModel::gen_comments
[Method: POST, Route: reports/gen_result]
in SYSTEMPATH\Model.php on line 930.
 1 APPPATH\Controllers\ReportsController.php(64): CodeIgniter\Model->__call('gen_comments', [...])
 2 SYSTEMPATH\CodeIgniter.php(933): App\Controllers\ReportsController->gen_result()
 3 SYSTEMPATH\CodeIgniter.php(507): CodeIgniter\CodeIgniter->runController(Object(App\Controllers\ReportsController))
 4 SYSTEMPATH\CodeIgniter.php(354): CodeIgniter\CodeIgniter->handleRequest(null, Object(Config\Cache), false)
 5 SYSTEMPATH\Boot.php(334): CodeIgniter\CodeIgniter->run()
 6 SYSTEMPATH\Boot.php(67): CodeIgniter\Boot::runCodeIgniter(Object(CodeIgniter\CodeIgniter))
 7 FCPATH\index.php(56): CodeIgniter\Boot::bootWeb(Object(Config\Paths))
DEBUG - 2025-04-02 07:16:06 --> Session: Class initialized using 'CodeIgniter\Session\Handlers\FileHandler' driver.
DEBUG - 2025-04-02 07:16:07 --> Session: Class initialized using 'CodeIgniter\Session\Handlers\FileHandler' driver.
CRITICAL - 2025-04-02 07:16:07 --> Error: Call to undefined method CodeIgniter\Database\MySQLi\Connection::select()
[Method: POST, Route: reports/gen_result]
in APPPATH\Models\ReportsModel.php on line 492.
 1 APPPATH\Controllers\ReportsController.php(64): App\Models\ReportsModel->gen_comments([...])
 2 SYSTEMPATH\CodeIgniter.php(933): App\Controllers\ReportsController->gen_result()
 3 SYSTEMPATH\CodeIgniter.php(507): CodeIgniter\CodeIgniter->runController(Object(App\Controllers\ReportsController))
 4 SYSTEMPATH\CodeIgniter.php(354): CodeIgniter\CodeIgniter->handleRequest(null, Object(Config\Cache), false)
 5 SYSTEMPATH\Boot.php(334): CodeIgniter\CodeIgniter->run()
 6 SYSTEMPATH\Boot.php(67): CodeIgniter\Boot::runCodeIgniter(Object(CodeIgniter\CodeIgniter))
 7 FCPATH\index.php(56): CodeIgniter\Boot::bootWeb(Object(Config\Paths))
DEBUG - 2025-04-02 07:16:47 --> Session: Class initialized using 'CodeIgniter\Session\Handlers\FileHandler' driver.
DEBUG - 2025-04-02 07:16:47 --> Session: Class initialized using 'CodeIgniter\Session\Handlers\FileHandler' driver.
CRITICAL - 2025-04-02 07:16:47 --> Error: Call to undefined method CodeIgniter\Database\MySQLi\Connection::where()
[Method: POST, Route: reports/gen_result]
in APPPATH\Models\ReportsModel.php on line 505.
 1 APPPATH\Controllers\ReportsController.php(64): App\Models\ReportsModel->gen_comments([...])
 2 SYSTEMPATH\CodeIgniter.php(933): App\Controllers\ReportsController->gen_result()
 3 SYSTEMPATH\CodeIgniter.php(507): CodeIgniter\CodeIgniter->runController(Object(App\Controllers\ReportsController))
 4 SYSTEMPATH\CodeIgniter.php(354): CodeIgniter\CodeIgniter->handleRequest(null, Object(Config\Cache), false)
 5 SYSTEMPATH\Boot.php(334): CodeIgniter\CodeIgniter->run()
 6 SYSTEMPATH\Boot.php(67): CodeIgniter\Boot::runCodeIgniter(Object(CodeIgniter\CodeIgniter))
 7 FCPATH\index.php(56): CodeIgniter\Boot::bootWeb(Object(Config\Paths))
DEBUG - 2025-04-02 07:17:10 --> Session: Class initialized using 'CodeIgniter\Session\Handlers\FileHandler' driver.
DEBUG - 2025-04-02 07:17:11 --> Session: Class initialized using 'CodeIgniter\Session\Handlers\FileHandler' driver.
CRITICAL - 2025-04-02 07:17:11 --> CodeIgniter\Exceptions\BadMethodCallException: Call to undefined method App\Models\ReportsModel::gen_comments
[Method: POST, Route: reports/gen_result]
in SYSTEMPATH\Model.php on line 930.
 1 APPPATH\Controllers\ReportsController.php(64): CodeIgniter\Model->__call('gen_comments', [...])
 2 SYSTEMPATH\CodeIgniter.php(933): App\Controllers\ReportsController->gen_result()
 3 SYSTEMPATH\CodeIgniter.php(507): CodeIgniter\CodeIgniter->runController(Object(App\Controllers\ReportsController))
 4 SYSTEMPATH\CodeIgniter.php(354): CodeIgniter\CodeIgniter->handleRequest(null, Object(Config\Cache), false)
 5 SYSTEMPATH\Boot.php(334): CodeIgniter\CodeIgniter->run()
 6 SYSTEMPATH\Boot.php(67): CodeIgniter\Boot::runCodeIgniter(Object(CodeIgniter\CodeIgniter))
 7 FCPATH\index.php(56): CodeIgniter\Boot::bootWeb(Object(Config\Paths))
DEBUG - 2025-04-02 07:17:24 --> Session: Class initialized using 'CodeIgniter\Session\Handlers\FileHandler' driver.
DEBUG - 2025-04-02 07:17:24 --> Session: Class initialized using 'CodeIgniter\Session\Handlers\FileHandler' driver.
CRITICAL - 2025-04-02 07:17:24 --> Error: Call to undefined method CodeIgniter\Database\MySQLi\Connection::where()
[Method: POST, Route: reports/gen_result]
in APPPATH\Models\ReportsModel.php on line 505.
 1 APPPATH\Controllers\ReportsController.php(64): App\Models\ReportsModel->gen_comments([...])
 2 SYSTEMPATH\CodeIgniter.php(933): App\Controllers\ReportsController->gen_result()
 3 SYSTEMPATH\CodeIgniter.php(507): CodeIgniter\CodeIgniter->runController(Object(App\Controllers\ReportsController))
 4 SYSTEMPATH\CodeIgniter.php(354): CodeIgniter\CodeIgniter->handleRequest(null, Object(Config\Cache), false)
 5 SYSTEMPATH\Boot.php(334): CodeIgniter\CodeIgniter->run()
 6 SYSTEMPATH\Boot.php(67): CodeIgniter\Boot::runCodeIgniter(Object(CodeIgniter\CodeIgniter))
 7 FCPATH\index.php(56): CodeIgniter\Boot::bootWeb(Object(Config\Paths))
DEBUG - 2025-04-02 07:17:52 --> Session: Class initialized using 'CodeIgniter\Session\Handlers\FileHandler' driver.
DEBUG - 2025-04-02 07:17:52 --> Session: Class initialized using 'CodeIgniter\Session\Handlers\FileHandler' driver.
CRITICAL - 2025-04-02 07:17:53 --> CodeIgniter\Exceptions\BadMethodCallException: Call to undefined method App\Models\ReportsModel::gen_services_external
[Method: POST, Route: reports/gen_result]
in SYSTEMPATH\Model.php on line 930.
 1 APPPATH\Controllers\ReportsController.php(76): CodeIgniter\Model->__call('gen_services_external', [...])
 2 SYSTEMPATH\CodeIgniter.php(933): App\Controllers\ReportsController->gen_result()
 3 SYSTEMPATH\CodeIgniter.php(507): CodeIgniter\CodeIgniter->runController(Object(App\Controllers\ReportsController))
 4 SYSTEMPATH\CodeIgniter.php(354): CodeIgniter\CodeIgniter->handleRequest(null, Object(Config\Cache), false)
 5 SYSTEMPATH\Boot.php(334): CodeIgniter\CodeIgniter->run()
 6 SYSTEMPATH\Boot.php(67): CodeIgniter\Boot::runCodeIgniter(Object(CodeIgniter\CodeIgniter))
 7 FCPATH\index.php(56): CodeIgniter\Boot::bootWeb(Object(Config\Paths))
DEBUG - 2025-04-02 07:18:17 --> Session: Class initialized using 'CodeIgniter\Session\Handlers\FileHandler' driver.
DEBUG - 2025-04-02 07:18:18 --> Session: Class initialized using 'CodeIgniter\Session\Handlers\FileHandler' driver.
CRITICAL - 2025-04-02 07:18:18 --> CodeIgniter\Exceptions\BadMethodCallException: Call to undefined method App\Models\ReportsModel::gen_services
[Method: POST, Route: reports/gen_result]
in SYSTEMPATH\Model.php on line 930.
 1 APPPATH\Controllers\ReportsController.php(77): CodeIgniter\Model->__call('gen_services', [...])
 2 SYSTEMPATH\CodeIgniter.php(933): App\Controllers\ReportsController->gen_result()
 3 SYSTEMPATH\CodeIgniter.php(507): CodeIgniter\CodeIgniter->runController(Object(App\Controllers\ReportsController))
 4 SYSTEMPATH\CodeIgniter.php(354): CodeIgniter\CodeIgniter->handleRequest(null, Object(Config\Cache), false)
 5 SYSTEMPATH\Boot.php(334): CodeIgniter\CodeIgniter->run()
 6 SYSTEMPATH\Boot.php(67): CodeIgniter\Boot::runCodeIgniter(Object(CodeIgniter\CodeIgniter))
 7 FCPATH\index.php(56): CodeIgniter\Boot::bootWeb(Object(Config\Paths))
DEBUG - 2025-04-02 07:18:45 --> Session: Class initialized using 'CodeIgniter\Session\Handlers\FileHandler' driver.
DEBUG - 2025-04-02 07:18:46 --> Session: Class initialized using 'CodeIgniter\Session\Handlers\FileHandler' driver.
CRITICAL - 2025-04-02 07:18:46 --> CodeIgniter\Exceptions\BadMethodCallException: Call to undefined method App\Models\ReportsModel::gen_cc
[Method: POST, Route: reports/gen_result]
in SYSTEMPATH\Model.php on line 930.
 1 APPPATH\Controllers\ReportsController.php(111): CodeIgniter\Model->__call('gen_cc', [...])
 2 SYSTEMPATH\CodeIgniter.php(933): App\Controllers\ReportsController->gen_result()
 3 SYSTEMPATH\CodeIgniter.php(507): CodeIgniter\CodeIgniter->runController(Object(App\Controllers\ReportsController))
 4 SYSTEMPATH\CodeIgniter.php(354): CodeIgniter\CodeIgniter->handleRequest(null, Object(Config\Cache), false)
 5 SYSTEMPATH\Boot.php(334): CodeIgniter\CodeIgniter->run()
 6 SYSTEMPATH\Boot.php(67): CodeIgniter\Boot::runCodeIgniter(Object(CodeIgniter\CodeIgniter))
 7 FCPATH\index.php(56): CodeIgniter\Boot::bootWeb(Object(Config\Paths))
DEBUG - 2025-04-02 07:19:04 --> Session: Class initialized using 'CodeIgniter\Session\Handlers\FileHandler' driver.
DEBUG - 2025-04-02 07:19:04 --> Session: Class initialized using 'CodeIgniter\Session\Handlers\FileHandler' driver.
CRITICAL - 2025-04-02 07:19:04 --> Error: Call to undefined method CodeIgniter\Database\MySQLi\Connection::select()
[Method: POST, Route: reports/gen_result]
in APPPATH\Models\ReportsModel.php on line 694.
 1 APPPATH\Controllers\ReportsController.php(111): App\Models\ReportsModel->gen_cc([...])
 2 SYSTEMPATH\CodeIgniter.php(933): App\Controllers\ReportsController->gen_result()
 3 SYSTEMPATH\CodeIgniter.php(507): CodeIgniter\CodeIgniter->runController(Object(App\Controllers\ReportsController))
 4 SYSTEMPATH\CodeIgniter.php(354): CodeIgniter\CodeIgniter->handleRequest(null, Object(Config\Cache), false)
 5 SYSTEMPATH\Boot.php(334): CodeIgniter\CodeIgniter->run()
 6 SYSTEMPATH\Boot.php(67): CodeIgniter\Boot::runCodeIgniter(Object(CodeIgniter\CodeIgniter))
 7 FCPATH\index.php(56): CodeIgniter\Boot::bootWeb(Object(Config\Paths))
DEBUG - 2025-04-02 07:21:06 --> Session: Class initialized using 'CodeIgniter\Session\Handlers\FileHandler' driver.
DEBUG - 2025-04-02 07:21:06 --> Session: Class initialized using 'CodeIgniter\Session\Handlers\FileHandler' driver.
CRITICAL - 2025-04-02 07:21:06 --> Error: Call to undefined method CodeIgniter\Database\MySQLi\Connection::select()
[Method: POST, Route: reports/gen_result]
in APPPATH\Models\ReportsModel.php on line 694.
 1 APPPATH\Controllers\ReportsController.php(111): App\Models\ReportsModel->gen_cc([...])
 2 SYSTEMPATH\CodeIgniter.php(933): App\Controllers\ReportsController->gen_result()
 3 SYSTEMPATH\CodeIgniter.php(507): CodeIgniter\CodeIgniter->runController(Object(App\Controllers\ReportsController))
 4 SYSTEMPATH\CodeIgniter.php(354): CodeIgniter\CodeIgniter->handleRequest(null, Object(Config\Cache), false)
 5 SYSTEMPATH\Boot.php(334): CodeIgniter\CodeIgniter->run()
 6 SYSTEMPATH\Boot.php(67): CodeIgniter\Boot::runCodeIgniter(Object(CodeIgniter\CodeIgniter))
 7 FCPATH\index.php(56): CodeIgniter\Boot::bootWeb(Object(Config\Paths))
DEBUG - 2025-04-02 07:21:27 --> Session: Class initialized using 'CodeIgniter\Session\Handlers\FileHandler' driver.
DEBUG - 2025-04-02 07:21:28 --> Session: Class initialized using 'CodeIgniter\Session\Handlers\FileHandler' driver.
CRITICAL - 2025-04-02 07:21:28 --> Error: Call to undefined method CodeIgniter\Database\MySQLi\Connection::select()
[Method: POST, Route: reports/gen_result]
in APPPATH\Models\ReportsModel.php on line 694.
 1 APPPATH\Controllers\ReportsController.php(111): App\Models\ReportsModel->gen_cc([...])
 2 SYSTEMPATH\CodeIgniter.php(933): App\Controllers\ReportsController->gen_result()
 3 SYSTEMPATH\CodeIgniter.php(507): CodeIgniter\CodeIgniter->runController(Object(App\Controllers\ReportsController))
 4 SYSTEMPATH\CodeIgniter.php(354): CodeIgniter\CodeIgniter->handleRequest(null, Object(Config\Cache), false)
 5 SYSTEMPATH\Boot.php(334): CodeIgniter\CodeIgniter->run()
 6 SYSTEMPATH\Boot.php(67): CodeIgniter\Boot::runCodeIgniter(Object(CodeIgniter\CodeIgniter))
 7 FCPATH\index.php(56): CodeIgniter\Boot::bootWeb(Object(Config\Paths))
DEBUG - 2025-04-02 07:22:35 --> Session: Class initialized using 'CodeIgniter\Session\Handlers\FileHandler' driver.
DEBUG - 2025-04-02 07:22:35 --> Session: Class initialized using 'CodeIgniter\Session\Handlers\FileHandler' driver.
CRITICAL - 2025-04-02 07:22:35 --> CodeIgniter\Exceptions\BadMethodCallException: Call to undefined method App\Models\ReportsModel::gen_sqd
[Method: POST, Route: reports/gen_result]
in SYSTEMPATH\Model.php on line 930.
 1 APPPATH\Controllers\ReportsController.php(112): CodeIgniter\Model->__call('gen_sqd', [...])
 2 SYSTEMPATH\CodeIgniter.php(933): App\Controllers\ReportsController->gen_result()
 3 SYSTEMPATH\CodeIgniter.php(507): CodeIgniter\CodeIgniter->runController(Object(App\Controllers\ReportsController))
 4 SYSTEMPATH\CodeIgniter.php(354): CodeIgniter\CodeIgniter->handleRequest(null, Object(Config\Cache), false)
 5 SYSTEMPATH\Boot.php(334): CodeIgniter\CodeIgniter->run()
 6 SYSTEMPATH\Boot.php(67): CodeIgniter\Boot::runCodeIgniter(Object(CodeIgniter\CodeIgniter))
 7 FCPATH\index.php(56): CodeIgniter\Boot::bootWeb(Object(Config\Paths))
DEBUG - 2025-04-02 07:23:35 --> Session: Class initialized using 'CodeIgniter\Session\Handlers\FileHandler' driver.
DEBUG - 2025-04-02 07:23:36 --> Session: Class initialized using 'CodeIgniter\Session\Handlers\FileHandler' driver.
DEBUG - 2025-04-02 07:23:50 --> Session: Class initialized using 'CodeIgniter\Session\Handlers\FileHandler' driver.
DEBUG - 2025-04-02 07:23:53 --> Session: Class initialized using 'CodeIgniter\Session\Handlers\FileHandler' driver.
DEBUG - 2025-04-02 07:23:56 --> Session: Class initialized using 'CodeIgniter\Session\Handlers\FileHandler' driver.
DEBUG - 2025-04-02 07:24:00 --> Session: Class initialized using 'CodeIgniter\Session\Handlers\FileHandler' driver.
DEBUG - 2025-04-02 07:24:02 --> Session: Class initialized using 'CodeIgniter\Session\Handlers\FileHandler' driver.
DEBUG - 2025-04-02 07:24:27 --> Session: Class initialized using 'CodeIgniter\Session\Handlers\FileHandler' driver.
DEBUG - 2025-04-02 07:24:36 --> Session: Class initialized using 'CodeIgniter\Session\Handlers\FileHandler' driver.
DEBUG - 2025-04-02 07:24:39 --> Session: Class initialized using 'CodeIgniter\Session\Handlers\FileHandler' driver.
DEBUG - 2025-04-02 07:24:41 --> Session: Class initialized using 'CodeIgniter\Session\Handlers\FileHandler' driver.
DEBUG - 2025-04-02 07:25:16 --> Session: Class initialized using 'CodeIgniter\Session\Handlers\FileHandler' driver.
DEBUG - 2025-04-02 07:25:19 --> Session: Class initialized using 'CodeIgniter\Session\Handlers\FileHandler' driver.
DEBUG - 2025-04-02 07:25:20 --> Session: Class initialized using 'CodeIgniter\Session\Handlers\FileHandler' driver.
DEBUG - 2025-04-02 07:25:24 --> Session: Class initialized using 'CodeIgniter\Session\Handlers\FileHandler' driver.
DEBUG - 2025-04-02 07:25:27 --> Session: Class initialized using 'CodeIgniter\Session\Handlers\FileHandler' driver.
DEBUG - 2025-04-02 07:25:32 --> Session: Class initialized using 'CodeIgniter\Session\Handlers\FileHandler' driver.
DEBUG - 2025-04-02 07:32:14 --> Session: Class initialized using 'CodeIgniter\Session\Handlers\FileHandler' driver.
DEBUG - 2025-04-02 07:32:15 --> Session: Class initialized using 'CodeIgniter\Session\Handlers\FileHandler' driver.
DEBUG - 2025-04-02 07:33:07 --> Session: Class initialized using 'CodeIgniter\Session\Handlers\FileHandler' driver.
DEBUG - 2025-04-02 07:33:07 --> Session: Class initialized using 'CodeIgniter\Session\Handlers\FileHandler' driver.
DEBUG - 2025-04-02 07:33:44 --> Session: Class initialized using 'CodeIgniter\Session\Handlers\FileHandler' driver.
DEBUG - 2025-04-02 07:33:44 --> Session: Class initialized using 'CodeIgniter\Session\Handlers\FileHandler' driver.
DEBUG - 2025-04-02 07:34:05 --> Session: Class initialized using 'CodeIgniter\Session\Handlers\FileHandler' driver.
DEBUG - 2025-04-02 07:34:50 --> Session: Class initialized using 'CodeIgniter\Session\Handlers\FileHandler' driver.
DEBUG - 2025-04-02 07:34:50 --> Session: Class initialized using 'CodeIgniter\Session\Handlers\FileHandler' driver.
DEBUG - 2025-04-02 07:34:52 --> Session: Class initialized using 'CodeIgniter\Session\Handlers\FileHandler' driver.
DEBUG - 2025-04-02 07:34:56 --> Session: Class initialized using 'CodeIgniter\Session\Handlers\FileHandler' driver.
DEBUG - 2025-04-02 07:36:14 --> Session: Class initialized using 'CodeIgniter\Session\Handlers\FileHandler' driver.
DEBUG - 2025-04-02 07:42:25 --> Session: Class initialized using 'CodeIgniter\Session\Handlers\FileHandler' driver.
DEBUG - 2025-04-02 07:43:00 --> Session: Class initialized using 'CodeIgniter\Session\Handlers\FileHandler' driver.
DEBUG - 2025-04-02 07:43:04 --> Session: Class initialized using 'CodeIgniter\Session\Handlers\FileHandler' driver.
DEBUG - 2025-04-02 07:45:14 --> Session: Class initialized using 'CodeIgniter\Session\Handlers\FileHandler' driver.
DEBUG - 2025-04-02 07:45:55 --> Session: Class initialized using 'CodeIgniter\Session\Handlers\FileHandler' driver.
DEBUG - 2025-04-02 07:46:09 --> Session: Class initialized using 'CodeIgniter\Session\Handlers\FileHandler' driver.
DEBUG - 2025-04-02 07:47:13 --> Session: Class initialized using 'CodeIgniter\Session\Handlers\FileHandler' driver.
DEBUG - 2025-04-02 07:47:20 --> Session: Class initialized using 'CodeIgniter\Session\Handlers\FileHandler' driver.
DEBUG - 2025-04-02 07:48:02 --> Session: Class initialized using 'CodeIgniter\Session\Handlers\FileHandler' driver.
DEBUG - 2025-04-02 07:48:09 --> Session: Class initialized using 'CodeIgniter\Session\Handlers\FileHandler' driver.
DEBUG - 2025-04-02 07:48:21 --> Session: Class initialized using 'CodeIgniter\Session\Handlers\FileHandler' driver.
DEBUG - 2025-04-02 07:48:38 --> Session: Class initialized using 'CodeIgniter\Session\Handlers\FileHandler' driver.
DEBUG - 2025-04-02 07:48:46 --> Session: Class initialized using 'CodeIgniter\Session\Handlers\FileHandler' driver.
DEBUG - 2025-04-02 07:49:02 --> Session: Class initialized using 'CodeIgniter\Session\Handlers\FileHandler' driver.
DEBUG - 2025-04-02 07:49:11 --> Session: Class initialized using 'CodeIgniter\Session\Handlers\FileHandler' driver.
DEBUG - 2025-04-02 07:49:34 --> Session: Class initialized using 'CodeIgniter\Session\Handlers\FileHandler' driver.
DEBUG - 2025-04-02 07:49:39 --> Session: Class initialized using 'CodeIgniter\Session\Handlers\FileHandler' driver.
DEBUG - 2025-04-02 07:49:54 --> Session: Class initialized using 'CodeIgniter\Session\Handlers\FileHandler' driver.
DEBUG - 2025-04-02 07:50:13 --> Session: Class initialized using 'CodeIgniter\Session\Handlers\FileHandler' driver.
DEBUG - 2025-04-02 07:50:24 --> Session: Class initialized using 'CodeIgniter\Session\Handlers\FileHandler' driver.
DEBUG - 2025-04-02 07:50:42 --> Session: Class initialized using 'CodeIgniter\Session\Handlers\FileHandler' driver.
DEBUG - 2025-04-02 07:51:05 --> Session: Class initialized using 'CodeIgniter\Session\Handlers\FileHandler' driver.
DEBUG - 2025-04-02 07:51:24 --> Session: Class initialized using 'CodeIgniter\Session\Handlers\FileHandler' driver.
DEBUG - 2025-04-02 07:51:30 --> Session: Class initialized using 'CodeIgniter\Session\Handlers\FileHandler' driver.
DEBUG - 2025-04-02 07:51:45 --> Session: Class initialized using 'CodeIgniter\Session\Handlers\FileHandler' driver.
DEBUG - 2025-04-02 07:51:59 --> Session: Class initialized using 'CodeIgniter\Session\Handlers\FileHandler' driver.
DEBUG - 2025-04-02 07:52:11 --> Session: Class initialized using 'CodeIgniter\Session\Handlers\FileHandler' driver.
DEBUG - 2025-04-02 07:52:17 --> Session: Class initialized using 'CodeIgniter\Session\Handlers\FileHandler' driver.
DEBUG - 2025-04-02 07:52:23 --> Session: Class initialized using 'CodeIgniter\Session\Handlers\FileHandler' driver.
DEBUG - 2025-04-02 07:52:38 --> Session: Class initialized using 'CodeIgniter\Session\Handlers\FileHandler' driver.
DEBUG - 2025-04-02 07:52:59 --> Session: Class initialized using 'CodeIgniter\Session\Handlers\FileHandler' driver.
DEBUG - 2025-04-02 07:53:14 --> Session: Class initialized using 'CodeIgniter\Session\Handlers\FileHandler' driver.
DEBUG - 2025-04-02 07:57:17 --> Session: Class initialized using 'CodeIgniter\Session\Handlers\FileHandler' driver.
DEBUG - 2025-04-02 17:16:27 --> Session: Class initialized using 'CodeIgniter\Session\Handlers\FileHandler' driver.
ERROR - 2025-04-02 17:16:27 --> Error connecting to the database: mysqli_sql_exception: Unknown database 'dbcssv3' in C:\xampp\htdocs\dostx_css\system\Database\MySQLi\Connection.php:201
Stack trace:
#0 C:\xampp\htdocs\dostx_css\system\Database\MySQLi\Connection.php(201): mysqli->real_connect('localhost', 'root', Object(SensitiveParameterValue), 'dbcssv3', 3306, '', 0)
#1 C:\xampp\htdocs\dostx_css\system\Database\BaseConnection.php(421): CodeIgniter\Database\MySQLi\Connection->connect(false)
#2 C:\xampp\htdocs\dostx_css\system\Database\BaseConnection.php(620): CodeIgniter\Database\BaseConnection->initialize()
#3 C:\xampp\htdocs\dostx_css\system\Database\BaseBuilder.php(1649): CodeIgniter\Database\BaseConnection->query('SELECT *\nFROM `...', Array, false)
#4 C:\xampp\htdocs\dostx_css\app\Models\SurveyModel.php(31): CodeIgniter\Database\BaseBuilder->get()
#5 C:\xampp\htdocs\dostx_css\app\Controllers\SurveyController.php(25): App\Models\SurveyModel->get_services(Array)
#6 C:\xampp\htdocs\dostx_css\system\CodeIgniter.php(933): App\Controllers\SurveyController->external()
#7 C:\xampp\htdocs\dostx_css\system\CodeIgniter.php(507): CodeIgniter\CodeIgniter->runController(Object(App\Controllers\SurveyController))
#8 C:\xampp\htdocs\dostx_css\system\CodeIgniter.php(354): CodeIgniter\CodeIgniter->handleRequest(NULL, Object(Config\Cache), false)
#9 C:\xampp\htdocs\dostx_css\system\Boot.php(334): CodeIgniter\CodeIgniter->run()
#10 C:\xampp\htdocs\dostx_css\system\Boot.php(67): CodeIgniter\Boot::runCodeIgniter(Object(CodeIgniter\CodeIgniter))
#11 C:\xampp\htdocs\dostx_css\index.php(56): CodeIgniter\Boot::bootWeb(Object(Config\Paths))
#12 {main}

Next CodeIgniter\Database\Exceptions\DatabaseException: Unknown database 'dbcssv3' in C:\xampp\htdocs\dostx_css\system\Database\MySQLi\Connection.php:246
Stack trace:
#0 C:\xampp\htdocs\dostx_css\system\Database\BaseConnection.php(421): CodeIgniter\Database\MySQLi\Connection->connect(false)
#1 C:\xampp\htdocs\dostx_css\system\Database\BaseConnection.php(620): CodeIgniter\Database\BaseConnection->initialize()
#2 C:\xampp\htdocs\dostx_css\system\Database\BaseBuilder.php(1649): CodeIgniter\Database\BaseConnection->query('SELECT *\nFROM `...', Array, false)
#3 C:\xampp\htdocs\dostx_css\app\Models\SurveyModel.php(31): CodeIgniter\Database\BaseBuilder->get()
#4 C:\xampp\htdocs\dostx_css\app\Controllers\SurveyController.php(25): App\Models\SurveyModel->get_services(Array)
#5 C:\xampp\htdocs\dostx_css\system\CodeIgniter.php(933): App\Controllers\SurveyController->external()
#6 C:\xampp\htdocs\dostx_css\system\CodeIgniter.php(507): CodeIgniter\CodeIgniter->runController(Object(App\Controllers\SurveyController))
#7 C:\xampp\htdocs\dostx_css\system\CodeIgniter.php(354): CodeIgniter\CodeIgniter->handleRequest(NULL, Object(Config\Cache), false)
#8 C:\xampp\htdocs\dostx_css\system\Boot.php(334): CodeIgniter\CodeIgniter->run()
#9 C:\xampp\htdocs\dostx_css\system\Boot.php(67): CodeIgniter\Boot::runCodeIgniter(Object(CodeIgniter\CodeIgniter))
#10 C:\xampp\htdocs\dostx_css\index.php(56): CodeIgniter\Boot::bootWeb(Object(Config\Paths))
#11 {main}
CRITICAL - 2025-04-02 17:16:27 --> CodeIgniter\Database\Exceptions\DatabaseException: Unable to connect to the database.
Main connection [MySQLi]: Unknown database 'dbcssv3'
[Method: GET, Route: survey/external]
in SYSTEMPATH\Database\BaseConnection.php on line 467.
 1 SYSTEMPATH\Database\BaseConnection.php(620): CodeIgniter\Database\BaseConnection->initialize()
 2 SYSTEMPATH\Database\BaseBuilder.php(1649): CodeIgniter\Database\BaseConnection->query('SELECT *
FROM `tblservices`
WHERE `is_active` = :is_active:
AND `is_external` = :is_external:
ORDER BY `unit` ASC, `name` ASC', [...], false)
 3 APPPATH\Models\SurveyModel.php(31): CodeIgniter\Database\BaseBuilder->get()
 4 APPPATH\Controllers\SurveyController.php(25): App\Models\SurveyModel->get_services([...])
 5 SYSTEMPATH\CodeIgniter.php(933): App\Controllers\SurveyController->external()
 6 SYSTEMPATH\CodeIgniter.php(507): CodeIgniter\CodeIgniter->runController(Object(App\Controllers\SurveyController))
 7 SYSTEMPATH\CodeIgniter.php(354): CodeIgniter\CodeIgniter->handleRequest(null, Object(Config\Cache), false)
 8 SYSTEMPATH\Boot.php(334): CodeIgniter\CodeIgniter->run()
 9 SYSTEMPATH\Boot.php(67): CodeIgniter\Boot::runCodeIgniter(Object(CodeIgniter\CodeIgniter))
10 FCPATH\index.php(56): CodeIgniter\Boot::bootWeb(Object(Config\Paths))
DEBUG - 2025-04-02 17:16:53 --> Session: Class initialized using 'CodeIgniter\Session\Handlers\FileHandler' driver.
ERROR - 2025-04-02 17:16:53 --> mysqli_sql_exception: Table 'dbcssv3.tblservices' doesn't exist in C:\xampp\htdocs\dostx_css\system\Database\MySQLi\Connection.php:327
Stack trace:
#0 C:\xampp\htdocs\dostx_css\system\Database\MySQLi\Connection.php(327): mysqli->query('SELECT *\nFROM `...', 0)
#1 C:\xampp\htdocs\dostx_css\system\Database\BaseConnection.php(738): CodeIgniter\Database\MySQLi\Connection->execute('SELECT *\nFROM `...')
#2 C:\xampp\htdocs\dostx_css\system\Database\BaseConnection.php(652): CodeIgniter\Database\BaseConnection->simpleQuery('SELECT *\nFROM `...')
#3 C:\xampp\htdocs\dostx_css\system\Database\BaseBuilder.php(1649): CodeIgniter\Database\BaseConnection->query('SELECT *\nFROM `...', Array, false)
#4 C:\xampp\htdocs\dostx_css\app\Models\SurveyModel.php(31): CodeIgniter\Database\BaseBuilder->get()
#5 C:\xampp\htdocs\dostx_css\app\Controllers\SurveyController.php(25): App\Models\SurveyModel->get_services(Array)
#6 C:\xampp\htdocs\dostx_css\system\CodeIgniter.php(933): App\Controllers\SurveyController->external()
#7 C:\xampp\htdocs\dostx_css\system\CodeIgniter.php(507): CodeIgniter\CodeIgniter->runController(Object(App\Controllers\SurveyController))
#8 C:\xampp\htdocs\dostx_css\system\CodeIgniter.php(354): CodeIgniter\CodeIgniter->handleRequest(NULL, Object(Config\Cache), false)
#9 C:\xampp\htdocs\dostx_css\system\Boot.php(334): CodeIgniter\CodeIgniter->run()
#10 C:\xampp\htdocs\dostx_css\system\Boot.php(67): CodeIgniter\Boot::runCodeIgniter(Object(CodeIgniter\CodeIgniter))
#11 C:\xampp\htdocs\dostx_css\index.php(56): CodeIgniter\Boot::bootWeb(Object(Config\Paths))
#12 {main}
CRITICAL - 2025-04-02 17:16:53 --> CodeIgniter\Database\Exceptions\DatabaseException: Table 'dbcssv3.tblservices' doesn't exist
[Method: GET, Route: survey/external]
in SYSTEMPATH\Database\BaseConnection.php on line 692.
 1 SYSTEMPATH\Database\BaseBuilder.php(1649): CodeIgniter\Database\BaseConnection->query('SELECT *
FROM `tblservices`
WHERE `is_active` = :is_active:
AND `is_external` = :is_external:
ORDER BY `unit` ASC, `name` ASC', [...], false)
 2 APPPATH\Models\SurveyModel.php(31): CodeIgniter\Database\BaseBuilder->get()
 3 APPPATH\Controllers\SurveyController.php(25): App\Models\SurveyModel->get_services([...])
 4 SYSTEMPATH\CodeIgniter.php(933): App\Controllers\SurveyController->external()
 5 SYSTEMPATH\CodeIgniter.php(507): CodeIgniter\CodeIgniter->runController(Object(App\Controllers\SurveyController))
 6 SYSTEMPATH\CodeIgniter.php(354): CodeIgniter\CodeIgniter->handleRequest(null, Object(Config\Cache), false)
 7 SYSTEMPATH\Boot.php(334): CodeIgniter\CodeIgniter->run()
 8 SYSTEMPATH\Boot.php(67): CodeIgniter\Boot::runCodeIgniter(Object(CodeIgniter\CodeIgniter))
 9 FCPATH\index.php(56): CodeIgniter\Boot::bootWeb(Object(Config\Paths))
CRITICAL - 2025-04-02 17:16:53 --> [Caused by] CodeIgniter\Database\Exceptions\DatabaseException: Table 'dbcssv3.tblservices' doesn't exist
in SYSTEMPATH\Database\MySQLi\Connection.php on line 332.
 1 SYSTEMPATH\Database\BaseConnection.php(738): CodeIgniter\Database\MySQLi\Connection->execute('SELECT *
FROM `tblservices`
WHERE `is_active` = 1
AND `is_external` = 1
ORDER BY `unit` ASC, `name` ASC')
 2 SYSTEMPATH\Database\BaseConnection.php(652): CodeIgniter\Database\BaseConnection->simpleQuery('SELECT *
FROM `tblservices`
WHERE `is_active` = 1
AND `is_external` = 1
ORDER BY `unit` ASC, `name` ASC')
 3 SYSTEMPATH\Database\BaseBuilder.php(1649): CodeIgniter\Database\BaseConnection->query('SELECT *
FROM `tblservices`
WHERE `is_active` = :is_active:
AND `is_external` = :is_external:
ORDER BY `unit` ASC, `name` ASC', [...], false)
 4 APPPATH\Models\SurveyModel.php(31): CodeIgniter\Database\BaseBuilder->get()
 5 APPPATH\Controllers\SurveyController.php(25): App\Models\SurveyModel->get_services([...])
 6 SYSTEMPATH\CodeIgniter.php(933): App\Controllers\SurveyController->external()
 7 SYSTEMPATH\CodeIgniter.php(507): CodeIgniter\CodeIgniter->runController(Object(App\Controllers\SurveyController))
 8 SYSTEMPATH\CodeIgniter.php(354): CodeIgniter\CodeIgniter->handleRequest(null, Object(Config\Cache), false)
 9 SYSTEMPATH\Boot.php(334): CodeIgniter\CodeIgniter->run()
10 SYSTEMPATH\Boot.php(67): CodeIgniter\Boot::runCodeIgniter(Object(CodeIgniter\CodeIgniter))
11 FCPATH\index.php(56): CodeIgniter\Boot::bootWeb(Object(Config\Paths))
CRITICAL - 2025-04-02 17:16:53 --> [Caused by] mysqli_sql_exception: Table 'dbcssv3.tblservices' doesn't exist
in SYSTEMPATH\Database\MySQLi\Connection.php on line 327.
 1 SYSTEMPATH\Database\MySQLi\Connection.php(327): mysqli->query('SELECT *
FROM `tblservices`
WHERE `is_active` = 1
AND `is_external` = 1
ORDER BY `unit` ASC, `name` ASC', 0)
 2 SYSTEMPATH\Database\BaseConnection.php(738): CodeIgniter\Database\MySQLi\Connection->execute('SELECT *
FROM `tblservices`
WHERE `is_active` = 1
AND `is_external` = 1
ORDER BY `unit` ASC, `name` ASC')
 3 SYSTEMPATH\Database\BaseConnection.php(652): CodeIgniter\Database\BaseConnection->simpleQuery('SELECT *
FROM `tblservices`
WHERE `is_active` = 1
AND `is_external` = 1
ORDER BY `unit` ASC, `name` ASC')
 4 SYSTEMPATH\Database\BaseBuilder.php(1649): CodeIgniter\Database\BaseConnection->query('SELECT *
FROM `tblservices`
WHERE `is_active` = :is_active:
AND `is_external` = :is_external:
ORDER BY `unit` ASC, `name` ASC', [...], false)
 5 APPPATH\Models\SurveyModel.php(31): CodeIgniter\Database\BaseBuilder->get()
 6 APPPATH\Controllers\SurveyController.php(25): App\Models\SurveyModel->get_services([...])
 7 SYSTEMPATH\CodeIgniter.php(933): App\Controllers\SurveyController->external()
 8 SYSTEMPATH\CodeIgniter.php(507): CodeIgniter\CodeIgniter->runController(Object(App\Controllers\SurveyController))
 9 SYSTEMPATH\CodeIgniter.php(354): CodeIgniter\CodeIgniter->handleRequest(null, Object(Config\Cache), false)
10 SYSTEMPATH\Boot.php(334): CodeIgniter\CodeIgniter->run()
11 SYSTEMPATH\Boot.php(67): CodeIgniter\Boot::runCodeIgniter(Object(CodeIgniter\CodeIgniter))
12 FCPATH\index.php(56): CodeIgniter\Boot::bootWeb(Object(Config\Paths))
DEBUG - 2025-04-02 17:17:40 --> Session: Class initialized using 'CodeIgniter\Session\Handlers\FileHandler' driver.
DEBUG - 2025-04-02 17:17:56 --> Session: Class initialized using 'CodeIgniter\Session\Handlers\FileHandler' driver.
DEBUG - 2025-04-02 17:17:59 --> Session: Class initialized using 'CodeIgniter\Session\Handlers\FileHandler' driver.
DEBUG - 2025-04-02 17:18:11 --> Session: Class initialized using 'CodeIgniter\Session\Handlers\FileHandler' driver.
DEBUG - 2025-04-02 17:18:14 --> Session: Class initialized using 'CodeIgniter\Session\Handlers\FileHandler' driver.
DEBUG - 2025-04-02 17:18:44 --> Session: Class initialized using 'CodeIgniter\Session\Handlers\FileHandler' driver.
DEBUG - 2025-04-02 17:19:18 --> Session: Class initialized using 'CodeIgniter\Session\Handlers\FileHandler' driver.
DEBUG - 2025-04-02 17:19:53 --> Session: Class initialized using 'CodeIgniter\Session\Handlers\FileHandler' driver.
DEBUG - 2025-04-02 17:20:56 --> Session: Class initialized using 'CodeIgniter\Session\Handlers\FileHandler' driver.
DEBUG - 2025-04-02 17:21:09 --> Session: Class initialized using 'CodeIgniter\Session\Handlers\FileHandler' driver.
DEBUG - 2025-04-02 17:22:11 --> Session: Class initialized using 'CodeIgniter\Session\Handlers\FileHandler' driver.
DEBUG - 2025-04-02 17:22:16 --> Session: Class initialized using 'CodeIgniter\Session\Handlers\FileHandler' driver.
DEBUG - 2025-04-02 17:22:22 --> Session: Class initialized using 'CodeIgniter\Session\Handlers\FileHandler' driver.
DEBUG - 2025-04-02 17:22:29 --> Session: Class initialized using 'CodeIgniter\Session\Handlers\FileHandler' driver.
DEBUG - 2025-04-02 17:22:35 --> Session: Class initialized using 'CodeIgniter\Session\Handlers\FileHandler' driver.
DEBUG - 2025-04-02 17:22:41 --> Session: Class initialized using 'CodeIgniter\Session\Handlers\FileHandler' driver.
DEBUG - 2025-04-02 17:23:33 --> Session: Class initialized using 'CodeIgniter\Session\Handlers\FileHandler' driver.
DEBUG - 2025-04-02 17:23:48 --> Session: Class initialized using 'CodeIgniter\Session\Handlers\FileHandler' driver.
DEBUG - 2025-04-02 17:24:04 --> Session: Class initialized using 'CodeIgniter\Session\Handlers\FileHandler' driver.
DEBUG - 2025-04-02 17:24:51 --> Session: Class initialized using 'CodeIgniter\Session\Handlers\FileHandler' driver.
DEBUG - 2025-04-02 17:24:54 --> Session: Class initialized using 'CodeIgniter\Session\Handlers\FileHandler' driver.
DEBUG - 2025-04-02 17:24:56 --> Session: Class initialized using 'CodeIgniter\Session\Handlers\FileHandler' driver.
DEBUG - 2025-04-02 17:24:59 --> Session: Class initialized using 'CodeIgniter\Session\Handlers\FileHandler' driver.
DEBUG - 2025-04-02 17:25:01 --> Session: Class initialized using 'CodeIgniter\Session\Handlers\FileHandler' driver.
DEBUG - 2025-04-02 17:25:03 --> Session: Class initialized using 'CodeIgniter\Session\Handlers\FileHandler' driver.
DEBUG - 2025-04-02 17:25:56 --> Session: Class initialized using 'CodeIgniter\Session\Handlers\FileHandler' driver.
DEBUG - 2025-04-02 17:26:26 --> Session: Class initialized using 'CodeIgniter\Session\Handlers\FileHandler' driver.
DEBUG - 2025-04-02 17:27:09 --> Session: Class initialized using 'CodeIgniter\Session\Handlers\FileHandler' driver.
DEBUG - 2025-04-02 17:27:44 --> Session: Class initialized using 'CodeIgniter\Session\Handlers\FileHandler' driver.
DEBUG - 2025-04-02 17:27:56 --> Session: Class initialized using 'CodeIgniter\Session\Handlers\FileHandler' driver.
DEBUG - 2025-04-02 17:29:00 --> Session: Class initialized using 'CodeIgniter\Session\Handlers\FileHandler' driver.
DEBUG - 2025-04-02 17:29:07 --> Session: Class initialized using 'CodeIgniter\Session\Handlers\FileHandler' driver.
DEBUG - 2025-04-02 17:29:21 --> Session: Class initialized using 'CodeIgniter\Session\Handlers\FileHandler' driver.
DEBUG - 2025-04-02 17:29:59 --> Session: Class initialized using 'CodeIgniter\Session\Handlers\FileHandler' driver.
DEBUG - 2025-04-02 17:30:08 --> Session: Class initialized using 'CodeIgniter\Session\Handlers\FileHandler' driver.
DEBUG - 2025-04-02 17:30:55 --> Session: Class initialized using 'CodeIgniter\Session\Handlers\FileHandler' driver.
DEBUG - 2025-04-02 17:31:21 --> Session: Class initialized using 'CodeIgniter\Session\Handlers\FileHandler' driver.
DEBUG - 2025-04-02 17:31:54 --> Session: Class initialized using 'CodeIgniter\Session\Handlers\FileHandler' driver.
DEBUG - 2025-04-02 17:32:23 --> Session: Class initialized using 'CodeIgniter\Session\Handlers\FileHandler' driver.
DEBUG - 2025-04-02 17:32:33 --> Session: Class initialized using 'CodeIgniter\Session\Handlers\FileHandler' driver.
DEBUG - 2025-04-02 17:32:38 --> Session: Class initialized using 'CodeIgniter\Session\Handlers\FileHandler' driver.
DEBUG - 2025-04-02 17:34:28 --> Session: Class initialized using 'CodeIgniter\Session\Handlers\FileHandler' driver.
DEBUG - 2025-04-02 17:34:45 --> Session: Class initialized using 'CodeIgniter\Session\Handlers\FileHandler' driver.
DEBUG - 2025-04-02 17:34:49 --> Session: Class initialized using 'CodeIgniter\Session\Handlers\FileHandler' driver.
DEBUG - 2025-04-02 17:35:19 --> Session: Class initialized using 'CodeIgniter\Session\Handlers\FileHandler' driver.
DEBUG - 2025-04-02 17:35:24 --> Session: Class initialized using 'CodeIgniter\Session\Handlers\FileHandler' driver.
DEBUG - 2025-04-02 17:35:29 --> Session: Class initialized using 'CodeIgniter\Session\Handlers\FileHandler' driver.
DEBUG - 2025-04-02 17:35:33 --> Session: Class initialized using 'CodeIgniter\Session\Handlers\FileHandler' driver.
DEBUG - 2025-04-02 17:35:54 --> Session: Class initialized using 'CodeIgniter\Session\Handlers\FileHandler' driver.
DEBUG - 2025-04-02 17:36:04 --> Session: Class initialized using 'CodeIgniter\Session\Handlers\FileHandler' driver.
DEBUG - 2025-04-02 17:36:27 --> Session: Class initialized using 'CodeIgniter\Session\Handlers\FileHandler' driver.
DEBUG - 2025-04-02 17:36:29 --> Session: Class initialized using 'CodeIgniter\Session\Handlers\FileHandler' driver.
DEBUG - 2025-04-02 17:36:30 --> Session: Class initialized using 'CodeIgniter\Session\Handlers\FileHandler' driver.
DEBUG - 2025-04-02 17:36:32 --> Session: Class initialized using 'CodeIgniter\Session\Handlers\FileHandler' driver.
DEBUG - 2025-04-02 17:36:39 --> Session: Class initialized using 'CodeIgniter\Session\Handlers\FileHandler' driver.
DEBUG - 2025-04-02 17:36:41 --> Session: Class initialized using 'CodeIgniter\Session\Handlers\FileHandler' driver.
DEBUG - 2025-04-02 17:36:49 --> Session: Class initialized using 'CodeIgniter\Session\Handlers\FileHandler' driver.
DEBUG - 2025-04-02 17:36:51 --> Session: Class initialized using 'CodeIgniter\Session\Handlers\FileHandler' driver.
DEBUG - 2025-04-02 17:38:21 --> Session: Class initialized using 'CodeIgniter\Session\Handlers\FileHandler' driver.
DEBUG - 2025-04-02 17:38:37 --> Session: Class initialized using 'CodeIgniter\Session\Handlers\FileHandler' driver.
DEBUG - 2025-04-02 17:38:41 --> Session: Class initialized using 'CodeIgniter\Session\Handlers\FileHandler' driver.
DEBUG - 2025-04-02 17:39:03 --> Session: Class initialized using 'CodeIgniter\Session\Handlers\FileHandler' driver.
DEBUG - 2025-04-02 17:39:30 --> Session: Class initialized using 'CodeIgniter\Session\Handlers\FileHandler' driver.
CRITICAL - 2025-04-02 17:39:30 --> ErrorException: Undefined array key "value"
[Method: POST, Route: survey/save]
in APPPATH\Controllers\SurveyController.php on line 67.
 1 APPPATH\Controllers\SurveyController.php(67): CodeIgniter\Debug\Exceptions->errorHandler(2, 'Undefined array key "value"', 'C:\\xampp\\htdocs\\dostx_css\\app\\Controllers\\SurveyController.php', 67)
 2 SYSTEMPATH\CodeIgniter.php(933): App\Controllers\SurveyController->save()
 3 SYSTEMPATH\CodeIgniter.php(507): CodeIgniter\CodeIgniter->runController(Object(App\Controllers\SurveyController))
 4 SYSTEMPATH\CodeIgniter.php(354): CodeIgniter\CodeIgniter->handleRequest(null, Object(Config\Cache), false)
 5 SYSTEMPATH\Boot.php(334): CodeIgniter\CodeIgniter->run()
 6 SYSTEMPATH\Boot.php(67): CodeIgniter\Boot::runCodeIgniter(Object(CodeIgniter\CodeIgniter))
 7 FCPATH\index.php(56): CodeIgniter\Boot::bootWeb(Object(Config\Paths))
DEBUG - 2025-04-02 17:40:04 --> Session: Class initialized using 'CodeIgniter\Session\Handlers\FileHandler' driver.
DEBUG - 2025-04-02 17:41:47 --> Session: Class initialized using 'CodeIgniter\Session\Handlers\FileHandler' driver.
DEBUG - 2025-04-02 17:41:52 --> Session: Class initialized using 'CodeIgniter\Session\Handlers\FileHandler' driver.
DEBUG - 2025-04-02 17:42:05 --> Session: Class initialized using 'CodeIgniter\Session\Handlers\FileHandler' driver.
DEBUG - 2025-04-02 17:42:14 --> Session: Class initialized using 'CodeIgniter\Session\Handlers\FileHandler' driver.
DEBUG - 2025-04-02 17:42:17 --> Session: Class initialized using 'CodeIgniter\Session\Handlers\FileHandler' driver.
DEBUG - 2025-04-02 17:42:27 --> Session: Class initialized using 'CodeIgniter\Session\Handlers\FileHandler' driver.
DEBUG - 2025-04-02 17:42:28 --> Session: Class initialized using 'CodeIgniter\Session\Handlers\FileHandler' driver.
DEBUG - 2025-04-02 17:42:37 --> Session: Class initialized using 'CodeIgniter\Session\Handlers\FileHandler' driver.
DEBUG - 2025-04-02 17:42:49 --> Session: Class initialized using 'CodeIgniter\Session\Handlers\FileHandler' driver.
DEBUG - 2025-04-02 17:42:57 --> Session: Class initialized using 'CodeIgniter\Session\Handlers\FileHandler' driver.
DEBUG - 2025-04-02 17:42:58 --> Session: Class initialized using 'CodeIgniter\Session\Handlers\FileHandler' driver.
DEBUG - 2025-04-02 17:43:00 --> Session: Class initialized using 'CodeIgniter\Session\Handlers\FileHandler' driver.
DEBUG - 2025-04-02 17:43:25 --> Session: Class initialized using 'CodeIgniter\Session\Handlers\FileHandler' driver.
DEBUG - 2025-04-02 17:43:25 --> Session: Class initialized using 'CodeIgniter\Session\Handlers\FileHandler' driver.
DEBUG - 2025-04-02 17:43:47 --> Session: Class initialized using 'CodeIgniter\Session\Handlers\FileHandler' driver.
DEBUG - 2025-04-02 17:43:50 --> Session: Class initialized using 'CodeIgniter\Session\Handlers\FileHandler' driver.
DEBUG - 2025-04-02 17:43:53 --> Session: Class initialized using 'CodeIgniter\Session\Handlers\FileHandler' driver.
DEBUG - 2025-04-02 17:43:59 --> Session: Class initialized using 'CodeIgniter\Session\Handlers\FileHandler' driver.
DEBUG - 2025-04-02 17:44:07 --> Session: Class initialized using 'CodeIgniter\Session\Handlers\FileHandler' driver.
DEBUG - 2025-04-02 17:44:09 --> Session: Class initialized using 'CodeIgniter\Session\Handlers\FileHandler' driver.
DEBUG - 2025-04-02 17:44:10 --> Session: Class initialized using 'CodeIgniter\Session\Handlers\FileHandler' driver.
DEBUG - 2025-04-02 17:44:11 --> Session: Class initialized using 'CodeIgniter\Session\Handlers\FileHandler' driver.
